{
  "BTC": {
    "funding_hr_pct": -0.00026413,
    "open_interest": 33136.2523,
    "cvd_total": -16573.64795,
    "cvd_12bars": -11028.084740000002,
    "long_short_ratio": null
  },
  "ETH": {
    "funding_hr_pct": -0.00017396,
    "open_interest": 740850.8194000005,
    "cvd_total": -205683.38819999993,
    "cvd_12bars": -52180.890400000004,
    "long_short_ratio": null
  }
}