{
  "BTC": {
    "funding_hr_pct": 0.00125,
    "open_interest": 28022.72582,
    "cvd_total": -1122.530139999997,
    "cvd_12bars": 443.19114000000013,
    "long_short_ratio": null
  },
  "ETH": {
    "funding_hr_pct": 0.00125,
    "open_interest": 611118.6940000001,
    "cvd_total": -57093.20580000004,
    "cvd_12bars": -8943.2828,
    "long_short_ratio": null
  }
}