{
  "BTC": {
    "funding_hr_pct": 0.00022726999999999998,
    "open_interest": 27397.94072,
    "cvd_total": 3416.4556099999995,
    "cvd_12bars": 570.0892799999999,
    "long_short_ratio": null
  },
  "ETH": {
    "funding_hr_pct": 0.00125,
    "open_interest": 568675.1795999997,
    "cvd_total": 62456.29490000001,
    "cvd_12bars": 7250.280599999997,
    "long_short_ratio": null
  }
}