{
  "BTC": {
    "funding_hr_pct": -4.724e-05,
    "open_interest": 24951.22186,
    "cvd_total": 9362.578279999992,
    "cvd_12bars": 3929.65463,
    "long_short_ratio": null
  },
  "ETH": {
    "funding_hr_pct": 0.00034336,
    "open_interest": 440563.6704,
    "cvd_total": 105552.73539999995,
    "cvd_12bars": 11359.531300000002,
    "long_short_ratio": null
  }
}