{
  "BTC": {
    "funding_hr_pct": 0.00125,
    "open_interest": 28053.14396,
    "cvd_total": 4864.130749999993,
    "cvd_12bars": -355.70263000000006,
    "long_short_ratio": null
  },
  "ETH": {
    "funding_hr_pct": 0.00061292,
    "open_interest": 588601.1190000001,
    "cvd_total": 102457.53000000006,
    "cvd_12bars": 1652.2254,
    "long_short_ratio": null
  }
}