{
  "BTC": {
    "funding_hr_pct": 0.00118999,
    "open_interest": 29267.36956,
    "cvd_total": -4710.886090000004,
    "cvd_12bars": -1120.3079000000002,
    "long_short_ratio": null
  },
  "ETH": {
    "funding_hr_pct": 0.00028805000000000004,
    "open_interest": 559623.4082,
    "cvd_total": -79918.82579999998,
    "cvd_12bars": -21750.8547,
    "long_short_ratio": null
  }
}