{
  "BTC": {
    "funding_hr_pct": -0.00024924999999999996,
    "open_interest": 27136.62368,
    "cvd_total": 919.3764300000007,
    "cvd_12bars": -491.85952000000003,
    "long_short_ratio": null
  },
  "ETH": {
    "funding_hr_pct": -0.0022865,
    "open_interest": 453630.9234000001,
    "cvd_total": -19478.565599999994,
    "cvd_12bars": -3311.8011,
    "long_short_ratio": null
  }
}