{
  "BTC": {
    "funding_hr_pct": 0.0004722,
    "open_interest": 27514.14994,
    "cvd_total": 2196.837210000002,
    "cvd_12bars": -1179.26676,
    "long_short_ratio": null
  },
  "ETH": {
    "funding_hr_pct": 0.00022608999999999997,
    "open_interest": 422761.6883999999,
    "cvd_total": -6426.739500000003,
    "cvd_12bars": 13324.3642,
    "long_short_ratio": null
  }
}