{
  "BTC": {
    "funding_hr_pct": 0.00044107,
    "open_interest": 30076.35362,
    "cvd_total": 2481.8729,
    "cvd_12bars": 524.6756799999999,
    "long_short_ratio": null
  },
  "ETH": {
    "funding_hr_pct": 0.00098673,
    "open_interest": 519109.8029999998,
    "cvd_total": 43350.05780000001,
    "cvd_12bars": 140.51120000000003,
    "long_short_ratio": null
  }
}