{
  "BTC": {
    "funding_hr_pct": -0.00055506,
    "open_interest": 28508.82996,
    "cvd_total": -1443.5281799999996,
    "cvd_12bars": 29.307799999999965,
    "long_short_ratio": null
  },
  "ETH": {
    "funding_hr_pct": 0.00081856,
    "open_interest": 554890.5266000001,
    "cvd_total": -4127.7364000000025,
    "cvd_12bars": -895.3236000000004,
    "long_short_ratio": null
  }
}