{
  "BTC": {
    "funding_hr_pct": -0.00150362,
    "open_interest": 28092.44626,
    "cvd_total": -4090.1804300000017,
    "cvd_12bars": 1381.95644,
    "long_short_ratio": null
  },
  "ETH": {
    "funding_hr_pct": 0.00125,
    "open_interest": 489777.3908,
    "cvd_total": -171507.05229999998,
    "cvd_12bars": 17065.503399999998,
    "long_short_ratio": null
  }
}