{
  "BTC": {
    "funding_hr_pct": -0.00020059,
    "open_interest": 31272.80382,
    "cvd_total": 5554.687260000005,
    "cvd_12bars": -600.7466000000001,
    "long_short_ratio": null
  },
  "ETH": {
    "funding_hr_pct": -0.00172509,
    "open_interest": 733037.4177999999,
    "cvd_total": 152613.76669999995,
    "cvd_12bars": 41377.9383,
    "long_short_ratio": null
  }
}