{
  "BTC": {
    "funding_hr_pct": 0.00125,
    "open_interest": 35254.8785999999,
    "cvd_total": 6874.821799999999,
    "cvd_12bars": 1890.3841500000003,
    "long_short_ratio": null
  },
  "ETH": {
    "funding_hr_pct": 0.00125,
    "open_interest": 772407.0370000007,
    "cvd_total": 92238.4954,
    "cvd_12bars": 8199.966199999999,
    "long_short_ratio": null
  }
}