{
  "BTC": {
    "funding_hr_pct": 0.00085485,
    "open_interest": 25609.7775,
    "cvd_total": -9961.947120000003,
    "cvd_12bars": -347.2843899999999,
    "long_short_ratio": null
  },
  "ETH": {
    "funding_hr_pct": -0.0027815599999999998,
    "open_interest": 573906.7061999999,
    "cvd_total": -134594.01419999998,
    "cvd_12bars": 4206.378900000004,
    "long_short_ratio": null
  }
}