{
  "BTC": {
    "funding_hr_pct": -0.00031383999999999996,
    "open_interest": 27586.50218,
    "cvd_total": -5203.721160000005,
    "cvd_12bars": 2366.2950800000003,
    "long_short_ratio": null
  },
  "ETH": {
    "funding_hr_pct": 0.00125,
    "open_interest": 580835.7626000001,
    "cvd_total": -74072.51020000003,
    "cvd_12bars": 92594.9238,
    "long_short_ratio": null
  }
}