{
  "BTC": {
    "funding_hr_pct": 0.00125,
    "open_interest": 36735.53726,
    "cvd_total": -3793.2759399999986,
    "cvd_12bars": -604.3613499999999,
    "long_short_ratio": null
  },
  "ETH": {
    "funding_hr_pct": 0.00125,
    "open_interest": 880550.2398000001,
    "cvd_total": -105835.65339999995,
    "cvd_12bars": -64275.96450000001,
    "long_short_ratio": null
  }
}