{
  "BTC": {
    "funding_hr_pct": 0.00125,
    "open_interest": 36394.4833,
    "cvd_total": 6988.277069999997,
    "cvd_12bars": 475.08130999999986,
    "long_short_ratio": null
  },
  "ETH": {
    "funding_hr_pct": 0.00125,
    "open_interest": 775365.3164000004,
    "cvd_total": 129265.24530000018,
    "cvd_12bars": -51740.562300000005,
    "long_short_ratio": null
  }
}