{
  "BTC": {
    "funding_hr_pct": 0.00125,
    "open_interest": 33470.91642,
    "cvd_total": 5402.673130000001,
    "cvd_12bars": 612.39627,
    "long_short_ratio": null
  },
  "ETH": {
    "funding_hr_pct": 0.00104909,
    "open_interest": 671264.4798000001,
    "cvd_total": 50535.30240000004,
    "cvd_12bars": 7801.677500000002,
    "long_short_ratio": null
  }
}