{
  "BTC": {
    "funding_hr_pct": -0.00063001,
    "open_interest": 34010.54504,
    "cvd_total": 631.809079999999,
    "cvd_12bars": 19.7379399999999,
    "long_short_ratio": null
  },
  "ETH": {
    "funding_hr_pct": -0.00067572,
    "open_interest": 712350.1565999996,
    "cvd_total": 64137.8642,
    "cvd_12bars": 1367.0633,
    "long_short_ratio": null
  }
}