{
  "BTC": {
    "funding_hr_pct": 0.00065919,
    "open_interest": 26328.34718,
    "cvd_total": 6005.86872,
    "cvd_12bars": 3251.6748299999995,
    "long_short_ratio": null
  },
  "ETH": {
    "funding_hr_pct": 0.00073453,
    "open_interest": 556462.6791999998,
    "cvd_total": -6601.375200000002,
    "cvd_12bars": 33386.6157,
    "long_short_ratio": null
  }
}