{
  "BTC": {
    "funding_hr_pct": -0.0008658899999999999,
    "open_interest": 33475.83978,
    "cvd_total": -1434.755200000001,
    "cvd_12bars": 395.06889999999987,
    "long_short_ratio": null
  },
  "ETH": {
    "funding_hr_pct": -0.00083078,
    "open_interest": 725058.2713999997,
    "cvd_total": 24107.62500000002,
    "cvd_12bars": 2289.808000000001,
    "long_short_ratio": null
  }
}