{
  "BTC": {
    "funding_hr_pct": -0.00231312,
    "open_interest": 28019.96832,
    "cvd_total": 21389.841299999993,
    "cvd_12bars": 1801.2946299999999,
    "long_short_ratio": null
  },
  "ETH": {
    "funding_hr_pct": -0.0036850700000000004,
    "open_interest": 571169.0199999993,
    "cvd_total": 237476.9654,
    "cvd_12bars": -19437.57650000001,
    "long_short_ratio": null
  }
}