{
  "BTC": {
    "funding_hr_pct": 0.0007542299999999999,
    "open_interest": 28219.99478,
    "cvd_total": 1919.0280799999996,
    "cvd_12bars": -137.05102999999986,
    "long_short_ratio": null
  },
  "ETH": {
    "funding_hr_pct": 0.00029361000000000003,
    "open_interest": 429424.0974,
    "cvd_total": -46293.22419999999,
    "cvd_12bars": -13205.553600000001,
    "long_short_ratio": null
  }
}