{
  "BTC": {
    "funding_hr_pct": 0.0005197,
    "open_interest": 25578.15146,
    "cvd_total": -5177.84388,
    "cvd_12bars": -525.51306,
    "long_short_ratio": null
  },
  "ETH": {
    "funding_hr_pct": -0.00048387,
    "open_interest": 563833.4880000004,
    "cvd_total": -52674.15329999998,
    "cvd_12bars": -3191.1935000000008,
    "long_short_ratio": null
  }
}