{
  "BTC": {
    "funding_hr_pct": -0.00097315,
    "open_interest": 27626.179,
    "cvd_total": 9355.487259999996,
    "cvd_12bars": 738.2420099999999,
    "long_short_ratio": null
  },
  "ETH": {
    "funding_hr_pct": 0.000368,
    "open_interest": 591912.3538,
    "cvd_total": -41892.1185,
    "cvd_12bars": -23867.176300000003,
    "long_short_ratio": null
  }
}