{
  "BTC": {
    "funding_hr_pct": -0.0015402800000000002,
    "open_interest": 25111.87526,
    "cvd_total": 8496.009249999997,
    "cvd_12bars": -45.68457000000011,
    "long_short_ratio": null
  },
  "ETH": {
    "funding_hr_pct": 0.00048777,
    "open_interest": 554030.0730000006,
    "cvd_total": 26684.464999999964,
    "cvd_12bars": -2203.8846999999987,
    "long_short_ratio": null
  }
}