{
  "BTC": {
    "funding_hr_pct": -0.00028045999999999995,
    "open_interest": 27430.90278,
    "cvd_total": 2700.4768699999972,
    "cvd_12bars": -509.14715999999993,
    "long_short_ratio": null
  },
  "ETH": {
    "funding_hr_pct": -0.0014722700000000001,
    "open_interest": 476622.3413999998,
    "cvd_total": -52399.540099999955,
    "cvd_12bars": 8265.7759,
    "long_short_ratio": null
  }
}