{
  "BTC": {
    "funding_hr_pct": 0.00125,
    "open_interest": 27996.90658,
    "cvd_total": 1332.9575199999997,
    "cvd_12bars": 374.63879000000003,
    "long_short_ratio": null
  },
  "ETH": {
    "funding_hr_pct": 0.00125,
    "open_interest": 592658.349,
    "cvd_total": 64562.507499999985,
    "cvd_12bars": 5271.501,
    "long_short_ratio": null
  }
}