{
  "BTC": {
    "funding_hr_pct": 0.00125,
    "open_interest": 27429.09828,
    "cvd_total": -4697.903489999996,
    "cvd_12bars": 161.61293000000003,
    "long_short_ratio": null
  },
  "ETH": {
    "funding_hr_pct": 0.00125,
    "open_interest": 574165.6781999996,
    "cvd_total": 29581.46830000003,
    "cvd_12bars": -5733.1323999999995,
    "long_short_ratio": null
  }
}