{
  "BTC": {
    "funding_hr_pct": 0.0011688999999999998,
    "open_interest": 27827.17406,
    "cvd_total": 3264.65729,
    "cvd_12bars": -415.24643,
    "long_short_ratio": null
  },
  "ETH": {
    "funding_hr_pct": 0.00125,
    "open_interest": 567821.5869999999,
    "cvd_total": 81539.9434,
    "cvd_12bars": -1771.7849000000008,
    "long_short_ratio": null
  }
}