{
  "BTC": {
    "funding_hr_pct": 0.00125,
    "open_interest": 34595.7911599999,
    "cvd_total": -158.78693000000106,
    "cvd_12bars": 838.06069,
    "long_short_ratio": null
  },
  "ETH": {
    "funding_hr_pct": -3.151e-05,
    "open_interest": 698163.4146000001,
    "cvd_total": 110286.5101,
    "cvd_12bars": 5071.8889,
    "long_short_ratio": null
  }
}