{
  "BTC": {
    "funding_hr_pct": -0.00156381,
    "open_interest": 30471.9842,
    "cvd_total": -444.2459900000007,
    "cvd_12bars": 827.5107599999999,
    "long_short_ratio": null
  },
  "ETH": {
    "funding_hr_pct": 0.00048271,
    "open_interest": 541235.9346,
    "cvd_total": 5389.929299999996,
    "cvd_12bars": 15170.8644,
    "long_short_ratio": null
  }
}