{
  "BTC": {
    "funding_hr_pct": 0.00125,
    "open_interest": 29477.67186,
    "cvd_total": 1551.451810000001,
    "cvd_12bars": 1268.9741300000003,
    "long_short_ratio": null
  },
  "ETH": {
    "funding_hr_pct": 0.00125,
    "open_interest": 625167.5995999997,
    "cvd_total": 122844.53539999998,
    "cvd_12bars": 568.8782999999999,
    "long_short_ratio": null
  }
}