{
  "BTC": {
    "funding_hr_pct": 0.00125,
    "open_interest": 37968.18762,
    "cvd_total": 1701.75206,
    "cvd_12bars": 2004.16211,
    "long_short_ratio": null
  },
  "ETH": {
    "funding_hr_pct": 0.00125,
    "open_interest": 988670.6807999992,
    "cvd_total": 38568.360799999995,
    "cvd_12bars": 28675.5672,
    "long_short_ratio": null
  }
}