{
  "BTC": {
    "funding_hr_pct": 0.0008714400000000001,
    "open_interest": 29738.35034,
    "cvd_total": -7603.953660000005,
    "cvd_12bars": 1396.79477,
    "long_short_ratio": null
  },
  "ETH": {
    "funding_hr_pct": 0.00065733,
    "open_interest": 587342.1176000005,
    "cvd_total": -160314.80010000002,
    "cvd_12bars": 17882.8396,
    "long_short_ratio": null
  }
}