{
  "BTC": {
    "funding_hr_pct": 0.00125,
    "open_interest": 26895.82984,
    "cvd_total": 4204.599939999998,
    "cvd_12bars": -500.2865199999999,
    "long_short_ratio": null
  },
  "ETH": {
    "funding_hr_pct": 0.00125,
    "open_interest": 563165.777,
    "cvd_total": 10700.28450000001,
    "cvd_12bars": -4791.968700000001,
    "long_short_ratio": null
  }
}