{
  "BTC": {
    "funding_hr_pct": -0.00013574,
    "open_interest": 27996.54262,
    "cvd_total": 5273.474459999999,
    "cvd_12bars": -233.50428999999997,
    "long_short_ratio": null
  },
  "ETH": {
    "funding_hr_pct": -0.00141768,
    "open_interest": 395479.6584000002,
    "cvd_total": -4651.1543,
    "cvd_12bars": -4162.7683,
    "long_short_ratio": null
  }
}