{
  "BTC": {
    "funding_hr_pct": 0.00036257,
    "open_interest": 26426.51568,
    "cvd_total": 7346.551710000002,
    "cvd_12bars": 434.48004,
    "long_short_ratio": null
  },
  "ETH": {
    "funding_hr_pct": 0.00063618,
    "open_interest": 564723.4730000001,
    "cvd_total": 91828.84459999995,
    "cvd_12bars": 13103.5779,
    "long_short_ratio": null
  }
}