{
  "BTC": {
    "funding_hr_pct": -0.00181482,
    "open_interest": 27977.7562,
    "cvd_total": 8029.633250000003,
    "cvd_12bars": -1296.6772099999998,
    "long_short_ratio": null
  },
  "ETH": {
    "funding_hr_pct": -0.00290261,
    "open_interest": 428045.0706000004,
    "cvd_total": -3869.262600000014,
    "cvd_12bars": 16691.7074,
    "long_short_ratio": null
  }
}