{
  "BTC": {
    "funding_hr_pct": 0.00031577,
    "open_interest": 27119.61006,
    "cvd_total": 4814.997040000001,
    "cvd_12bars": -691.3505899999999,
    "long_short_ratio": null
  },
  "ETH": {
    "funding_hr_pct": 0.00032417,
    "open_interest": 420388.5927999998,
    "cvd_total": -18872.582,
    "cvd_12bars": 6615.153,
    "long_short_ratio": null
  }
}