{
  "BTC": {
    "funding_hr_pct": -0.00240004,
    "open_interest": 26925.87784,
    "cvd_total": -3830.5894899999985,
    "cvd_12bars": -484.11551,
    "long_short_ratio": null
  },
  "ETH": {
    "funding_hr_pct": -0.0005361,
    "open_interest": 548362.8014000002,
    "cvd_total": -110522.63070000007,
    "cvd_12bars": 6064.759699999997,
    "long_short_ratio": null
  }
}