{
  "BTC": {
    "funding_hr_pct": -0.00015811,
    "open_interest": 33657.31872,
    "cvd_total": -4218.104029999999,
    "cvd_12bars": 197.82555999999994,
    "long_short_ratio": null
  },
  "ETH": {
    "funding_hr_pct": -0.00058613,
    "open_interest": 719522.2821999998,
    "cvd_total": 19592.45970000001,
    "cvd_12bars": 4969.778200000001,
    "long_short_ratio": null
  }
}