{
  "BTC": {
    "funding_hr_pct": 0.00125,
    "open_interest": 38241.79732,
    "cvd_total": -3547.398080000001,
    "cvd_12bars": -1888.1086000000003,
    "long_short_ratio": null
  },
  "ETH": {
    "funding_hr_pct": 0.00125,
    "open_interest": 804408.9270000003,
    "cvd_total": -67459.60819999993,
    "cvd_12bars": 25834.451499999996,
    "long_short_ratio": null
  }
}