{
  "BTC": {
    "funding_hr_pct": -0.00042747,
    "open_interest": 26357.73582,
    "cvd_total": -881.254190000001,
    "cvd_12bars": -169.74088,
    "long_short_ratio": null
  },
  "ETH": {
    "funding_hr_pct": -0.00020643,
    "open_interest": 563605.8461999999,
    "cvd_total": 12608.13240000001,
    "cvd_12bars": 8591.327000000001,
    "long_short_ratio": null
  }
}