{
  "BTC": {
    "funding_hr_pct": 0.00125,
    "open_interest": 37480.3202,
    "cvd_total": 502.83387999999985,
    "cvd_12bars": -26.022359999999978,
    "long_short_ratio": null
  },
  "ETH": {
    "funding_hr_pct": 0.00125,
    "open_interest": 803085.2040000001,
    "cvd_total": -15465.350799999991,
    "cvd_12bars": 5840.0067,
    "long_short_ratio": null
  }
}