{
  "BTC": {
    "funding_hr_pct": -0.00160005,
    "open_interest": 28127.73022,
    "cvd_total": -15506.07413,
    "cvd_12bars": 606.1201199999998,
    "long_short_ratio": null
  },
  "ETH": {
    "funding_hr_pct": -0.00022679,
    "open_interest": 586983.8812000002,
    "cvd_total": -283570.0411,
    "cvd_12bars": 25083.722500000003,
    "long_short_ratio": null
  }
}