{
  "BTC": {
    "funding_hr_pct": 0.00069888,
    "open_interest": 31928.08098,
    "cvd_total": -13595.699089999998,
    "cvd_12bars": -807.5743899999999,
    "long_short_ratio": null
  },
  "ETH": {
    "funding_hr_pct": -0.00135427,
    "open_interest": 638716.3394,
    "cvd_total": -298321.61740000005,
    "cvd_12bars": -46456.937900000004,
    "long_short_ratio": null
  }
}