{
  "BTC": {
    "funding_hr_pct": -0.00014115999999999998,
    "open_interest": 26847.80502,
    "cvd_total": 12576.944679999995,
    "cvd_12bars": 978.11553,
    "long_short_ratio": null
  },
  "ETH": {
    "funding_hr_pct": 0.00120531,
    "open_interest": 438014.1534000001,
    "cvd_total": 136952.74060000002,
    "cvd_12bars": 10767.3153,
    "long_short_ratio": null
  }
}