{
  "BTC": {
    "funding_hr_pct": 0.00125,
    "open_interest": 40308.12772,
    "cvd_total": 2962.2525400000013,
    "cvd_12bars": -312.60608,
    "long_short_ratio": null
  },
  "ETH": {
    "funding_hr_pct": 0.00125,
    "open_interest": 1008093.8790000001,
    "cvd_total": 110706.49260000003,
    "cvd_12bars": 11613.1434,
    "long_short_ratio": null
  }
}