{
  "BTC": {
    "funding_hr_pct": -0.00104791,
    "open_interest": 29809.85172,
    "cvd_total": 1592.4865799999977,
    "cvd_12bars": -635.3905300000001,
    "long_short_ratio": null
  },
  "ETH": {
    "funding_hr_pct": 0.00018332,
    "open_interest": 808516.3748000003,
    "cvd_total": -57644.4818,
    "cvd_12bars": -31998.3419,
    "long_short_ratio": null
  }
}