{
  "BTC": {
    "funding_hr_pct": -0.00035557,
    "open_interest": 27796.49166,
    "cvd_total": 6754.016889999998,
    "cvd_12bars": -1520.31246,
    "long_short_ratio": null
  },
  "ETH": {
    "funding_hr_pct": -0.00093799,
    "open_interest": 398155.6100000002,
    "cvd_total": 15224.550599999984,
    "cvd_12bars": -17161.873099999997,
    "long_short_ratio": null
  }
}