{
  "BTC": {
    "funding_hr_pct": -0.00412898,
    "open_interest": 28113.5263,
    "cvd_total": 17414.80403,
    "cvd_12bars": -1325.1283199999998,
    "long_short_ratio": null
  },
  "ETH": {
    "funding_hr_pct": -0.00212398,
    "open_interest": 504189.9846000001,
    "cvd_total": 175943.67860000007,
    "cvd_12bars": 1335.4734999999998,
    "long_short_ratio": null
  }
}