{
  "BTC": {
    "funding_hr_pct": 0.0008765,
    "open_interest": 28548.7541800001,
    "cvd_total": -1258.3597700000005,
    "cvd_12bars": -1695.5157100000001,
    "long_short_ratio": null
  },
  "ETH": {
    "funding_hr_pct": 0.00125,
    "open_interest": 530832.7194000003,
    "cvd_total": -24112.15940000001,
    "cvd_12bars": -12973.641699999998,
    "long_short_ratio": null
  }
}