{
  "BTC": {
    "funding_hr_pct": 0.00125,
    "open_interest": 40611.45152,
    "cvd_total": -7704.378510000001,
    "cvd_12bars": -56.21001000000007,
    "long_short_ratio": null
  },
  "ETH": {
    "funding_hr_pct": 0.00125,
    "open_interest": 953092.2936000003,
    "cvd_total": -219921.61339999991,
    "cvd_12bars": -43780.9435,
    "long_short_ratio": null
  }
}