{
  "BTC": {
    "funding_hr_pct": 4.141e-05,
    "open_interest": 27281.57586,
    "cvd_total": -3503.3611699999983,
    "cvd_12bars": -220.74466,
    "long_short_ratio": null
  },
  "ETH": {
    "funding_hr_pct": 0.0002306,
    "open_interest": 429472.6696,
    "cvd_total": -28758.759499999993,
    "cvd_12bars": -6452.023700000001,
    "long_short_ratio": null
  }
}