{
  "BTC": {
    "funding_hr_pct": 0.00125,
    "open_interest": 37986.4330799999,
    "cvd_total": 5262.589770000003,
    "cvd_12bars": -343.92112999999983,
    "long_short_ratio": null
  },
  "ETH": {
    "funding_hr_pct": 0.00125,
    "open_interest": 794295.6743999998,
    "cvd_total": -28649.349100000014,
    "cvd_12bars": 168.7220000000034,
    "long_short_ratio": null
  }
}