{
  "BTC": {
    "funding_hr_pct": -0.0009921399999999999,
    "open_interest": 29987.93258,
    "cvd_total": 3640.7082900000005,
    "cvd_12bars": -2195.92382,
    "long_short_ratio": null
  },
  "ETH": {
    "funding_hr_pct": 0.0011654,
    "open_interest": 554774.2328000001,
    "cvd_total": -13298.224799999996,
    "cvd_12bars": -20666.0717,
    "long_short_ratio": null
  }
}