{
  "BTC": {
    "funding_hr_pct": 0.00125,
    "open_interest": 37737.26932,
    "cvd_total": 2774.677769999999,
    "cvd_12bars": -2188.10338,
    "long_short_ratio": null
  },
  "ETH": {
    "funding_hr_pct": 0.00125,
    "open_interest": 794739.6258000002,
    "cvd_total": -37426.40479999999,
    "cvd_12bars": -61546.997200000005,
    "long_short_ratio": null
  }
}