{
  "BTC": {
    "funding_hr_pct": 0.00105634,
    "open_interest": 29983.0388,
    "cvd_total": 3388.936629999999,
    "cvd_12bars": 1113.70145,
    "long_short_ratio": null
  },
  "ETH": {
    "funding_hr_pct": 0.00125,
    "open_interest": 520548.0277999996,
    "cvd_total": 57181.14420000001,
    "cvd_12bars": 8598.158700000002,
    "long_short_ratio": null
  }
}