{
  "BTC": {
    "funding_hr_pct": 0.00014867,
    "open_interest": 27320.17116,
    "cvd_total": -1189.7050999999988,
    "cvd_12bars": -1127.86043,
    "long_short_ratio": null
  },
  "ETH": {
    "funding_hr_pct": -0.00228226,
    "open_interest": 456557.2771999999,
    "cvd_total": -56990.62379999998,
    "cvd_12bars": -10210.3851,
    "long_short_ratio": null
  }
}