{
  "BTC": {
    "funding_hr_pct": 0.00125,
    "open_interest": 35238.56496,
    "cvd_total": 1667.0534100000011,
    "cvd_12bars": -1043.9584900000002,
    "long_short_ratio": null
  },
  "ETH": {
    "funding_hr_pct": 0.00125,
    "open_interest": 748790.0922000004,
    "cvd_total": -47071.92400000003,
    "cvd_12bars": -16089.428300000003,
    "long_short_ratio": null
  }
}