{
  "BTC": {
    "funding_hr_pct": -0.00035355,
    "open_interest": 28055.99856,
    "cvd_total": -2798.1676299999995,
    "cvd_12bars": -2477.69051,
    "long_short_ratio": null
  },
  "ETH": {
    "funding_hr_pct": 0.00086417,
    "open_interest": 514720.4358000001,
    "cvd_total": -137351.16689999995,
    "cvd_12bars": -32494.622499999998,
    "long_short_ratio": null
  }
}