{
  "BTC": {
    "funding_hr_pct": -0.00022141,
    "open_interest": 27942.94358,
    "cvd_total": 1089.577020000003,
    "cvd_12bars": -166.71631000000002,
    "long_short_ratio": null
  },
  "ETH": {
    "funding_hr_pct": 0.00125,
    "open_interest": 553647.0668000001,
    "cvd_total": -49512.87260000001,
    "cvd_12bars": -25826.615900000004,
    "long_short_ratio": null
  }
}