{
  "BTC": {
    "funding_hr_pct": 0.00029556,
    "open_interest": 28702.34642,
    "cvd_total": -5853.064440000005,
    "cvd_12bars": 1122.1956,
    "long_short_ratio": null
  },
  "ETH": {
    "funding_hr_pct": 0.00073763,
    "open_interest": 564859.8134000001,
    "cvd_total": -125372.319,
    "cvd_12bars": 19706.314199999997,
    "long_short_ratio": null
  }
}