{
  "BTC": {
    "funding_hr_pct": 0.00125,
    "open_interest": 27357.8901999999,
    "cvd_total": -4480.497519999996,
    "cvd_12bars": 771.7757900000001,
    "long_short_ratio": null
  },
  "ETH": {
    "funding_hr_pct": 0.00125,
    "open_interest": 582734.4099999989,
    "cvd_total": 38721.67059999999,
    "cvd_12bars": 37117.9952,
    "long_short_ratio": null
  }
}