{
  "BTC": {
    "funding_hr_pct": 0.0005493,
    "open_interest": 36437.28144,
    "cvd_total": 3221.9555400000027,
    "cvd_12bars": 655.4647700000002,
    "long_short_ratio": null
  },
  "ETH": {
    "funding_hr_pct": 0.0005094699999999999,
    "open_interest": 1026709.1799999999,
    "cvd_total": -21993.2024,
    "cvd_12bars": 8939.2839,
    "long_short_ratio": null
  }
}