{
  "BTC": {
    "funding_hr_pct": 0.00125,
    "open_interest": 28815.92222,
    "cvd_total": 2157.3552999999993,
    "cvd_12bars": -1590.2755600000003,
    "long_short_ratio": null
  },
  "ETH": {
    "funding_hr_pct": 0.00125,
    "open_interest": 605244.5162000002,
    "cvd_total": 116362.2717,
    "cvd_12bars": -8837.6567,
    "long_short_ratio": null
  }
}