{
  "BTC": {
    "funding_hr_pct": 0.00010663,
    "open_interest": 30364.58264,
    "cvd_total": 11567.288390000009,
    "cvd_12bars": 1219.0324400000002,
    "long_short_ratio": null
  },
  "ETH": {
    "funding_hr_pct": 0.00125,
    "open_interest": 813774.9478000003,
    "cvd_total": 290699.0814000001,
    "cvd_12bars": 16311.291799999999,
    "long_short_ratio": null
  }
}