{
  "BTC": {
    "funding_hr_pct": 0.0005976999999999999,
    "open_interest": 26878.3315,
    "cvd_total": -976.6678200000002,
    "cvd_12bars": -448.97932000000003,
    "long_short_ratio": null
  },
  "ETH": {
    "funding_hr_pct": 0.00083712,
    "open_interest": 430034.8983999999,
    "cvd_total": 30001.905800000008,
    "cvd_12bars": -312.69039999999984,
    "long_short_ratio": null
  }
}