{
  "BTC": {
    "funding_hr_pct": -0.00089901,
    "open_interest": 27426.46134,
    "cvd_total": 8535.86212,
    "cvd_12bars": 857.3622500000001,
    "long_short_ratio": null
  },
  "ETH": {
    "funding_hr_pct": -0.00034821,
    "open_interest": 595715.1995999995,
    "cvd_total": -66694.30069999998,
    "cvd_12bars": -32615.503300000004,
    "long_short_ratio": null
  }
}