{
  "BTC": {
    "funding_hr_pct": 0.00041449,
    "open_interest": 31108.66104,
    "cvd_total": -499.3409799999999,
    "cvd_12bars": -623.77864,
    "long_short_ratio": null
  },
  "ETH": {
    "funding_hr_pct": -0.00035199,
    "open_interest": 529649.255399999,
    "cvd_total": -99227.32830000004,
    "cvd_12bars": -9980.719099999998,
    "long_short_ratio": null
  }
}