{
  "BTC": {
    "funding_hr_pct": 0.00125,
    "open_interest": 33296.89824,
    "cvd_total": -10197.556480000007,
    "cvd_12bars": -2733.9481799999994,
    "long_short_ratio": null
  },
  "ETH": {
    "funding_hr_pct": 0.00125,
    "open_interest": 682177.0969999995,
    "cvd_total": -50541.376499999984,
    "cvd_12bars": -1724.7973000000002,
    "long_short_ratio": null
  }
}