{
  "BTC": {
    "funding_hr_pct": 0.0001516,
    "open_interest": 33459.0806,
    "cvd_total": -3619.7945199999995,
    "cvd_12bars": -1138.0405799999999,
    "long_short_ratio": null
  },
  "ETH": {
    "funding_hr_pct": -0.00033701,
    "open_interest": 717355.5312000001,
    "cvd_total": 17645.015400000004,
    "cvd_12bars": -21600.1529,
    "long_short_ratio": null
  }
}