{
  "BTC": {
    "funding_hr_pct": 0.00125,
    "open_interest": 28003.0142,
    "cvd_total": 2702.57963,
    "cvd_12bars": 1395.3421199999998,
    "long_short_ratio": null
  },
  "ETH": {
    "funding_hr_pct": 0.00125,
    "open_interest": 572174.3946000002,
    "cvd_total": 858.4902000000034,
    "cvd_12bars": 12978.724699999999,
    "long_short_ratio": null
  }
}