{
  "BTC": {
    "funding_hr_pct": 0.00013078,
    "open_interest": 27174.09856,
    "cvd_total": -2342.2545599999976,
    "cvd_12bars": -176.31083,
    "long_short_ratio": null
  },
  "ETH": {
    "funding_hr_pct": 0.00125,
    "open_interest": 460898.7880000003,
    "cvd_total": -9519.217299999971,
    "cvd_12bars": -2201.8911000000003,
    "long_short_ratio": null
  }
}