{
  "BTC": {
    "funding_hr_pct": -0.00078365,
    "open_interest": 29757.10992,
    "cvd_total": 1845.0926700000005,
    "cvd_12bars": -1438.5052,
    "long_short_ratio": null
  },
  "ETH": {
    "funding_hr_pct": 0.00125,
    "open_interest": 554104.9874,
    "cvd_total": -36550.75789999998,
    "cvd_12bars": -11823.5889,
    "long_short_ratio": null
  }
}