{
  "BTC": {
    "funding_hr_pct": 0.00125,
    "open_interest": 31661.2064,
    "cvd_total": -12315.849830000005,
    "cvd_12bars": 3732.4497699999997,
    "long_short_ratio": null
  },
  "ETH": {
    "funding_hr_pct": 0.00125,
    "open_interest": 637229.8625999996,
    "cvd_total": -65625.40870000004,
    "cvd_12bars": 49890.477900000005,
    "long_short_ratio": null
  }
}