{
  "BTC": {
    "funding_hr_pct": 0.00125,
    "open_interest": 32038.91452,
    "cvd_total": -486.85697999999843,
    "cvd_12bars": -944.23329,
    "long_short_ratio": null
  },
  "ETH": {
    "funding_hr_pct": 0.00125,
    "open_interest": 797785.4228000002,
    "cvd_total": -6768.952400000017,
    "cvd_12bars": 10051.810899999997,
    "long_short_ratio": null
  }
}