{
  "BTC": {
    "funding_hr_pct": 3.0799999999999997e-06,
    "open_interest": 27214.54272,
    "cvd_total": -1072.0945099999997,
    "cvd_12bars": -591.8510699999999,
    "long_short_ratio": null
  },
  "ETH": {
    "funding_hr_pct": 0.00105864,
    "open_interest": 432793.7136,
    "cvd_total": -9151.575299999993,
    "cvd_12bars": 2184.8635000000004,
    "long_short_ratio": null
  }
}