{
  "BTC": {
    "funding_hr_pct": 0.00125,
    "open_interest": 37729.14654,
    "cvd_total": -2947.0371999999975,
    "cvd_12bars": 612.4683000000002,
    "long_short_ratio": null
  },
  "ETH": {
    "funding_hr_pct": 0.00125,
    "open_interest": 867195.6185999996,
    "cvd_total": -88644.8076,
    "cvd_12bars": -3567.071600000001,
    "long_short_ratio": null
  }
}