{
  "BTC": {
    "funding_hr_pct": 0.00034517,
    "open_interest": 27373.76654,
    "cvd_total": -7241.096870000001,
    "cvd_12bars": 193.1780799999999,
    "long_short_ratio": null
  },
  "ETH": {
    "funding_hr_pct": 0.00069071,
    "open_interest": 471179.4392000001,
    "cvd_total": -67351.46699999999,
    "cvd_12bars": 1740.6085000000005,
    "long_short_ratio": null
  }
}