{
  "BTC": {
    "funding_hr_pct": 3.2239999999999996e-05,
    "open_interest": 29158.17196,
    "cvd_total": 3415.8197499999983,
    "cvd_12bars": -369.33968999999996,
    "long_short_ratio": null
  },
  "ETH": {
    "funding_hr_pct": 0.00125,
    "open_interest": 520163.1044000002,
    "cvd_total": 30988.964899999988,
    "cvd_12bars": -5754.0059,
    "long_short_ratio": null
  }
}