{
  "BTC": {
    "funding_hr_pct": 0.00125,
    "open_interest": 29579.93208,
    "cvd_total": -1775.4628699999998,
    "cvd_12bars": -428.1541299999999,
    "long_short_ratio": null
  },
  "ETH": {
    "funding_hr_pct": 0.00125,
    "open_interest": 671955.5092,
    "cvd_total": 14540.042600000006,
    "cvd_12bars": 30426.8546,
    "long_short_ratio": null
  }
}