{
  "BTC": {
    "funding_hr_pct": 0.00125,
    "open_interest": 27162.83416,
    "cvd_total": 7691.954890000004,
    "cvd_12bars": 4106.1644799999995,
    "long_short_ratio": null
  },
  "ETH": {
    "funding_hr_pct": 0.00125,
    "open_interest": 561753.6854000005,
    "cvd_total": 38798.528199999964,
    "cvd_12bars": 21280.5947,
    "long_short_ratio": null
  }
}