{
  "BTC": {
    "funding_hr_pct": 0.00122021,
    "open_interest": 27609.2022800001,
    "cvd_total": 2226.73196,
    "cvd_12bars": 481.96965,
    "long_short_ratio": null
  },
  "ETH": {
    "funding_hr_pct": 0.0011463299999999999,
    "open_interest": 569033.5610000001,
    "cvd_total": -7412.449899999998,
    "cvd_12bars": 6338.304099999999,
    "long_short_ratio": null
  }
}