{
  "BTC": {
    "funding_hr_pct": 0.00080273,
    "open_interest": 27682.79154,
    "cvd_total": 5996.080019999999,
    "cvd_12bars": 535.40488,
    "long_short_ratio": null
  },
  "ETH": {
    "funding_hr_pct": 0.00065964,
    "open_interest": 570596.5300000004,
    "cvd_total": 91700.5727,
    "cvd_12bars": 10005.5071,
    "long_short_ratio": null
  }
}