{
  "BTC": {
    "funding_hr_pct": 0.00125,
    "open_interest": 27252.74868,
    "cvd_total": -4574.384059999998,
    "cvd_12bars": 997.9139000000001,
    "long_short_ratio": null
  },
  "ETH": {
    "funding_hr_pct": 0.00125,
    "open_interest": 581973.8783999998,
    "cvd_total": 41276.99670000001,
    "cvd_12bars": 36518.43200000001,
    "long_short_ratio": null
  }
}