{
  "BTC": {
    "funding_hr_pct": 0.0008011399999999999,
    "open_interest": 27278.2093,
    "cvd_total": 12154.448990000004,
    "cvd_12bars": -12.266110000000054,
    "long_short_ratio": null
  },
  "ETH": {
    "funding_hr_pct": -0.00063347,
    "open_interest": 434361.1632,
    "cvd_total": 87706.5959,
    "cvd_12bars": -6493.508600000001,
    "long_short_ratio": null
  }
}