{
  "BTC": {
    "funding_hr_pct": 0.0003722,
    "open_interest": 33883.30904,
    "cvd_total": 7533.482130000002,
    "cvd_12bars": 1807.93432,
    "long_short_ratio": null
  },
  "ETH": {
    "funding_hr_pct": -0.00097238,
    "open_interest": 706112.9733999999,
    "cvd_total": 151740.78219999996,
    "cvd_12bars": 58272.249500000005,
    "long_short_ratio": null
  }
}