{
  "BTC": {
    "funding_hr_pct": 0.00125,
    "open_interest": 26882.9575,
    "cvd_total": 7327.810830000002,
    "cvd_12bars": 4219.31467,
    "long_short_ratio": null
  },
  "ETH": {
    "funding_hr_pct": 0.00125,
    "open_interest": 560052.757000001,
    "cvd_total": 49385.45639999997,
    "cvd_12bars": 48642.4992,
    "long_short_ratio": null
  }
}