{
  "BTC": {
    "funding_hr_pct": 0.00013898,
    "open_interest": 27167.61498,
    "cvd_total": 2603.86292,
    "cvd_12bars": -179.35994,
    "long_short_ratio": null
  },
  "ETH": {
    "funding_hr_pct": 0.0011079,
    "open_interest": 558834.2379999998,
    "cvd_total": 32365.903700000017,
    "cvd_12bars": 1124.813200000001,
    "long_short_ratio": null
  }
}