{
  "BTC": {
    "funding_hr_pct": 0.00125,
    "open_interest": 29843.44028,
    "cvd_total": -299.6488799999995,
    "cvd_12bars": -1191.44604,
    "long_short_ratio": null
  },
  "ETH": {
    "funding_hr_pct": 0.00125,
    "open_interest": 645440.9213999999,
    "cvd_total": -29897.523500000003,
    "cvd_12bars": -17911.698000000004,
    "long_short_ratio": null
  }
}