{
  "BTC": {
    "funding_hr_pct": 0.0006317,
    "open_interest": 33829.24492,
    "cvd_total": 9572.526390000005,
    "cvd_12bars": 5690.280360000002,
    "long_short_ratio": null
  },
  "ETH": {
    "funding_hr_pct": 0.00055985,
    "open_interest": 651547.8586000002,
    "cvd_total": -173651.38210000005,
    "cvd_12bars": 67654.1089,
    "long_short_ratio": null
  }
}