{
  "BTC": {
    "funding_hr_pct": 0.00125,
    "open_interest": 36457.89502,
    "cvd_total": 3510.5941500000035,
    "cvd_12bars": 143.82383,
    "long_short_ratio": null
  },
  "ETH": {
    "funding_hr_pct": 0.00125,
    "open_interest": 784158.9739999999,
    "cvd_total": 40143.19169999997,
    "cvd_12bars": 27134.643799999994,
    "long_short_ratio": null
  }
}