{
  "BTC": {
    "funding_hr_pct": 0.00125,
    "open_interest": 35588.8516,
    "cvd_total": 13046.9073,
    "cvd_12bars": 183.16308999999993,
    "long_short_ratio": null
  },
  "ETH": {
    "funding_hr_pct": 0.00125,
    "open_interest": 908494.2268,
    "cvd_total": 6296.537899999981,
    "cvd_12bars": -653.1304999999976,
    "long_short_ratio": null
  }
}