{
  "BTC": {
    "funding_hr_pct": 0.00031194,
    "open_interest": 31068.3311,
    "cvd_total": 361.98046000000005,
    "cvd_12bars": -179.39060999999998,
    "long_short_ratio": null
  },
  "ETH": {
    "funding_hr_pct": 0.00089907,
    "open_interest": 532441.9602000002,
    "cvd_total": -32871.60649999997,
    "cvd_12bars": -9285.4052,
    "long_short_ratio": null
  }
}