{
  "BTC": {
    "funding_hr_pct": 0.00091129,
    "open_interest": 24151.13622,
    "cvd_total": 5499.191549999994,
    "cvd_12bars": -817.8834400000001,
    "long_short_ratio": null
  },
  "ETH": {
    "funding_hr_pct": -0.0008713,
    "open_interest": 564958.7834000001,
    "cvd_total": 87852.24230000001,
    "cvd_12bars": -26147.970899999997,
    "long_short_ratio": null
  }
}