{
  "BTC": {
    "funding_hr_pct": 0.00058508,
    "open_interest": 29586.67096,
    "cvd_total": -9264.88547,
    "cvd_12bars": -70.58157000000011,
    "long_short_ratio": null
  },
  "ETH": {
    "funding_hr_pct": 0.00036039,
    "open_interest": 573154.237999999,
    "cvd_total": -163077.12640000004,
    "cvd_12bars": 2209.920799999998,
    "long_short_ratio": null
  }
}