{
  "BTC": {
    "funding_hr_pct": -0.00175167,
    "open_interest": 28306.68386,
    "cvd_total": 4273.611599999998,
    "cvd_12bars": -1040.93615,
    "long_short_ratio": null
  },
  "ETH": {
    "funding_hr_pct": -0.00205586,
    "open_interest": 386297.4904000001,
    "cvd_total": -8819.344200000014,
    "cvd_12bars": -6314.899799999998,
    "long_short_ratio": null
  }
}