{
  "BTC": {
    "funding_hr_pct": 0.00028451,
    "open_interest": 26562.35424,
    "cvd_total": 721.6513799999989,
    "cvd_12bars": 238.45791999999997,
    "long_short_ratio": null
  },
  "ETH": {
    "funding_hr_pct": -0.00027618,
    "open_interest": 565162.3892,
    "cvd_total": -7512.622900000013,
    "cvd_12bars": -7406.268199999999,
    "long_short_ratio": null
  }
}