{
  "BTC": {
    "funding_hr_pct": 0.00125,
    "open_interest": 26588.0047,
    "cvd_total": -7063.109059999999,
    "cvd_12bars": 104.02214000000001,
    "long_short_ratio": null
  },
  "ETH": {
    "funding_hr_pct": 0.00125,
    "open_interest": 569705.6629999997,
    "cvd_total": 11366.703799999994,
    "cvd_12bars": 6175.8896,
    "long_short_ratio": null
  }
}