{
  "BTC": {
    "funding_hr_pct": 0.00125,
    "open_interest": 38032.02526,
    "cvd_total": 4210.883649999999,
    "cvd_12bars": 1460.3179599999999,
    "long_short_ratio": null
  },
  "ETH": {
    "funding_hr_pct": 0.00125,
    "open_interest": 799059.054,
    "cvd_total": 8887.85330000002,
    "cvd_12bars": 17429.3695,
    "long_short_ratio": null
  }
}