{
  "BTC": {
    "funding_hr_pct": 0.00125,
    "open_interest": 27045.88392,
    "cvd_total": -9763.890169999995,
    "cvd_12bars": -1350.98631,
    "long_short_ratio": null
  },
  "ETH": {
    "funding_hr_pct": -0.00098033,
    "open_interest": 567279.6881999999,
    "cvd_total": -68984.44499999999,
    "cvd_12bars": -4946.6644,
    "long_short_ratio": null
  }
}