{
  "BTC": {
    "funding_hr_pct": 0.00020939,
    "open_interest": 34168.49536,
    "cvd_total": -2703.684680000001,
    "cvd_12bars": 196.12935000000002,
    "long_short_ratio": null
  },
  "ETH": {
    "funding_hr_pct": 0.0007009599999999999,
    "open_interest": 723542.8921999998,
    "cvd_total": -18070.4081,
    "cvd_12bars": 1481.6117000000004,
    "long_short_ratio": null
  }
}