{
  "BTC": {
    "funding_hr_pct": 0.00125,
    "open_interest": 35896.03276,
    "cvd_total": 1839.212450000001,
    "cvd_12bars": -1014.54144,
    "long_short_ratio": null
  },
  "ETH": {
    "funding_hr_pct": 0.00096608,
    "open_interest": 752792.8592000002,
    "cvd_total": -10943.807200000005,
    "cvd_12bars": -37627.682100000005,
    "long_short_ratio": null
  }
}