{
  "BTC": {
    "funding_hr_pct": 0.00125,
    "open_interest": 35571.78632,
    "cvd_total": 11627.534120000004,
    "cvd_12bars": 534.76795,
    "long_short_ratio": null
  },
  "ETH": {
    "funding_hr_pct": 0.00125,
    "open_interest": 904899.6070000001,
    "cvd_total": -14184.351100000007,
    "cvd_12bars": -38734.215399999994,
    "long_short_ratio": null
  }
}