{
  "BTC": {
    "funding_hr_pct": -0.00078664,
    "open_interest": 27283.00328,
    "cvd_total": 3971.5112400000003,
    "cvd_12bars": -127.92463999999985,
    "long_short_ratio": null
  },
  "ETH": {
    "funding_hr_pct": -0.00065648,
    "open_interest": 407476.2596,
    "cvd_total": -52859.72750000002,
    "cvd_12bars": -3671.7124000000017,
    "long_short_ratio": null
  }
}