{
  "BTC": {
    "funding_hr_pct": 0.00093474,
    "open_interest": 29623.7994,
    "cvd_total": 5580.285790000001,
    "cvd_12bars": 358.85119,
    "long_short_ratio": null
  },
  "ETH": {
    "funding_hr_pct": 0.00125,
    "open_interest": 558198.6188000002,
    "cvd_total": 31530.2593,
    "cvd_12bars": 12592.65,
    "long_short_ratio": null
  }
}