{
  "BTC": {
    "funding_hr_pct": 0.00032841,
    "open_interest": 24517.573,
    "cvd_total": 4108.788129999994,
    "cvd_12bars": -35.84139999999992,
    "long_short_ratio": null
  },
  "ETH": {
    "funding_hr_pct": -0.00145647,
    "open_interest": 551959.7460000005,
    "cvd_total": 59289.787900000025,
    "cvd_12bars": -31601.3501,
    "long_short_ratio": null
  }
}