{
  "BTC": {
    "funding_hr_pct": 0.0008554799999999999,
    "open_interest": 32046.84794,
    "cvd_total": 6347.61144,
    "cvd_12bars": -142.82151999999974,
    "long_short_ratio": null
  },
  "ETH": {
    "funding_hr_pct": 0.00116643,
    "open_interest": 737722.3275999997,
    "cvd_total": 194158.41259999992,
    "cvd_12bars": 61744.7286,
    "long_short_ratio": null
  }
}