{
  "BTC": {
    "funding_hr_pct": 0.00091127,
    "open_interest": 32860.1696799999,
    "cvd_total": 75.58197000000297,
    "cvd_12bars": -601.8996900000002,
    "long_short_ratio": null
  },
  "ETH": {
    "funding_hr_pct": -2.39e-06,
    "open_interest": 668566.567,
    "cvd_total": -165275.4996,
    "cvd_12bars": -19493.464099999997,
    "long_short_ratio": null
  }
}