{
  "BTC": {
    "funding_hr_pct": -0.0004007,
    "open_interest": 27359.16538,
    "cvd_total": -5697.761259999996,
    "cvd_12bars": 452.4204100000002,
    "long_short_ratio": null
  },
  "ETH": {
    "funding_hr_pct": -5.9380000000000004e-05,
    "open_interest": 578769.6661999999,
    "cvd_total": -49390.979799999994,
    "cvd_12bars": -3312.5924999999975,
    "long_short_ratio": null
  }
}