{
  "BTC": {
    "funding_hr_pct": -3.561e-05,
    "open_interest": 27343.8661,
    "cvd_total": -7210.37191,
    "cvd_12bars": 1328.74714,
    "long_short_ratio": null
  },
  "ETH": {
    "funding_hr_pct": 0.00125,
    "open_interest": 587380.2494000001,
    "cvd_total": -236245.26320000002,
    "cvd_12bars": 34627.9184,
    "long_short_ratio": null
  }
}