{
  "BTC": {
    "funding_hr_pct": -3.719e-05,
    "open_interest": 31794.60288,
    "cvd_total": 5319.093590000002,
    "cvd_12bars": -577.10826,
    "long_short_ratio": null
  },
  "ETH": {
    "funding_hr_pct": 0.00045394,
    "open_interest": 509235.1394,
    "cvd_total": 50146.54089999998,
    "cvd_12bars": -16541.2376,
    "long_short_ratio": null
  }
}