{
  "BTC": {
    "funding_hr_pct": -0.00117093,
    "open_interest": 26653.40422,
    "cvd_total": -5065.224540000003,
    "cvd_12bars": -599.73148,
    "long_short_ratio": null
  },
  "ETH": {
    "funding_hr_pct": -0.00154685,
    "open_interest": 542577.5703999999,
    "cvd_total": -138831.09839999996,
    "cvd_12bars": -22370.947000000004,
    "long_short_ratio": null
  }
}