{
  "BTC": {
    "funding_hr_pct": 0.00125,
    "open_interest": 36131.50814,
    "cvd_total": 15493.159260000004,
    "cvd_12bars": -332.1121899999999,
    "long_short_ratio": null
  },
  "ETH": {
    "funding_hr_pct": 0.00125,
    "open_interest": 934030.4184,
    "cvd_total": 59602.58659999998,
    "cvd_12bars": 9787.8007,
    "long_short_ratio": null
  }
}