{
  "BTC": {
    "funding_hr_pct": 0.00125,
    "open_interest": 30908.57488,
    "cvd_total": -6436.549040000001,
    "cvd_12bars": -1088.68503,
    "long_short_ratio": null
  },
  "ETH": {
    "funding_hr_pct": 0.00125,
    "open_interest": 782541.8164000002,
    "cvd_total": -62771.05489999995,
    "cvd_12bars": 8317.807899999998,
    "long_short_ratio": null
  }
}