{
  "BTC": {
    "funding_hr_pct": -4.5509999999999996e-05,
    "open_interest": 28545.3407,
    "cvd_total": -5509.562020000003,
    "cvd_12bars": 828.1524600000001,
    "long_short_ratio": null
  },
  "ETH": {
    "funding_hr_pct": -0.00019032,
    "open_interest": 558533.5349999996,
    "cvd_total": -154168.01590000003,
    "cvd_12bars": 1259.4586000000002,
    "long_short_ratio": null
  }
}