{
  "BTC": {
    "funding_hr_pct": 0.00098655,
    "open_interest": 27924.14138,
    "cvd_total": 1197.5920900000006,
    "cvd_12bars": 66.71401999999998,
    "long_short_ratio": null
  },
  "ETH": {
    "funding_hr_pct": 0.0006707400000000001,
    "open_interest": 592214.9977999993,
    "cvd_total": 70920.88329999999,
    "cvd_12bars": 2825.6342999999997,
    "long_short_ratio": null
  }
}