{
  "BTC": {
    "funding_hr_pct": 0.00084165,
    "open_interest": 27955.7907,
    "cvd_total": -1416.1895699999998,
    "cvd_12bars": -203.54787999999996,
    "long_short_ratio": null
  },
  "ETH": {
    "funding_hr_pct": 0.00125,
    "open_interest": 612977.1502000012,
    "cvd_total": -88994.66660000003,
    "cvd_12bars": -6556.4776999999995,
    "long_short_ratio": null
  }
}