{
  "BTC": {
    "funding_hr_pct": 0.00125,
    "open_interest": 32462.8054,
    "cvd_total": -2626.27537,
    "cvd_12bars": 356.96011000000004,
    "long_short_ratio": null
  },
  "ETH": {
    "funding_hr_pct": 0.00046983,
    "open_interest": 731252.5309999998,
    "cvd_total": -296056.9718,
    "cvd_12bars": 21521.394,
    "long_short_ratio": null
  }
}