{
  "BTC": {
    "funding_hr_pct": -0.00018029,
    "open_interest": 28500.57852,
    "cvd_total": -7256.646070000001,
    "cvd_12bars": 81.07195000000002,
    "long_short_ratio": null
  },
  "ETH": {
    "funding_hr_pct": 0.00016005,
    "open_interest": 561507.6714000003,
    "cvd_total": -107187.52620000001,
    "cvd_12bars": 977.7262999999997,
    "long_short_ratio": null
  }
}