{
  "BTC": {
    "funding_hr_pct": -0.00315643,
    "open_interest": 29033.51222,
    "cvd_total": -7874.995909999999,
    "cvd_12bars": -2459.36566,
    "long_short_ratio": null
  },
  "ETH": {
    "funding_hr_pct": -0.00081763,
    "open_interest": 557497.222600001,
    "cvd_total": -57594.58290000004,
    "cvd_12bars": -30119.314700000003,
    "long_short_ratio": null
  }
}