{
  "BTC": {
    "funding_hr_pct": -0.00029594,
    "open_interest": 26844.5539,
    "cvd_total": -4303.277300000003,
    "cvd_12bars": 893.7994499999998,
    "long_short_ratio": null
  },
  "ETH": {
    "funding_hr_pct": 0.00017659,
    "open_interest": 546991.5771999994,
    "cvd_total": -107461.5946,
    "cvd_12bars": 28922.976899999998,
    "long_short_ratio": null
  }
}