{
  "BTC": {
    "funding_hr_pct": -0.00010609000000000001,
    "open_interest": 27155.76868,
    "cvd_total": 3330.272719999997,
    "cvd_12bars": 59.185169999999985,
    "long_short_ratio": null
  },
  "ETH": {
    "funding_hr_pct": 0.0008398,
    "open_interest": 575358.3811999998,
    "cvd_total": 6320.028200000005,
    "cvd_12bars": -9717.8946,
    "long_short_ratio": null
  }
}