{
  "BTC": {
    "funding_hr_pct": 0.00101285,
    "open_interest": 25400.92818,
    "cvd_total": -464.89378000000033,
    "cvd_12bars": 398.6118,
    "long_short_ratio": null
  },
  "ETH": {
    "funding_hr_pct": -0.00065887,
    "open_interest": 546526.0885999999,
    "cvd_total": -187739.26620000004,
    "cvd_12bars": -10574.7604,
    "long_short_ratio": null
  }
}