{
  "BTC": {
    "funding_hr_pct": 1.196e-05,
    "open_interest": 27629.2036,
    "cvd_total": -3051.8143999999998,
    "cvd_12bars": 835.32458,
    "long_short_ratio": null
  },
  "ETH": {
    "funding_hr_pct": -0.00221333,
    "open_interest": 398324.0737999997,
    "cvd_total": -50154.891,
    "cvd_12bars": 14251.558099999998,
    "long_short_ratio": null
  }
}