{
  "BTC": {
    "funding_hr_pct": 0.00125,
    "open_interest": 27465.1942,
    "cvd_total": -4440.992059999996,
    "cvd_12bars": 599.10323,
    "long_short_ratio": null
  },
  "ETH": {
    "funding_hr_pct": 0.00125,
    "open_interest": 580764.4972,
    "cvd_total": 40110.59720000001,
    "cvd_12bars": 2140.2092000000002,
    "long_short_ratio": null
  }
}