{
  "BTC": {
    "funding_hr_pct": 0.00103327,
    "open_interest": 29591.37954,
    "cvd_total": 3514.3389699999975,
    "cvd_12bars": 155.77262000000002,
    "long_short_ratio": null
  },
  "ETH": {
    "funding_hr_pct": 0.00125,
    "open_interest": 519746.7745999998,
    "cvd_total": 50696.75090000001,
    "cvd_12bars": 24143.965899999996,
    "long_short_ratio": null
  }
}