{
  "BTC": {
    "funding_hr_pct": 0.00032424,
    "open_interest": 30204.11512,
    "cvd_total": 7395.891399999998,
    "cvd_12bars": -87.57216999999997,
    "long_short_ratio": null
  },
  "ETH": {
    "funding_hr_pct": 0.00125,
    "open_interest": 635827.8061999994,
    "cvd_total": 184888.10920000004,
    "cvd_12bars": -15657.719700000001,
    "long_short_ratio": null
  }
}