{
  "BTC": {
    "funding_hr_pct": 0.00053093,
    "open_interest": 26553.9789,
    "cvd_total": -37.386820000000206,
    "cvd_12bars": 77.76372999999998,
    "long_short_ratio": null
  },
  "ETH": {
    "funding_hr_pct": 3.185e-05,
    "open_interest": 565063.7260000001,
    "cvd_total": -17105.527400000003,
    "cvd_12bars": -7331.2414,
    "long_short_ratio": null
  }
}