{
  "BTC": {
    "funding_hr_pct": 0.00125,
    "open_interest": 29611.74208,
    "cvd_total": 4655.529959999998,
    "cvd_12bars": 269.52149,
    "long_short_ratio": null
  },
  "ETH": {
    "funding_hr_pct": 0.00125,
    "open_interest": 519797.145,
    "cvd_total": 43266.013199999994,
    "cvd_12bars": -428.0451999999998,
    "long_short_ratio": null
  }
}