{
  "BTC": {
    "funding_hr_pct": 0.00078809,
    "open_interest": 27438.5327,
    "cvd_total": -2873.429680000002,
    "cvd_12bars": -133.48646999999994,
    "long_short_ratio": null
  },
  "ETH": {
    "funding_hr_pct": -0.00019542,
    "open_interest": 585189.4398,
    "cvd_total": -90447.97609999999,
    "cvd_12bars": 163.1302000000005,
    "long_short_ratio": null
  }
}