{
  "BTC": {
    "funding_hr_pct": -0.0009646800000000001,
    "open_interest": 26629.13714,
    "cvd_total": -4575.082740000004,
    "cvd_12bars": 66.99484,
    "long_short_ratio": null
  },
  "ETH": {
    "funding_hr_pct": -0.00013238,
    "open_interest": 541912.6033999999,
    "cvd_total": -111525.60319999997,
    "cvd_12bars": 20007.0563,
    "long_short_ratio": null
  }
}