{
  "BTC": {
    "funding_hr_pct": 0.00125,
    "open_interest": 35469.0315,
    "cvd_total": 2083.874050000002,
    "cvd_12bars": -89.92489999999998,
    "long_short_ratio": null
  },
  "ETH": {
    "funding_hr_pct": 0.00125,
    "open_interest": 776009.3925999994,
    "cvd_total": 95093.9258,
    "cvd_12bars": 4072.2468,
    "long_short_ratio": null
  }
}