{
  "BTC": {
    "funding_hr_pct": 0.00125,
    "open_interest": 25889.1615,
    "cvd_total": -5404.306099999998,
    "cvd_12bars": -943.94372,
    "long_short_ratio": null
  },
  "ETH": {
    "funding_hr_pct": 0.0006891699999999999,
    "open_interest": 564754.5874,
    "cvd_total": -17465.388000000046,
    "cvd_12bars": -2354.8741000000005,
    "long_short_ratio": null
  }
}