{
  "BTC": {
    "funding_hr_pct": 0.00125,
    "open_interest": 27294.49152,
    "cvd_total": -669.2113700000002,
    "cvd_12bars": 595.0634500000001,
    "long_short_ratio": null
  },
  "ETH": {
    "funding_hr_pct": -0.00022844,
    "open_interest": 426163.061,
    "cvd_total": -21565.70229999999,
    "cvd_12bars": 1539.5528000000006,
    "long_short_ratio": null
  }
}