{
  "BTC": {
    "funding_hr_pct": 0.00125,
    "open_interest": 31706.03808,
    "cvd_total": 9016.527710000002,
    "cvd_12bars": 2047.76442,
    "long_short_ratio": null
  },
  "ETH": {
    "funding_hr_pct": 0.00118764,
    "open_interest": 736792.6408,
    "cvd_total": 196860.6609,
    "cvd_12bars": 25292.830299999994,
    "long_short_ratio": null
  }
}