{
  "BTC": {
    "funding_hr_pct": 0.00030484,
    "open_interest": 28518.601,
    "cvd_total": -1034.7151799999997,
    "cvd_12bars": -264.2351,
    "long_short_ratio": null
  },
  "ETH": {
    "funding_hr_pct": 0.00098364,
    "open_interest": 528296.1452,
    "cvd_total": -6301.853100000002,
    "cvd_12bars": -9159.2699,
    "long_short_ratio": null
  }
}