{
  "BTC": {
    "funding_hr_pct": 0.00125,
    "open_interest": 26592.06156,
    "cvd_total": -7514.23543,
    "cvd_12bars": -319.0430799999999,
    "long_short_ratio": null
  },
  "ETH": {
    "funding_hr_pct": 0.00125,
    "open_interest": 571938.741,
    "cvd_total": -7161.9001,
    "cvd_12bars": -7834.666900000001,
    "long_short_ratio": null
  }
}