{
  "BTC": {
    "funding_hr_pct": -0.00032113,
    "open_interest": 28926.7001999999,
    "cvd_total": -6416.802440000001,
    "cvd_12bars": 249.49932,
    "long_short_ratio": null
  },
  "ETH": {
    "funding_hr_pct": 0.0006119599999999999,
    "open_interest": 564305.2044,
    "cvd_total": -122163.48329999995,
    "cvd_12bars": 21575.6429,
    "long_short_ratio": null
  }
}