{
  "BTC": {
    "funding_hr_pct": 0.00125,
    "open_interest": 27031.50004,
    "cvd_total": -5066.382119999998,
    "cvd_12bars": 491.52935,
    "long_short_ratio": null
  },
  "ETH": {
    "funding_hr_pct": 0.00125,
    "open_interest": 580406.7661999997,
    "cvd_total": 33366.70700000001,
    "cvd_12bars": 362.7170000000001,
    "long_short_ratio": null
  }
}