{
  "BTC": {
    "funding_hr_pct": 0.00125,
    "open_interest": 35551.90448,
    "cvd_total": 4426.962000000002,
    "cvd_12bars": 211.89837999999995,
    "long_short_ratio": null
  },
  "ETH": {
    "funding_hr_pct": 0.00125,
    "open_interest": 776010.0301999996,
    "cvd_total": 95731.86039999996,
    "cvd_12bars": 7665.524899999999,
    "long_short_ratio": null
  }
}