{
  "BTC": {
    "funding_hr_pct": 0.00125,
    "open_interest": 32756.98482,
    "cvd_total": 3642.701400000001,
    "cvd_12bars": 6204.864889999999,
    "long_short_ratio": null
  },
  "ETH": {
    "funding_hr_pct": -0.00100251,
    "open_interest": 693845.3339999994,
    "cvd_total": -26768.1391,
    "cvd_12bars": 37258.4718,
    "long_short_ratio": null
  }
}