{
  "BTC": {
    "funding_hr_pct": -0.00073864,
    "open_interest": 27844.27424,
    "cvd_total": 9664.595480000002,
    "cvd_12bars": 324.51716999999996,
    "long_short_ratio": null
  },
  "ETH": {
    "funding_hr_pct": -0.00199979,
    "open_interest": 415666.7975999998,
    "cvd_total": 9038.084200000007,
    "cvd_12bars": 2723.6354999999994,
    "long_short_ratio": null
  }
}