{
  "BTC": {
    "funding_hr_pct": 0.00125,
    "open_interest": 38060.31382,
    "cvd_total": -1007.3305000000001,
    "cvd_12bars": -1373.6312399999997,
    "long_short_ratio": null
  },
  "ETH": {
    "funding_hr_pct": 0.00125,
    "open_interest": 820998.6528000005,
    "cvd_total": -10123.207199999997,
    "cvd_12bars": -27134.1227,
    "long_short_ratio": null
  }
}