{
  "BTC": {
    "funding_hr_pct": 0.00125,
    "open_interest": 30108.86676,
    "cvd_total": -206.31070000000005,
    "cvd_12bars": 1149.00466,
    "long_short_ratio": null
  },
  "ETH": {
    "funding_hr_pct": 0.00125,
    "open_interest": 574372.2972000003,
    "cvd_total": -19093.303199999988,
    "cvd_12bars": 31010.411300000003,
    "long_short_ratio": null
  }
}