{
  "BTC": {
    "funding_hr_pct": 0.0009616800000000001,
    "open_interest": 27418.65322,
    "cvd_total": -6144.303100000002,
    "cvd_12bars": 812.92124,
    "long_short_ratio": null
  },
  "ETH": {
    "funding_hr_pct": 0.00042011,
    "open_interest": 577498.5299999997,
    "cvd_total": -55331.47959999999,
    "cvd_12bars": -3594.8402999999958,
    "long_short_ratio": null
  }
}