{
  "BTC": {
    "funding_hr_pct": 0.00125,
    "open_interest": 30940.89516,
    "cvd_total": 2515.4167899999993,
    "cvd_12bars": 4328.94763,
    "long_short_ratio": null
  },
  "ETH": {
    "funding_hr_pct": 0.00125,
    "open_interest": 650491.066,
    "cvd_total": 141487.02570000003,
    "cvd_12bars": 154081.90379999997,
    "long_short_ratio": null
  }
}