{
  "BTC": {
    "funding_hr_pct": -0.0008047699999999999,
    "open_interest": 27601.23742,
    "cvd_total": 13214.125309999992,
    "cvd_12bars": -1285.17014,
    "long_short_ratio": null
  },
  "ETH": {
    "funding_hr_pct": -0.00150721,
    "open_interest": 494602.1302000004,
    "cvd_total": 140095.42230000018,
    "cvd_12bars": -15078.4659,
    "long_short_ratio": null
  }
}