{
  "BTC": {
    "funding_hr_pct": -0.0017130300000000002,
    "open_interest": 27151.20598,
    "cvd_total": 5599.605669999997,
    "cvd_12bars": 2287.84683,
    "long_short_ratio": null
  },
  "ETH": {
    "funding_hr_pct": -0.00351149,
    "open_interest": 469182.4531999998,
    "cvd_total": -40346.26909999996,
    "cvd_12bars": -13392.359299999996,
    "long_short_ratio": null
  }
}