{
  "BTC": {
    "funding_hr_pct": -0.0012523299999999998,
    "open_interest": 28666.40724,
    "cvd_total": 7040.817420000003,
    "cvd_12bars": -111.18691999999993,
    "long_short_ratio": null
  },
  "ETH": {
    "funding_hr_pct": -5.6410000000000004e-05,
    "open_interest": 584433.3187999993,
    "cvd_total": 86395.54580000002,
    "cvd_12bars": -12232.0808,
    "long_short_ratio": null
  }
}