{
  "BTC": {
    "funding_hr_pct": 0.00014905,
    "open_interest": 33432.82846,
    "cvd_total": -2575.180459999992,
    "cvd_12bars": 2781.4409299999998,
    "long_short_ratio": null
  },
  "ETH": {
    "funding_hr_pct": -0.00142048,
    "open_interest": 674549.8011999998,
    "cvd_total": -95663.85590000002,
    "cvd_12bars": 16058.523299999997,
    "long_short_ratio": null
  }
}