{
  "BTC": {
    "funding_hr_pct": 8.957999999999999e-05,
    "open_interest": 27932.29598,
    "cvd_total": -4893.428509999998,
    "cvd_12bars": -302.55218999999994,
    "long_short_ratio": null
  },
  "ETH": {
    "funding_hr_pct": 0.0008428699999999999,
    "open_interest": 578180.4188000001,
    "cvd_total": 1276.936100000001,
    "cvd_12bars": 3419.5743,
    "long_short_ratio": null
  }
}