{
  "BTC": {
    "funding_hr_pct": 0.00039151,
    "open_interest": 27888.86634,
    "cvd_total": 6201.663289999999,
    "cvd_12bars": 1592.66105,
    "long_short_ratio": null
  },
  "ETH": {
    "funding_hr_pct": 0.00104675,
    "open_interest": 582155.3325999995,
    "cvd_total": 89736.75899999998,
    "cvd_12bars": 33744.916,
    "long_short_ratio": null
  }
}