{
  "BTC": {
    "funding_hr_pct": -0.00049674,
    "open_interest": 25590.6361,
    "cvd_total": 2035.5445800000005,
    "cvd_12bars": 2274.6530799999996,
    "long_short_ratio": null
  },
  "ETH": {
    "funding_hr_pct": 0.00015651,
    "open_interest": 546162.9643999998,
    "cvd_total": -74464.62810000003,
    "cvd_12bars": 17635.078299999997,
    "long_short_ratio": null
  }
}