{
  "BTC": {
    "funding_hr_pct": 0.00125,
    "open_interest": 35947.7851,
    "cvd_total": 6746.122890000002,
    "cvd_12bars": 1391.0681299999999,
    "long_short_ratio": null
  },
  "ETH": {
    "funding_hr_pct": 0.00125,
    "open_interest": 766064.2074,
    "cvd_total": 163990.6488000001,
    "cvd_12bars": 51456.7928,
    "long_short_ratio": null
  }
}