{
  "BTC": {
    "funding_hr_pct": 8.591e-05,
    "open_interest": 31325.74628,
    "cvd_total": -9475.640840000002,
    "cvd_12bars": -381.83256999999986,
    "long_short_ratio": null
  },
  "ETH": {
    "funding_hr_pct": 0.00125,
    "open_interest": 632652.4292000004,
    "cvd_total": -115425.27399999995,
    "cvd_12bars": 23038.545900000005,
    "long_short_ratio": null
  }
}