{
  "BTC": {
    "funding_hr_pct": -0.00051953,
    "open_interest": 27191.1089,
    "cvd_total": -7206.853699999999,
    "cvd_12bars": -3222.45755,
    "long_short_ratio": null
  },
  "ETH": {
    "funding_hr_pct": -0.00143444,
    "open_interest": 447395.6886000001,
    "cvd_total": -157146.4182999999,
    "cvd_12bars": -37917.5011,
    "long_short_ratio": null
  }
}