{
  "BTC": {
    "funding_hr_pct": 0.00125,
    "open_interest": 27111.75336,
    "cvd_total": -6067.821520000002,
    "cvd_12bars": 2939.9660200000003,
    "long_short_ratio": null
  },
  "ETH": {
    "funding_hr_pct": 0.00125,
    "open_interest": 574534.367,
    "cvd_total": -24267.07700000002,
    "cvd_12bars": 33260.041699999994,
    "long_short_ratio": null
  }
}