{
  "BTC": {
    "funding_hr_pct": 0.00082854,
    "open_interest": 30527.41036,
    "cvd_total": 3381.642539999998,
    "cvd_12bars": 1095.82423,
    "long_short_ratio": null
  },
  "ETH": {
    "funding_hr_pct": 0.0009099,
    "open_interest": 518629.2796,
    "cvd_total": 57842.6513,
    "cvd_12bars": 5947.756599999997,
    "long_short_ratio": null
  }
}