{
  "BTC": {
    "funding_hr_pct": -0.0001667,
    "open_interest": 25327.1445999999,
    "cvd_total": 2801.899109999998,
    "cvd_12bars": 3706.67866,
    "long_short_ratio": null
  },
  "ETH": {
    "funding_hr_pct": 0.00067735,
    "open_interest": 552369.6062000017,
    "cvd_total": -49216.967599999996,
    "cvd_12bars": 32205.949599999993,
    "long_short_ratio": null
  }
}