{
  "BTC": {
    "funding_hr_pct": 0.00125,
    "open_interest": 32643.13352,
    "cvd_total": 6288.528969999999,
    "cvd_12bars": -10719.006589999999,
    "long_short_ratio": null
  },
  "ETH": {
    "funding_hr_pct": 0.00037711,
    "open_interest": 679937.7065999998,
    "cvd_total": -129843.43349999996,
    "cvd_12bars": -49515.771400000005,
    "long_short_ratio": null
  }
}