{
  "BTC": {
    "funding_hr_pct": 0.00125,
    "open_interest": 28678.33054,
    "cvd_total": 17747.767670000005,
    "cvd_12bars": 1195.8392499999998,
    "long_short_ratio": null
  },
  "ETH": {
    "funding_hr_pct": 0.00051675,
    "open_interest": 604073.211200001,
    "cvd_total": 251087.71790000013,
    "cvd_12bars": 11997.289200000001,
    "long_short_ratio": null
  }
}