{
  "BTC": {
    "funding_hr_pct": -0.00053907,
    "open_interest": 29059.29768,
    "cvd_total": -8441.691790000003,
    "cvd_12bars": 1097.20994,
    "long_short_ratio": null
  },
  "ETH": {
    "funding_hr_pct": -0.00057184,
    "open_interest": 587456.4957999998,
    "cvd_total": -180115.27420000007,
    "cvd_12bars": 23313.545400000003,
    "long_short_ratio": null
  }
}