{
  "BTC": {
    "funding_hr_pct": 0.00022823,
    "open_interest": 26390.54884,
    "cvd_total": -1841.7965300000003,
    "cvd_12bars": 43.898250000000175,
    "long_short_ratio": null
  },
  "ETH": {
    "funding_hr_pct": -0.00043145,
    "open_interest": 438769.0513999999,
    "cvd_total": -104497.20890000004,
    "cvd_12bars": -6665.983099999998,
    "long_short_ratio": null
  }
}