{
  "BTC": {
    "funding_hr_pct": 0.00120364,
    "open_interest": 30876.80968,
    "cvd_total": -1330.1580700000013,
    "cvd_12bars": -153.83560999999986,
    "long_short_ratio": null
  },
  "ETH": {
    "funding_hr_pct": -0.0015971899999999999,
    "open_interest": 670876.745,
    "cvd_total": -18185.9219,
    "cvd_12bars": -5746.267900000004,
    "long_short_ratio": null
  }
}