{
  "BTC": {
    "funding_hr_pct": 0.00048182,
    "open_interest": 27420.72984,
    "cvd_total": 204.24221000000034,
    "cvd_12bars": 768.61518,
    "long_short_ratio": null
  },
  "ETH": {
    "funding_hr_pct": -0.00065304,
    "open_interest": 433494.8706,
    "cvd_total": 44663.10129999999,
    "cvd_12bars": 5285.856100000001,
    "long_short_ratio": null
  }
}