{
  "BTC": {
    "funding_hr_pct": -0.00044034,
    "open_interest": 31405.51524,
    "cvd_total": 2815.5225099999993,
    "cvd_12bars": 465.14700999999997,
    "long_short_ratio": null
  },
  "ETH": {
    "funding_hr_pct": -0.00075057,
    "open_interest": 694652.7791999999,
    "cvd_total": -33087.08550000006,
    "cvd_12bars": 26478.641399999997,
    "long_short_ratio": null
  }
}