{
  "BTC": {
    "funding_hr_pct": 0.00030783,
    "open_interest": 30062.9689,
    "cvd_total": 5512.12286,
    "cvd_12bars": -327.30947,
    "long_short_ratio": null
  },
  "ETH": {
    "funding_hr_pct": 0.00125,
    "open_interest": 627616.8750000002,
    "cvd_total": 178744.8889,
    "cvd_12bars": -19025.3145,
    "long_short_ratio": null
  }
}