{
  "BTC": {
    "funding_hr_pct": 0.00102305,
    "open_interest": 26676.04184,
    "cvd_total": -897.4022799999997,
    "cvd_12bars": -1635.3260500000001,
    "long_short_ratio": null
  },
  "ETH": {
    "funding_hr_pct": 0.0005119300000000001,
    "open_interest": 472609.2184000001,
    "cvd_total": -78802.88930000001,
    "cvd_12bars": -92184.5355,
    "long_short_ratio": null
  }
}