{
  "BTC": {
    "funding_hr_pct": 0.00125,
    "open_interest": 28435.99574,
    "cvd_total": 7947.624130000005,
    "cvd_12bars": 998.9248100000001,
    "long_short_ratio": null
  },
  "ETH": {
    "funding_hr_pct": 0.00125,
    "open_interest": 594687.8214000008,
    "cvd_total": 167205.619,
    "cvd_12bars": 18039.2466,
    "long_short_ratio": null
  }
}