{
  "BTC": {
    "funding_hr_pct": 0.00082895,
    "open_interest": 27882.97526,
    "cvd_total": 2535.85449,
    "cvd_12bars": 318.49653000000006,
    "long_short_ratio": null
  },
  "ETH": {
    "funding_hr_pct": -0.0010903,
    "open_interest": 429758.1715999999,
    "cvd_total": -13010.673000000003,
    "cvd_12bars": 11931.1004,
    "long_short_ratio": null
  }
}