{
  "BTC": {
    "funding_hr_pct": 0.00028870999999999996,
    "open_interest": 29851.33616,
    "cvd_total": -3087.925840000001,
    "cvd_12bars": 540.54631,
    "long_short_ratio": null
  },
  "ETH": {
    "funding_hr_pct": 0.00125,
    "open_interest": 757107.6254000003,
    "cvd_total": -35173.77640000003,
    "cvd_12bars": -13445.469899999998,
    "long_short_ratio": null
  }
}