{
  "BTC": {
    "funding_hr_pct": -0.00136857,
    "open_interest": 26808.43322,
    "cvd_total": -3620.440059999999,
    "cvd_12bars": -193.09083000000004,
    "long_short_ratio": null
  },
  "ETH": {
    "funding_hr_pct": -0.0017160399999999998,
    "open_interest": 566610.8957999997,
    "cvd_total": -130441.2422,
    "cvd_12bars": -25628.750299999996,
    "long_short_ratio": null
  }
}