{
  "BTC": {
    "funding_hr_pct": 0.00125,
    "open_interest": 33868.54394,
    "cvd_total": 145.2088799999993,
    "cvd_12bars": -3120.5287999999996,
    "long_short_ratio": null
  },
  "ETH": {
    "funding_hr_pct": 0.00125,
    "open_interest": 830093.9901999999,
    "cvd_total": -138465.32510000005,
    "cvd_12bars": 9138.0609,
    "long_short_ratio": null
  }
}