{
  "BTC": {
    "funding_hr_pct": 3.797e-05,
    "open_interest": 29162.3234,
    "cvd_total": 2712.121889999997,
    "cvd_12bars": 197.30165,
    "long_short_ratio": null
  },
  "ETH": {
    "funding_hr_pct": 0.00125,
    "open_interest": 543229.5350000003,
    "cvd_total": 8178.5272,
    "cvd_12bars": 8486.5354,
    "long_short_ratio": null
  }
}