{
  "BTC": {
    "funding_hr_pct": 3.319e-05,
    "open_interest": 27659.8789,
    "cvd_total": -5920.139199999998,
    "cvd_12bars": 127.16789,
    "long_short_ratio": null
  },
  "ETH": {
    "funding_hr_pct": -8.358e-05,
    "open_interest": 432778.4403999998,
    "cvd_total": -65179.71499999995,
    "cvd_12bars": 1627.8755999999998,
    "long_short_ratio": null
  }
}