{
  "BTC": {
    "funding_hr_pct": 0.00125,
    "open_interest": 32921.13654,
    "cvd_total": 5123.689750000002,
    "cvd_12bars": -588.5711300000002,
    "long_short_ratio": null
  },
  "ETH": {
    "funding_hr_pct": 0.00125,
    "open_interest": 718567.5806000003,
    "cvd_total": 192444.46520000015,
    "cvd_12bars": -10738.752299999998,
    "long_short_ratio": null
  }
}