{
  "BTC": {
    "funding_hr_pct": 0.00125,
    "open_interest": 30973.45416,
    "cvd_total": -7283.677180000001,
    "cvd_12bars": 67.19924000000003,
    "long_short_ratio": null
  },
  "ETH": {
    "funding_hr_pct": 0.00125,
    "open_interest": 529400.5851999999,
    "cvd_total": -164366.1066,
    "cvd_12bars": 10780.196399999997,
    "long_short_ratio": null
  }
}