{
  "BTC": {
    "funding_hr_pct": -0.00025386,
    "open_interest": 28261.4258,
    "cvd_total": -925.3512499999996,
    "cvd_12bars": 310.84763,
    "long_short_ratio": null
  },
  "ETH": {
    "funding_hr_pct": 0.00096395,
    "open_interest": 553015.6231999999,
    "cvd_total": 3368.6377999999945,
    "cvd_12bars": 5474.0975,
    "long_short_ratio": null
  }
}