{
  "BTC": {
    "funding_hr_pct": -0.00036916,
    "open_interest": 29855.5658,
    "cvd_total": 1546.9964900000002,
    "cvd_12bars": -55.013009999999994,
    "long_short_ratio": null
  },
  "ETH": {
    "funding_hr_pct": -0.0007797300000000001,
    "open_interest": 810262.671,
    "cvd_total": -27930.306399999998,
    "cvd_12bars": -8260.9954,
    "long_short_ratio": null
  }
}