{
  "BTC": {
    "funding_hr_pct": 0.00125,
    "open_interest": 39804.1615,
    "cvd_total": 4928.2829600000005,
    "cvd_12bars": 2365.07858,
    "long_short_ratio": null
  },
  "ETH": {
    "funding_hr_pct": 0.00125,
    "open_interest": 986778.6185999999,
    "cvd_total": 73580.20009999997,
    "cvd_12bars": 13574.0236,
    "long_short_ratio": null
  }
}