{
  "BTC": {
    "funding_hr_pct": 0.00125,
    "open_interest": 27155.50288,
    "cvd_total": 8668.970670000004,
    "cvd_12bars": 4493.20915,
    "long_short_ratio": null
  },
  "ETH": {
    "funding_hr_pct": 0.00110681,
    "open_interest": 562026.1682000003,
    "cvd_total": 43120.66210000001,
    "cvd_12bars": 19453.631499999996,
    "long_short_ratio": null
  }
}