{
  "BTC": {
    "funding_hr_pct": 0.00062173,
    "open_interest": 25634.46634,
    "cvd_total": -545.6452400000002,
    "cvd_12bars": 934.7146899999999,
    "long_short_ratio": null
  },
  "ETH": {
    "funding_hr_pct": 0.00125,
    "open_interest": 509076.694,
    "cvd_total": -92055.7112,
    "cvd_12bars": 12995.2829,
    "long_short_ratio": null
  }
}