{
  "BTC": {
    "funding_hr_pct": 0.00125,
    "open_interest": 32385.65928,
    "cvd_total": 1144.9258599999994,
    "cvd_12bars": 239.28600999999995,
    "long_short_ratio": null
  },
  "ETH": {
    "funding_hr_pct": 0.0005781,
    "open_interest": 759604.5196,
    "cvd_total": 57148.89559999995,
    "cvd_12bars": -9055.4696,
    "long_short_ratio": null
  }
}