{
  "BTC": {
    "funding_hr_pct": 0.00111819,
    "open_interest": 32702.4744,
    "cvd_total": -2580.8335299999985,
    "cvd_12bars": 153.92952000000002,
    "long_short_ratio": null
  },
  "ETH": {
    "funding_hr_pct": 0.00070943,
    "open_interest": 729990.3312,
    "cvd_total": -312060.085,
    "cvd_12bars": 4341.2688,
    "long_short_ratio": null
  }
}