{
  "BTC": {
    "funding_hr_pct": -0.00067158,
    "open_interest": 26741.90082,
    "cvd_total": 242.68204999999938,
    "cvd_12bars": -324.87424,
    "long_short_ratio": null
  },
  "ETH": {
    "funding_hr_pct": -0.00043227,
    "open_interest": 565281.2953999997,
    "cvd_total": 58257.734699999965,
    "cvd_12bars": -21.29899999999884,
    "long_short_ratio": null
  }
}