{
  "BTC": {
    "funding_hr_pct": -0.0016258800000000001,
    "open_interest": 27850.48622,
    "cvd_total": -15246.73999,
    "cvd_12bars": -420.0246599999999,
    "long_short_ratio": null
  },
  "ETH": {
    "funding_hr_pct": -0.0003501,
    "open_interest": 585841.9957999998,
    "cvd_total": -284715.3918,
    "cvd_12bars": 23847.416399999995,
    "long_short_ratio": null
  }
}