{
  "BTC": {
    "funding_hr_pct": 0.00125,
    "open_interest": 37661.9534800002,
    "cvd_total": -3376.932629999999,
    "cvd_12bars": -1073.72373,
    "long_short_ratio": null
  },
  "ETH": {
    "funding_hr_pct": 0.00125,
    "open_interest": 802785.6754000008,
    "cvd_total": 24475.045300000034,
    "cvd_12bars": -11960.064600000002,
    "long_short_ratio": null
  }
}