{
  "BTC": {
    "funding_hr_pct": -0.00123906,
    "open_interest": 27546.23322,
    "cvd_total": 9556.00073,
    "cvd_12bars": 261.61025,
    "long_short_ratio": null
  },
  "ETH": {
    "funding_hr_pct": -0.0017038399999999999,
    "open_interest": 409400.4924000003,
    "cvd_total": 20879.026599999994,
    "cvd_12bars": -3849.5854,
    "long_short_ratio": null
  }
}