{
  "BTC": {
    "funding_hr_pct": -0.0033206,
    "open_interest": 27516.1495,
    "cvd_total": 17363.747879999995,
    "cvd_12bars": -3441.84645,
    "long_short_ratio": null
  },
  "ETH": {
    "funding_hr_pct": -0.00297088,
    "open_interest": 527904.2485999999,
    "cvd_total": 170249.41920000006,
    "cvd_12bars": -48284.13619999999,
    "long_short_ratio": null
  }
}