{
  "BTC": {
    "funding_hr_pct": 0.0005921300000000001,
    "open_interest": 28239.79228,
    "cvd_total": 16307.159880000003,
    "cvd_12bars": 328.04118000000005,
    "long_short_ratio": null
  },
  "ETH": {
    "funding_hr_pct": 0.00056809,
    "open_interest": 603087.9924000001,
    "cvd_total": 241126.13900000005,
    "cvd_12bars": 2628.0637,
    "long_short_ratio": null
  }
}