{
  "BTC": {
    "funding_hr_pct": 0.00125,
    "open_interest": 31526.7985,
    "cvd_total": 5063.934689999998,
    "cvd_12bars": -3.6120000000001085,
    "long_short_ratio": null
  },
  "ETH": {
    "funding_hr_pct": 0.00125,
    "open_interest": 808387.1829999997,
    "cvd_total": 115789.1852,
    "cvd_12bars": -11777.076599999999,
    "long_short_ratio": null
  }
}