{
  "BTC": {
    "funding_hr_pct": 0.00056733,
    "open_interest": 29880.47994,
    "cvd_total": -9936.047800000004,
    "cvd_12bars": -4566.28116,
    "long_short_ratio": null
  },
  "ETH": {
    "funding_hr_pct": 0.00076069,
    "open_interest": 575175.7692,
    "cvd_total": -171773.2824,
    "cvd_12bars": -131711.66710000002,
    "long_short_ratio": null
  }
}