{
  "BTC": {
    "funding_hr_pct": 0.00081049,
    "open_interest": 26475.73536,
    "cvd_total": -7583.499510000002,
    "cvd_12bars": -1355.05766,
    "long_short_ratio": null
  },
  "ETH": {
    "funding_hr_pct": 0.00036629,
    "open_interest": 578324.9734,
    "cvd_total": -58958.4439,
    "cvd_12bars": -23291.843100000002,
    "long_short_ratio": null
  }
}