{
  "BTC": {
    "funding_hr_pct": 0.00019992,
    "open_interest": 26484.24344,
    "cvd_total": -877.7075800000009,
    "cvd_12bars": -244.75312000000002,
    "long_short_ratio": null
  },
  "ETH": {
    "funding_hr_pct": -0.00014947000000000002,
    "open_interest": 565245.5124000004,
    "cvd_total": -15232.016300000012,
    "cvd_12bars": -6205.894099999999,
    "long_short_ratio": null
  }
}