{
  "BTC": {
    "funding_hr_pct": 0.00038216,
    "open_interest": 27056.13816,
    "cvd_total": -5333.620410000002,
    "cvd_12bars": -410.95381,
    "long_short_ratio": null
  },
  "ETH": {
    "funding_hr_pct": 0.00027406,
    "open_interest": 579496.5080000004,
    "cvd_total": 4533.89659999998,
    "cvd_12bars": -397.9232000000002,
    "long_short_ratio": null
  }
}