{
  "BTC": {
    "funding_hr_pct": -0.00032040000000000004,
    "open_interest": 26954.50386,
    "cvd_total": 613.9561800000014,
    "cvd_12bars": -1600.8283900000001,
    "long_short_ratio": null
  },
  "ETH": {
    "funding_hr_pct": 0.00030442999999999996,
    "open_interest": 574231.8367999999,
    "cvd_total": -42962.16120000001,
    "cvd_12bars": -44749.656299999995,
    "long_short_ratio": null
  }
}