{
  "BTC": {
    "funding_hr_pct": -3.268e-05,
    "open_interest": 29935.11162,
    "cvd_total": 1950.8480899999986,
    "cvd_12bars": 490.13829,
    "long_short_ratio": null
  },
  "ETH": {
    "funding_hr_pct": 0.00029109,
    "open_interest": 806461.1301999999,
    "cvd_total": -38336.1305,
    "cvd_12bars": 16799.442400000004,
    "long_short_ratio": null
  }
}