{
  "BTC": {
    "funding_hr_pct": -0.00107043,
    "open_interest": 29520.68656,
    "cvd_total": 5752.993579999998,
    "cvd_12bars": -225.8646899999999,
    "long_short_ratio": null
  },
  "ETH": {
    "funding_hr_pct": 0.00125,
    "open_interest": 532237.7605999998,
    "cvd_total": 42234.069500000005,
    "cvd_12bars": 15725.337199999998,
    "long_short_ratio": null
  }
}