{
  "BTC": {
    "funding_hr_pct": 0.00125,
    "open_interest": 31720.3115,
    "cvd_total": 32.130040000001436,
    "cvd_12bars": 2620.27709,
    "long_short_ratio": null
  },
  "ETH": {
    "funding_hr_pct": 0.00125,
    "open_interest": 695265.4924000005,
    "cvd_total": -114482.64850000002,
    "cvd_12bars": 26697.957399999996,
    "long_short_ratio": null
  }
}