{
  "BTC": {
    "funding_hr_pct": 0.0010780100000000001,
    "open_interest": 27234.73144,
    "cvd_total": -50.77296000000025,
    "cvd_12bars": -231.03244,
    "long_short_ratio": null
  },
  "ETH": {
    "funding_hr_pct": 0.00125,
    "open_interest": 423123.9256,
    "cvd_total": 13646.244999999997,
    "cvd_12bars": -380.00389999999993,
    "long_short_ratio": null
  }
}