{
  "BTC": {
    "funding_hr_pct": -0.00019910000000000001,
    "open_interest": 26745.16016,
    "cvd_total": 10265.151440000001,
    "cvd_12bars": 539.52949,
    "long_short_ratio": null
  },
  "ETH": {
    "funding_hr_pct": 0.00037091,
    "open_interest": 581455.8696000006,
    "cvd_total": 250898.7205999999,
    "cvd_12bars": 13763.947100000001,
    "long_short_ratio": null
  }
}