{
  "BTC": {
    "funding_hr_pct": -0.00124237,
    "open_interest": 31687.66408,
    "cvd_total": -11927.813129999997,
    "cvd_12bars": 2129.2805499999995,
    "long_short_ratio": null
  },
  "ETH": {
    "funding_hr_pct": -0.00109128,
    "open_interest": 640199.5647999991,
    "cvd_total": -245102.8238999999,
    "cvd_12bars": -41619.690200000005,
    "long_short_ratio": null
  }
}