{
  "BTC": {
    "funding_hr_pct": 0.00061202,
    "open_interest": 29057.28398,
    "cvd_total": -2067.0949800000017,
    "cvd_12bars": -469.62124,
    "long_short_ratio": null
  },
  "ETH": {
    "funding_hr_pct": 0.0009933,
    "open_interest": 554233.5838,
    "cvd_total": -55780.638899999976,
    "cvd_12bars": 3798.383500000001,
    "long_short_ratio": null
  }
}