{
  "BTC": {
    "funding_hr_pct": 0.00125,
    "open_interest": 35904.57552,
    "cvd_total": 14835.336600000006,
    "cvd_12bars": 364.10101000000003,
    "long_short_ratio": null
  },
  "ETH": {
    "funding_hr_pct": 0.00125,
    "open_interest": 935935.4589999996,
    "cvd_total": 31002.127299999982,
    "cvd_12bars": 10854.762,
    "long_short_ratio": null
  }
}