{
  "BTC": {
    "funding_hr_pct": 0.00125,
    "open_interest": 38404.54466,
    "cvd_total": -7167.04777,
    "cvd_12bars": -2569.1645000000003,
    "long_short_ratio": null
  },
  "ETH": {
    "funding_hr_pct": 0.00125,
    "open_interest": 799489.4930000006,
    "cvd_total": -118014.08329999995,
    "cvd_12bars": -47346.977900000005,
    "long_short_ratio": null
  }
}