{
  "BTC": {
    "funding_hr_pct": 0.00017234000000000002,
    "open_interest": 27740.00542,
    "cvd_total": -244.0774800000022,
    "cvd_12bars": 23.01678,
    "long_short_ratio": null
  },
  "ETH": {
    "funding_hr_pct": -0.00076625,
    "open_interest": 580746.9297999998,
    "cvd_total": -83701.61289999996,
    "cvd_12bars": -9350.991600000001,
    "long_short_ratio": null
  }
}