{
  "BTC": {
    "funding_hr_pct": 0.00125,
    "open_interest": 29348.9951,
    "cvd_total": 3829.8794199999984,
    "cvd_12bars": 465.65330999999986,
    "long_short_ratio": null
  },
  "ETH": {
    "funding_hr_pct": 0.00125,
    "open_interest": 522475.5657999999,
    "cvd_total": 21021.558500000006,
    "cvd_12bars": 926.4737999999979,
    "long_short_ratio": null
  }
}