{
  "BTC": {
    "funding_hr_pct": 0.00017458,
    "open_interest": 27147.01564,
    "cvd_total": 10505.515930000001,
    "cvd_12bars": 152.62806999999998,
    "long_short_ratio": null
  },
  "ETH": {
    "funding_hr_pct": -0.00054491,
    "open_interest": 450370.5701999998,
    "cvd_total": 29740.620899999994,
    "cvd_12bars": -7967.148700000002,
    "long_short_ratio": null
  }
}