{
  "BTC": {
    "funding_hr_pct": 0.00065695,
    "open_interest": 27576.37292,
    "cvd_total": 1039.1457799999998,
    "cvd_12bars": -934.8756600000003,
    "long_short_ratio": null
  },
  "ETH": {
    "funding_hr_pct": 0.00091168,
    "open_interest": 572544.5593999998,
    "cvd_total": -15495.257599999994,
    "cvd_12bars": 3536.535599999998,
    "long_short_ratio": null
  }
}