{
  "BTC": {
    "funding_hr_pct": -0.00417331,
    "open_interest": 28268.38832,
    "cvd_total": 20398.82295999999,
    "cvd_12bars": -1221.9214099999997,
    "long_short_ratio": null
  },
  "ETH": {
    "funding_hr_pct": -0.00394702,
    "open_interest": 561239.2442000002,
    "cvd_total": 201215.59819999998,
    "cvd_12bars": -134944.31860000003,
    "long_short_ratio": null
  }
}