{
  "BTC": {
    "funding_hr_pct": 0.00045202999999999997,
    "open_interest": 33510.42012,
    "cvd_total": -2788.892169999999,
    "cvd_12bars": -1066.6404199999995,
    "long_short_ratio": null
  },
  "ETH": {
    "funding_hr_pct": 0.00026606,
    "open_interest": 669280.7322000002,
    "cvd_total": -236727.45500000016,
    "cvd_12bars": -28189.3758,
    "long_short_ratio": null
  }
}