{
  "BTC": {
    "funding_hr_pct": 0.0001168,
    "open_interest": 28495.9372,
    "cvd_total": 1787.0439500000023,
    "cvd_12bars": 280.20986,
    "long_short_ratio": null
  },
  "ETH": {
    "funding_hr_pct": 0.00078365,
    "open_interest": 554592.8841999999,
    "cvd_total": 6992.273999999993,
    "cvd_12bars": -1083.9876000000002,
    "long_short_ratio": null
  }
}