{
  "BTC": {
    "funding_hr_pct": 0.00125,
    "open_interest": 37472.31504,
    "cvd_total": 1102.4267399999994,
    "cvd_12bars": 595.6195399999999,
    "long_short_ratio": null
  },
  "ETH": {
    "funding_hr_pct": 0.00125,
    "open_interest": 805608.7462000006,
    "cvd_total": 128929.1244,
    "cvd_12bars": 13721.317900000005,
    "long_short_ratio": null
  }
}