{
  "BTC": {
    "funding_hr_pct": -0.00031525,
    "open_interest": 27273.60932,
    "cvd_total": 3221.843699999999,
    "cvd_12bars": -320.5463499999999,
    "long_short_ratio": null
  },
  "ETH": {
    "funding_hr_pct": 0.00125,
    "open_interest": 567559.4335999994,
    "cvd_total": 64741.83719999998,
    "cvd_12bars": 4331.723499999999,
    "long_short_ratio": null
  }
}