{
  "BTC": {
    "funding_hr_pct": 0.00065937,
    "open_interest": 27364.66332,
    "cvd_total": -2630.8228399999975,
    "cvd_12bars": 322.09426,
    "long_short_ratio": null
  },
  "ETH": {
    "funding_hr_pct": 0.00125,
    "open_interest": 464106.6994000001,
    "cvd_total": -17211.6513,
    "cvd_12bars": -12715.1533,
    "long_short_ratio": null
  }
}