{
  "BTC": {
    "funding_hr_pct": 0.00077709,
    "open_interest": 33150.2275,
    "cvd_total": -6604.835889999997,
    "cvd_12bars": -868.4603800000001,
    "long_short_ratio": null
  },
  "ETH": {
    "funding_hr_pct": -0.00018233,
    "open_interest": 672626.0965999999,
    "cvd_total": -108894.62389999998,
    "cvd_12bars": 11408.4811,
    "long_short_ratio": null
  }
}