{
  "BTC": {
    "funding_hr_pct": 0.00125,
    "open_interest": 37437.15904,
    "cvd_total": -1468.8212000000017,
    "cvd_12bars": -1794.08282,
    "long_short_ratio": null
  },
  "ETH": {
    "funding_hr_pct": 0.00125,
    "open_interest": 955416.1703999996,
    "cvd_total": -59248.09680000001,
    "cvd_12bars": -21536.8439,
    "long_short_ratio": null
  }
}