{
  "BTC": {
    "funding_hr_pct": 0.00125,
    "open_interest": 27043.88412,
    "cvd_total": -16735.859770000003,
    "cvd_12bars": -874.3136799999999,
    "long_short_ratio": null
  },
  "ETH": {
    "funding_hr_pct": 0.00125,
    "open_interest": 562324.6730000007,
    "cvd_total": -280957.4942000002,
    "cvd_12bars": 47354.722200000004,
    "long_short_ratio": null
  }
}