{
  "BTC": {
    "funding_hr_pct": 0.00125,
    "open_interest": 27376.91002,
    "cvd_total": -9743.02074,
    "cvd_12bars": -1028.8414400000001,
    "long_short_ratio": null
  },
  "ETH": {
    "funding_hr_pct": -0.00029335,
    "open_interest": 580520.3125999995,
    "cvd_total": -121795.04539999996,
    "cvd_12bars": -3785.7954000000027,
    "long_short_ratio": null
  }
}