{
  "BTC": {
    "funding_hr_pct": 0.00046952,
    "open_interest": 26470.29366,
    "cvd_total": -441.83630000000306,
    "cvd_12bars": -507.8134800000001,
    "long_short_ratio": null
  },
  "ETH": {
    "funding_hr_pct": -0.0014440199999999999,
    "open_interest": 433678.4278000004,
    "cvd_total": -89752.25069999996,
    "cvd_12bars": -3627.8018999999986,
    "long_short_ratio": null
  }
}