{
  "BTC": {
    "funding_hr_pct": 0.0005739300000000001,
    "open_interest": 32690.8973399999,
    "cvd_total": -5547.9216799999995,
    "cvd_12bars": -2916.95298,
    "long_short_ratio": null
  },
  "ETH": {
    "funding_hr_pct": -0.00244743,
    "open_interest": 685984.1133999989,
    "cvd_total": -28133.960700000003,
    "cvd_12bars": -42784.4167,
    "long_short_ratio": null
  }
}