{
  "BTC": {
    "funding_hr_pct": -0.00161051,
    "open_interest": 29210.30762,
    "cvd_total": -9755.213749999997,
    "cvd_12bars": -1999.5547699999997,
    "long_short_ratio": null
  },
  "ETH": {
    "funding_hr_pct": -0.00023322,
    "open_interest": 554448.7272000003,
    "cvd_total": -133948.2313999999,
    "cvd_12bars": -34314.4879,
    "long_short_ratio": null
  }
}