{
  "BTC": {
    "funding_hr_pct": 0.00125,
    "open_interest": 40875.6476,
    "cvd_total": -6643.385250000003,
    "cvd_12bars": 1041.4515499999998,
    "long_short_ratio": null
  },
  "ETH": {
    "funding_hr_pct": 0.00125,
    "open_interest": 964317.6968000002,
    "cvd_total": -217626.41739999998,
    "cvd_12bars": 14891.996700000002,
    "long_short_ratio": null
  }
}