{
  "BTC": {
    "funding_hr_pct": 0.00024139,
    "open_interest": 28766.9259,
    "cvd_total": -552.3711100000008,
    "cvd_12bars": -807.9493100000001,
    "long_short_ratio": null
  },
  "ETH": {
    "funding_hr_pct": -0.00064815,
    "open_interest": 569629.3286000001,
    "cvd_total": -60310.79219999993,
    "cvd_12bars": -3045.2531000000004,
    "long_short_ratio": null
  }
}