{
  "BTC": {
    "funding_hr_pct": -0.0008424799999999999,
    "open_interest": 28086.49324,
    "cvd_total": -1224.756169999997,
    "cvd_12bars": 1167.9798799999999,
    "long_short_ratio": null
  },
  "ETH": {
    "funding_hr_pct": -0.00053461,
    "open_interest": 562746.1338000001,
    "cvd_total": -176754.4676,
    "cvd_12bars": -15449.458399999996,
    "long_short_ratio": null
  }
}