{
  "BTC": {
    "funding_hr_pct": -0.0019514,
    "open_interest": 28860.23306,
    "cvd_total": -1247.5134999999993,
    "cvd_12bars": 157.32652999999993,
    "long_short_ratio": null
  },
  "ETH": {
    "funding_hr_pct": 0.0009526599999999999,
    "open_interest": 552578.1909999996,
    "cvd_total": 15493.369599999996,
    "cvd_12bars": 3877.4946,
    "long_short_ratio": null
  }
}