{
  "BTC": {
    "funding_hr_pct": 0.00125,
    "open_interest": 34939.48806,
    "cvd_total": 6929.865510000002,
    "cvd_12bars": 209.16111999999998,
    "long_short_ratio": null
  },
  "ETH": {
    "funding_hr_pct": 0.00125,
    "open_interest": 776835.5017999997,
    "cvd_total": 142303.8660000001,
    "cvd_12bars": -1957.9061000000004,
    "long_short_ratio": null
  }
}