{
  "BTC": {
    "funding_hr_pct": 8.307e-05,
    "open_interest": 25196.09724,
    "cvd_total": 9042.942519999995,
    "cvd_12bars": 3708.0553500000005,
    "long_short_ratio": null
  },
  "ETH": {
    "funding_hr_pct": 0.00051923,
    "open_interest": 439462.3474,
    "cvd_total": 109873.84249999993,
    "cvd_12bars": 4634.5112,
    "long_short_ratio": null
  }
}