{
  "BTC": {
    "funding_hr_pct": 0.00099712,
    "open_interest": 29292.3611,
    "cvd_total": 6353.056970000001,
    "cvd_12bars": 912.8972300000001,
    "long_short_ratio": null
  },
  "ETH": {
    "funding_hr_pct": 0.00125,
    "open_interest": 542639.3782000004,
    "cvd_total": 46556.49519999999,
    "cvd_12bars": 22196.7316,
    "long_short_ratio": null
  }
}