{
  "BTC": {
    "funding_hr_pct": 0.00125,
    "open_interest": 36349.04456,
    "cvd_total": 3638.5912599999997,
    "cvd_12bars": 527.03768,
    "long_short_ratio": null
  },
  "ETH": {
    "funding_hr_pct": 0.00125,
    "open_interest": 767428.687,
    "cvd_total": 116964.13840000008,
    "cvd_12bars": 20127.4653,
    "long_short_ratio": null
  }
}