{
  "BTC": {
    "funding_hr_pct": 0.00125,
    "open_interest": 27043.80556,
    "cvd_total": 346.46599000000015,
    "cvd_12bars": -345.29006,
    "long_short_ratio": null
  },
  "ETH": {
    "funding_hr_pct": -0.00044795,
    "open_interest": 431180.2512,
    "cvd_total": 32019.9829,
    "cvd_12bars": 4645.6509,
    "long_short_ratio": null
  }
}