{
  "BTC": {
    "funding_hr_pct": -0.00251126,
    "open_interest": 28405.0026,
    "cvd_total": 4071.7505799999994,
    "cvd_12bars": -1212.99018,
    "long_short_ratio": null
  },
  "ETH": {
    "funding_hr_pct": -0.00257988,
    "open_interest": 386340.1016000003,
    "cvd_total": -9041.437799999998,
    "cvd_12bars": -7352.507699999999,
    "long_short_ratio": null
  }
}