{
  "BTC": {
    "funding_hr_pct": 0.00057335,
    "open_interest": 27953.4866,
    "cvd_total": -5614.91215,
    "cvd_12bars": -970.9882499999998,
    "long_short_ratio": null
  },
  "ETH": {
    "funding_hr_pct": 0.00125,
    "open_interest": 552164.5297999999,
    "cvd_total": -118649.4475,
    "cvd_12bars": -34878.780300000006,
    "long_short_ratio": null
  }
}