{
  "BTC": {
    "funding_hr_pct": 0.00125,
    "open_interest": 34936.12504,
    "cvd_total": 5687.36483,
    "cvd_12bars": -167.91702999999998,
    "long_short_ratio": null
  },
  "ETH": {
    "funding_hr_pct": 0.00125,
    "open_interest": 775755.823,
    "cvd_total": 138644.33900000007,
    "cvd_12bars": -2006.2652999999987,
    "long_short_ratio": null
  }
}