{
  "BTC": {
    "funding_hr_pct": 0.00125,
    "open_interest": 36659.37602,
    "cvd_total": 2528.721879999998,
    "cvd_12bars": 186.3175,
    "long_short_ratio": null
  },
  "ETH": {
    "funding_hr_pct": 0.00125,
    "open_interest": 794919.9848,
    "cvd_total": 16652.14329999998,
    "cvd_12bars": 20254.981700000004,
    "long_short_ratio": null
  }
}