{
  "BTC": {
    "funding_hr_pct": -0.00012533,
    "open_interest": 26600.3693,
    "cvd_total": 3047.3126500000008,
    "cvd_12bars": -1928.9555899999996,
    "long_short_ratio": null
  },
  "ETH": {
    "funding_hr_pct": 0.00105136,
    "open_interest": 579839.1341999997,
    "cvd_total": 13247.253599999991,
    "cvd_12bars": -21528.954200000007,
    "long_short_ratio": null
  }
}