{
  "BTC": {
    "funding_hr_pct": -0.00041115000000000005,
    "open_interest": 26930.29814,
    "cvd_total": 13697.452379999992,
    "cvd_12bars": 556.4243200000001,
    "long_short_ratio": null
  },
  "ETH": {
    "funding_hr_pct": -0.00059908,
    "open_interest": 485072.2430000001,
    "cvd_total": 144710.4485000001,
    "cvd_12bars": 4529.0668,
    "long_short_ratio": null
  }
}