{
  "BTC": {
    "funding_hr_pct": 0.00125,
    "open_interest": 30048.87392,
    "cvd_total": -3429.233100000002,
    "cvd_12bars": 787.86643,
    "long_short_ratio": null
  },
  "ETH": {
    "funding_hr_pct": 0.00104824,
    "open_interest": 532884.8912000001,
    "cvd_total": -86018.257,
    "cvd_12bars": 11853.646700000001,
    "long_short_ratio": null
  }
}