{
  "BTC": {
    "funding_hr_pct": 0.00125,
    "open_interest": 30164.73202,
    "cvd_total": -20086.427759999995,
    "cvd_12bars": -2630.6966399999997,
    "long_short_ratio": null
  },
  "ETH": {
    "funding_hr_pct": 0.00125,
    "open_interest": 694788.3544000001,
    "cvd_total": -63971.858399999954,
    "cvd_12bars": -16124.3324,
    "long_short_ratio": null
  }
}