{
  "BTC": {
    "funding_hr_pct": -0.0010167,
    "open_interest": 27545.33438,
    "cvd_total": 9212.373249999999,
    "cvd_12bars": 86.86624999999997,
    "long_short_ratio": null
  },
  "ETH": {
    "funding_hr_pct": -0.00149723,
    "open_interest": 405193.291,
    "cvd_total": 7247.507400000011,
    "cvd_12bars": -5280.0776,
    "long_short_ratio": null
  }
}