{
  "BTC": {
    "funding_hr_pct": 0.00125,
    "open_interest": 37372.1862399999,
    "cvd_total": 1019.8348600000002,
    "cvd_12bars": 296.0565,
    "long_short_ratio": null
  },
  "ETH": {
    "funding_hr_pct": 0.00125,
    "open_interest": 803834.7832000004,
    "cvd_total": -14346.06870000005,
    "cvd_12bars": 286.78619999999967,
    "long_short_ratio": null
  }
}