{
  "BTC": {
    "funding_hr_pct": -0.00037915999999999997,
    "open_interest": 24342.0529,
    "cvd_total": 7642.625390000002,
    "cvd_12bars": -1362.8533000000002,
    "long_short_ratio": null
  },
  "ETH": {
    "funding_hr_pct": -0.00040883999999999994,
    "open_interest": 550477.3054,
    "cvd_total": 18414.590399999957,
    "cvd_12bars": -17134.989999999998,
    "long_short_ratio": null
  }
}