{
  "BTC": {
    "funding_hr_pct": 0.00125,
    "open_interest": 31180.16096,
    "cvd_total": -2310.5579699999994,
    "cvd_12bars": 573.0718799999997,
    "long_short_ratio": null
  },
  "ETH": {
    "funding_hr_pct": 0.00059738,
    "open_interest": 684063.2141999999,
    "cvd_total": 34623.79810000001,
    "cvd_12bars": 15432.151999999996,
    "long_short_ratio": null
  }
}