{
  "BTC": {
    "funding_hr_pct": 0.00125,
    "open_interest": 28568.80138,
    "cvd_total": 14874.306109999994,
    "cvd_12bars": 515.5581500000001,
    "long_short_ratio": null
  },
  "ETH": {
    "funding_hr_pct": 0.00046685000000000004,
    "open_interest": 600780.5318000003,
    "cvd_total": 228644.8915000001,
    "cvd_12bars": -574.2522999999997,
    "long_short_ratio": null
  }
}