{
  "BTC": {
    "funding_hr_pct": -0.0005359,
    "open_interest": 28672.4307199999,
    "cvd_total": 1057.0788099999995,
    "cvd_12bars": 484.41212,
    "long_short_ratio": null
  },
  "ETH": {
    "funding_hr_pct": 0.00125,
    "open_interest": 559428.4870000001,
    "cvd_total": 24727.21240000002,
    "cvd_12bars": 4942.2103,
    "long_short_ratio": null
  }
}