{
  "BTC": {
    "funding_hr_pct": 0.00125,
    "open_interest": 25771.9721,
    "cvd_total": -5400.16692,
    "cvd_12bars": -775.38094,
    "long_short_ratio": null
  },
  "ETH": {
    "funding_hr_pct": -0.00032129,
    "open_interest": 569027.7661999956,
    "cvd_total": -20891.784000000014,
    "cvd_12bars": 9360.853500000001,
    "long_short_ratio": null
  }
}