{
  "BTC": {
    "funding_hr_pct": -0.00136213,
    "open_interest": 31703.29374,
    "cvd_total": 8298.41838,
    "cvd_12bars": -951.1764,
    "long_short_ratio": null
  },
  "ETH": {
    "funding_hr_pct": 0.0002403,
    "open_interest": 500135.3115999998,
    "cvd_total": 76021.17769999997,
    "cvd_12bars": -5822.760799999999,
    "long_short_ratio": null
  }
}