{
  "BTC": {
    "funding_hr_pct": -0.00044348,
    "open_interest": 31191.73824,
    "cvd_total": -3878.910839999998,
    "cvd_12bars": 8.122629999999958,
    "long_short_ratio": null
  },
  "ETH": {
    "funding_hr_pct": 0.00125,
    "open_interest": 765740.2596000001,
    "cvd_total": -52705.5128,
    "cvd_12bars": 8130.223400000003,
    "long_short_ratio": null
  }
}