{
  "BTC": {
    "funding_hr_pct": 0.00052667,
    "open_interest": 25519.45208,
    "cvd_total": -5890.3412400000025,
    "cvd_12bars": 21.477000000000018,
    "long_short_ratio": null
  },
  "ETH": {
    "funding_hr_pct": -0.00035951,
    "open_interest": 562679.553,
    "cvd_total": -80224.6184,
    "cvd_12bars": 881.3601000000001,
    "long_short_ratio": null
  }
}