{
  "BTC": {
    "funding_hr_pct": 0.00041872000000000003,
    "open_interest": 27275.17684,
    "cvd_total": 1234.6722100000004,
    "cvd_12bars": -268.92902999999995,
    "long_short_ratio": null
  },
  "ETH": {
    "funding_hr_pct": 0.00089452,
    "open_interest": 436297.4110000001,
    "cvd_total": 42568.94270000001,
    "cvd_12bars": -8159.731599999999,
    "long_short_ratio": null
  }
}