{
  "BTC": {
    "funding_hr_pct": -0.00211274,
    "open_interest": 30643.61628,
    "cvd_total": 343.9781600000001,
    "cvd_12bars": 1260.9990500000001,
    "long_short_ratio": null
  },
  "ETH": {
    "funding_hr_pct": 0.00062175,
    "open_interest": 541009.3032,
    "cvd_total": 12761.499899999999,
    "cvd_12bars": 16124.908200000002,
    "long_short_ratio": null
  }
}