{
  "BTC": {
    "funding_hr_pct": -0.00045901000000000004,
    "open_interest": 31167.12664,
    "cvd_total": 3853.927770000002,
    "cvd_12bars": -1384.4337,
    "long_short_ratio": null
  },
  "ETH": {
    "funding_hr_pct": -0.00169691,
    "open_interest": 498671.2796000002,
    "cvd_total": 54151.649199999985,
    "cvd_12bars": -14890.027799999996,
    "long_short_ratio": null
  }
}