{
  "BTC": {
    "funding_hr_pct": 0.0006781599999999999,
    "open_interest": 27078.553,
    "cvd_total": 5029.663960000003,
    "cvd_12bars": -380.11978000000016,
    "long_short_ratio": null
  },
  "ETH": {
    "funding_hr_pct": 0.00055265,
    "open_interest": 420477.8004000002,
    "cvd_total": -23294.21459999998,
    "cvd_12bars": -892.7794000000001,
    "long_short_ratio": null
  }
}