{
  "BTC": {
    "funding_hr_pct": 0.00012293,
    "open_interest": 26373.82336,
    "cvd_total": -1496.5153800000005,
    "cvd_12bars": -184.2119399999999,
    "long_short_ratio": null
  },
  "ETH": {
    "funding_hr_pct": 0.00015758,
    "open_interest": 567061.5751999997,
    "cvd_total": -15259.427,
    "cvd_12bars": 2868.5791000000004,
    "long_short_ratio": null
  }
}