{
  "BTC": {
    "funding_hr_pct": 0.00125,
    "open_interest": 33213.81424,
    "cvd_total": -3890.3462300000006,
    "cvd_12bars": -1472.10138,
    "long_short_ratio": null
  },
  "ETH": {
    "funding_hr_pct": 0.00068492,
    "open_interest": 679826.6735999997,
    "cvd_total": -6429.217499999963,
    "cvd_12bars": -11578.054900000003,
    "long_short_ratio": null
  }
}