{
  "BTC": {
    "funding_hr_pct": 0.00125,
    "open_interest": 26987.33186,
    "cvd_total": 6173.39418,
    "cvd_12bars": 2464.63929,
    "long_short_ratio": null
  },
  "ETH": {
    "funding_hr_pct": 0.00125,
    "open_interest": 613939.1034000004,
    "cvd_total": 31815.102700000018,
    "cvd_12bars": 55449.75140000001,
    "long_short_ratio": null
  }
}