{
  "BTC": {
    "funding_hr_pct": 4.5470000000000003e-05,
    "open_interest": 27478.24334,
    "cvd_total": -4750.048109999997,
    "cvd_12bars": 1078.74893,
    "long_short_ratio": null
  },
  "ETH": {
    "funding_hr_pct": -7.703e-05,
    "open_interest": 576774.4242000001,
    "cvd_total": -30115.762899999987,
    "cvd_12bars": 27179.9089,
    "long_short_ratio": null
  }
}