{
  "BTC": {
    "funding_hr_pct": -1.0719999999999999e-05,
    "open_interest": 27718.23076,
    "cvd_total": 269.82122000000027,
    "cvd_12bars": 623.32573,
    "long_short_ratio": null
  },
  "ETH": {
    "funding_hr_pct": -0.00150776,
    "open_interest": 438354.689,
    "cvd_total": 56803.9847,
    "cvd_12bars": 7277.572099999998,
    "long_short_ratio": null
  }
}