{
  "BTC": {
    "funding_hr_pct": 0.00013629999999999998,
    "open_interest": 27370.617,
    "cvd_total": 9386.134009999996,
    "cvd_12bars": -944.8526399999998,
    "long_short_ratio": null
  },
  "ETH": {
    "funding_hr_pct": 0.00125,
    "open_interest": 602124.0532000001,
    "cvd_total": 172600.91129999986,
    "cvd_12bars": -14215.950399999998,
    "long_short_ratio": null
  }
}