{
  "BTC": {
    "funding_hr_pct": 0.00125,
    "open_interest": 28626.01536,
    "cvd_total": 8876.414630000003,
    "cvd_12bars": 1305.23227,
    "long_short_ratio": null
  },
  "ETH": {
    "funding_hr_pct": 0.00125,
    "open_interest": 571411.404,
    "cvd_total": 105202.4958,
    "cvd_12bars": 22926.509399999995,
    "long_short_ratio": null
  }
}