{
  "BTC": {
    "funding_hr_pct": -0.00082656,
    "open_interest": 28544.66174,
    "cvd_total": 212.54025000000075,
    "cvd_12bars": -567.9853700000001,
    "long_short_ratio": null
  },
  "ETH": {
    "funding_hr_pct": 0.0007293499999999999,
    "open_interest": 555068.1065999997,
    "cvd_total": 305.35229999999433,
    "cvd_12bars": 418.63059999999996,
    "long_short_ratio": null
  }
}