{
  "BTC": {
    "funding_hr_pct": -0.00136078,
    "open_interest": 27480.49102,
    "cvd_total": -11397.759269999997,
    "cvd_12bars": -1983.1369200000004,
    "long_short_ratio": null
  },
  "ETH": {
    "funding_hr_pct": -0.0018250500000000002,
    "open_interest": 578928.9404000001,
    "cvd_total": -297577.59900000016,
    "cvd_12bars": -36949.1605,
    "long_short_ratio": null
  }
}