{
  "BTC": {
    "funding_hr_pct": -0.00036053,
    "open_interest": 26162.58388,
    "cvd_total": 2308.5033900000008,
    "cvd_12bars": 930.0901399999999,
    "long_short_ratio": null
  },
  "ETH": {
    "funding_hr_pct": -0.00051065,
    "open_interest": 553003.8159999991,
    "cvd_total": -43455.52620000001,
    "cvd_12bars": -14956.507399999995,
    "long_short_ratio": null
  }
}