{
  "BTC": {
    "funding_hr_pct": 0.0008721499999999999,
    "open_interest": 34002.25468,
    "cvd_total": -3597.2581200000004,
    "cvd_12bars": -1824.4512599999998,
    "long_short_ratio": null
  },
  "ETH": {
    "funding_hr_pct": -0.0004832,
    "open_interest": 728244.5484000004,
    "cvd_total": -1016.8753999999948,
    "cvd_12bars": -10892.786200000002,
    "long_short_ratio": null
  }
}