{
  "BTC": {
    "funding_hr_pct": -0.0013396200000000001,
    "open_interest": 28008.85194,
    "cvd_total": 590.7340399999997,
    "cvd_12bars": -662.77815,
    "long_short_ratio": null
  },
  "ETH": {
    "funding_hr_pct": -0.00020153,
    "open_interest": 604977.1152000002,
    "cvd_total": -73922.62109999997,
    "cvd_12bars": -15455.5613,
    "long_short_ratio": null
  }
}