{
  "BTC": {
    "funding_hr_pct": -0.00054858,
    "open_interest": 29431.04032,
    "cvd_total": -4966.4923499999995,
    "cvd_12bars": 37.80698000000009,
    "long_short_ratio": null
  },
  "ETH": {
    "funding_hr_pct": 0.00125,
    "open_interest": 535523.636000001,
    "cvd_total": -102998.00539999998,
    "cvd_12bars": 7596.995199999998,
    "long_short_ratio": null
  }
}