{
  "BTC": {
    "funding_hr_pct": -0.00124583,
    "open_interest": 26232.47536,
    "cvd_total": -3061.6704100000006,
    "cvd_12bars": -2670.19492,
    "long_short_ratio": null
  },
  "ETH": {
    "funding_hr_pct": -0.00073508,
    "open_interest": 549641.8131999999,
    "cvd_total": -51425.49219999999,
    "cvd_12bars": -61691.3131,
    "long_short_ratio": null
  }
}