{
  "BTC": {
    "funding_hr_pct": 0.00045202,
    "open_interest": 25385.13376,
    "cvd_total": -2214.449180000004,
    "cvd_12bars": 136.7464399999999,
    "long_short_ratio": null
  },
  "ETH": {
    "funding_hr_pct": -0.00070564,
    "open_interest": 553619.2972000004,
    "cvd_total": -185646.94420000009,
    "cvd_12bars": 581.8199999999979,
    "long_short_ratio": null
  }
}