{
  "BTC": {
    "funding_hr_pct": -0.00143257,
    "open_interest": 27901.69834,
    "cvd_total": 4949.141629999995,
    "cvd_12bars": 729.0342099999999,
    "long_short_ratio": null
  },
  "ETH": {
    "funding_hr_pct": -0.0011906500000000001,
    "open_interest": 386350.014,
    "cvd_total": -574.8772000000105,
    "cvd_12bars": 8474.722600000001,
    "long_short_ratio": null
  }
}