{
  "BTC": {
    "funding_hr_pct": 0.00072521,
    "open_interest": 27192.70608,
    "cvd_total": -1891.9002900000012,
    "cvd_12bars": -716.17811,
    "long_short_ratio": null
  },
  "ETH": {
    "funding_hr_pct": 0.00062928,
    "open_interest": 430444.0898,
    "cvd_total": -33186.4177,
    "cvd_12bars": -6409.9475,
    "long_short_ratio": null
  }
}