{
  "BTC": {
    "funding_hr_pct": 0.00055932,
    "open_interest": 27187.5521,
    "cvd_total": 1693.0743199999995,
    "cvd_12bars": -1857.1062799999997,
    "long_short_ratio": null
  },
  "ETH": {
    "funding_hr_pct": 0.00062163,
    "open_interest": 472867.9868000001,
    "cvd_total": 33731.20950000001,
    "cvd_12bars": -32807.8953,
    "long_short_ratio": null
  }
}