{
  "BTC": {
    "funding_hr_pct": 0.00125,
    "open_interest": 25729.57774,
    "cvd_total": 5011.565750000001,
    "cvd_12bars": -1100.2591999999997,
    "long_short_ratio": null
  },
  "ETH": {
    "funding_hr_pct": 0.00125,
    "open_interest": 607611.6949999998,
    "cvd_total": 62150.70360000003,
    "cvd_12bars": -1185.2602000000015,
    "long_short_ratio": null
  }
}