{
  "BTC": {
    "funding_hr_pct": 0.00045888,
    "open_interest": 31094.54196,
    "cvd_total": 4944.805530000006,
    "cvd_12bars": 2615.21774,
    "long_short_ratio": null
  },
  "ETH": {
    "funding_hr_pct": -0.00214365,
    "open_interest": 723237.0753999999,
    "cvd_total": 38990.35000000003,
    "cvd_12bars": 107284.10239999999,
    "long_short_ratio": null
  }
}