{
  "BTC": {
    "funding_hr_pct": 0.00096541,
    "open_interest": 27682.1783,
    "cvd_total": 3183.44115,
    "cvd_12bars": 139.17037,
    "long_short_ratio": null
  },
  "ETH": {
    "funding_hr_pct": 0.00125,
    "open_interest": 569952.2950000003,
    "cvd_total": 57406.646799999966,
    "cvd_12bars": -7650.6435,
    "long_short_ratio": null
  }
}