{
  "BTC": {
    "funding_hr_pct": 0.00125,
    "open_interest": 37525.8322999999,
    "cvd_total": 1270.1790200000005,
    "cvd_12bars": -336.90934999999996,
    "long_short_ratio": null
  },
  "ETH": {
    "funding_hr_pct": 0.00125,
    "open_interest": 804626.9976000006,
    "cvd_total": -13355.765200000005,
    "cvd_12bars": -6771.357400000001,
    "long_short_ratio": null
  }
}