{
  "BTC": {
    "funding_hr_pct": 0.0007848200000000001,
    "open_interest": 27173.09614,
    "cvd_total": -1173.0559900000005,
    "cvd_12bars": -52.80876999999998,
    "long_short_ratio": null
  },
  "ETH": {
    "funding_hr_pct": 0.0007195799999999999,
    "open_interest": 430413.0812000001,
    "cvd_total": -26459.64639999999,
    "cvd_12bars": -4424.6537,
    "long_short_ratio": null
  }
}