{
  "BTC": {
    "funding_hr_pct": -0.0015756999999999998,
    "open_interest": 26667.8578399999,
    "cvd_total": 1642.05308,
    "cvd_12bars": 1965.85397,
    "long_short_ratio": null
  },
  "ETH": {
    "funding_hr_pct": 6.1e-05,
    "open_interest": 582557.6769999997,
    "cvd_total": -131896.9272,
    "cvd_12bars": 8291.215000000002,
    "long_short_ratio": null
  }
}