{
  "BTC": {
    "funding_hr_pct": -0.00195942,
    "open_interest": 26820.94628,
    "cvd_total": -2702.8542399999974,
    "cvd_12bars": 272.95886999999993,
    "long_short_ratio": null
  },
  "ETH": {
    "funding_hr_pct": -0.00092284,
    "open_interest": 550927.7046000002,
    "cvd_total": -98347.11550000006,
    "cvd_12bars": -88.4158000000009,
    "long_short_ratio": null
  }
}