{
  "BTC": {
    "funding_hr_pct": 0.00111667,
    "open_interest": 30891.2665,
    "cvd_total": -10970.472560000004,
    "cvd_12bars": -3585.7420200000006,
    "long_short_ratio": null
  },
  "ETH": {
    "funding_hr_pct": 0.00031807,
    "open_interest": 590183.7781999996,
    "cvd_total": -47262.20590000001,
    "cvd_12bars": -4148.769599999998,
    "long_short_ratio": null
  }
}