{
  "BTC": {
    "funding_hr_pct": -0.0008890599999999999,
    "open_interest": 27380.1618,
    "cvd_total": 4039.1015700000007,
    "cvd_12bars": -2512.25781,
    "long_short_ratio": null
  },
  "ETH": {
    "funding_hr_pct": -0.00195725,
    "open_interest": 608648.8628000002,
    "cvd_total": -71013.01060000001,
    "cvd_12bars": 11305.289900000003,
    "long_short_ratio": null
  }
}