{
  "BTC": {
    "funding_hr_pct": 0.00125,
    "open_interest": 31913.72906,
    "cvd_total": 4241.335670000002,
    "cvd_12bars": -6698.0398300000015,
    "long_short_ratio": null
  },
  "ETH": {
    "funding_hr_pct": 0.00058503,
    "open_interest": 684608.7150000011,
    "cvd_total": -147223.94250000003,
    "cvd_12bars": -37925.6524,
    "long_short_ratio": null
  }
}