{
  "BTC": {
    "funding_hr_pct": -0.00142304,
    "open_interest": 27459.90696,
    "cvd_total": -8933.475630000004,
    "cvd_12bars": -544.4086400000002,
    "long_short_ratio": null
  },
  "ETH": {
    "funding_hr_pct": -0.0006000199999999999,
    "open_interest": 580543.2023999996,
    "cvd_total": -253927.05,
    "cvd_12bars": -21348.353000000003,
    "long_short_ratio": null
  }
}