{
  "BTC": {
    "funding_hr_pct": 0.00125,
    "open_interest": 27336.3735,
    "cvd_total": -6386.372570000002,
    "cvd_12bars": -1002.7467099999998,
    "long_short_ratio": null
  },
  "ETH": {
    "funding_hr_pct": 0.00125,
    "open_interest": 592258.3834,
    "cvd_total": -8792.903899999998,
    "cvd_12bars": -12750.712,
    "long_short_ratio": null
  }
}