{
  "BTC": {
    "funding_hr_pct": -2.143e-05,
    "open_interest": 26705.8742,
    "cvd_total": 176.35778999999997,
    "cvd_12bars": 235.27152,
    "long_short_ratio": null
  },
  "ETH": {
    "funding_hr_pct": -0.0006304699999999999,
    "open_interest": 564990.5138000001,
    "cvd_total": 2926.383399999995,
    "cvd_12bars": 5260.9205,
    "long_short_ratio": null
  }
}