{
  "BTC": {
    "funding_hr_pct": -0.00101602,
    "open_interest": 27120.39398,
    "cvd_total": -17.087510000001487,
    "cvd_12bars": -2647.4751800000004,
    "long_short_ratio": null
  },
  "ETH": {
    "funding_hr_pct": -0.00093821,
    "open_interest": 547621.2273999989,
    "cvd_total": -78967.55429999999,
    "cvd_12bars": -77650.4408,
    "long_short_ratio": null
  }
}