{
  "BTC": {
    "funding_hr_pct": -0.00235244,
    "open_interest": 26944.0518,
    "cvd_total": -4928.69321,
    "cvd_12bars": -1124.92433,
    "long_short_ratio": null
  },
  "ETH": {
    "funding_hr_pct": -0.00081438,
    "open_interest": 550840.8011999999,
    "cvd_total": -117300.17220000006,
    "cvd_12bars": -3709.4354999999996,
    "long_short_ratio": null
  }
}