{
  "BTC": {
    "funding_hr_pct": -0.00155107,
    "open_interest": 27801.17934,
    "cvd_total": 3268.673770000001,
    "cvd_12bars": -2424.3106500000004,
    "long_short_ratio": null
  },
  "ETH": {
    "funding_hr_pct": 0.00059463,
    "open_interest": 566538.9731999997,
    "cvd_total": 50529.12189999996,
    "cvd_12bars": -13633.144600000005,
    "long_short_ratio": null
  }
}