{
  "BTC": {
    "funding_hr_pct": 0.00125,
    "open_interest": 37768.15702,
    "cvd_total": 560.1584500000002,
    "cvd_12bars": 248.01574000000005,
    "long_short_ratio": null
  },
  "ETH": {
    "funding_hr_pct": 0.00125,
    "open_interest": 834163.1930000006,
    "cvd_total": -6641.78849999999,
    "cvd_12bars": 12722.796299999998,
    "long_short_ratio": null
  }
}