{
  "BTC": {
    "funding_hr_pct": 7.874e-05,
    "open_interest": 28330.4183,
    "cvd_total": -464.0256599999998,
    "cvd_12bars": 71.68238999999994,
    "long_short_ratio": null
  },
  "ETH": {
    "funding_hr_pct": 9.41e-05,
    "open_interest": 556242.5478,
    "cvd_total": 6443.505299999996,
    "cvd_12bars": -2502.9504,
    "long_short_ratio": null
  }
}