{
  "BTC": {
    "funding_hr_pct": 0.00125,
    "open_interest": 27630.15362,
    "cvd_total": 2488.467889999999,
    "cvd_12bars": -37.733760000000075,
    "long_short_ratio": null
  },
  "ETH": {
    "funding_hr_pct": 0.00125,
    "open_interest": 565315.4626,
    "cvd_total": 73437.2976,
    "cvd_12bars": -83.56650000000013,
    "long_short_ratio": null
  }
}