{
  "BTC": {
    "funding_hr_pct": -0.00053308,
    "open_interest": 35730.49554,
    "cvd_total": -700.5703100000005,
    "cvd_12bars": -699.88141,
    "long_short_ratio": null
  },
  "ETH": {
    "funding_hr_pct": 0.00087049,
    "open_interest": 712776.122,
    "cvd_total": 90521.87349999994,
    "cvd_12bars": 10263.7949,
    "long_short_ratio": null
  }
}