{
  "BTC": {
    "funding_hr_pct": 0.00125,
    "open_interest": 27072.89728,
    "cvd_total": -9851.932469999994,
    "cvd_12bars": 1416.7179100000003,
    "long_short_ratio": null
  },
  "ETH": {
    "funding_hr_pct": 0.00037227,
    "open_interest": 583194.2549999997,
    "cvd_total": -112590.66629999992,
    "cvd_12bars": 32767.147699999994,
    "long_short_ratio": null
  }
}