{
  "BTC": {
    "funding_hr_pct": 0.00125,
    "open_interest": 27662.07646,
    "cvd_total": 192.0443799999991,
    "cvd_12bars": -102.90934999999999,
    "long_short_ratio": null
  },
  "ETH": {
    "funding_hr_pct": 0.00125,
    "open_interest": 562847.5719999996,
    "cvd_total": -9794.927899999991,
    "cvd_12bars": -2951.4651999999996,
    "long_short_ratio": null
  }
}