{
  "BTC": {
    "funding_hr_pct": 0.00125,
    "open_interest": 35812.79052,
    "cvd_total": 3983.828060000001,
    "cvd_12bars": -3027.27375,
    "long_short_ratio": null
  },
  "ETH": {
    "funding_hr_pct": 0.00125,
    "open_interest": 782342.7574000001,
    "cvd_total": 65370.07869999999,
    "cvd_12bars": -30457.292400000002,
    "long_short_ratio": null
  }
}