{
  "BTC": {
    "funding_hr_pct": -0.00102654,
    "open_interest": 27186.36712,
    "cvd_total": -2432.5471800000005,
    "cvd_12bars": -289.63626999999997,
    "long_short_ratio": null
  },
  "ETH": {
    "funding_hr_pct": -0.00295964,
    "open_interest": 395406.2453999996,
    "cvd_total": -30016.40559999999,
    "cvd_12bars": -9962.561299999998,
    "long_short_ratio": null
  }
}