{
  "BTC": {
    "funding_hr_pct": 0.0007109999999999999,
    "open_interest": 32863.9928,
    "cvd_total": 7214.568810000006,
    "cvd_12bars": -918.1209099999998,
    "long_short_ratio": null
  },
  "ETH": {
    "funding_hr_pct": -0.00084699,
    "open_interest": 673680.0496000007,
    "cvd_total": -11438.259100000008,
    "cvd_12bars": 8278.930100000001,
    "long_short_ratio": null
  }
}