{
  "BTC": {
    "funding_hr_pct": 0.00125,
    "open_interest": 40524.74738,
    "cvd_total": 1629.1416400000014,
    "cvd_12bars": -1000.42662,
    "long_short_ratio": null
  },
  "ETH": {
    "funding_hr_pct": 0.00125,
    "open_interest": 1001048.5375999997,
    "cvd_total": 60316.269099999954,
    "cvd_12bars": -26628.769600000003,
    "long_short_ratio": null
  }
}