{
  "BTC": {
    "funding_hr_pct": 0.00025105,
    "open_interest": 26106.01612,
    "cvd_total": -1885.156860000002,
    "cvd_12bars": 934.6626299999999,
    "long_short_ratio": null
  },
  "ETH": {
    "funding_hr_pct": -0.00027419,
    "open_interest": 423170.9835999999,
    "cvd_total": -100266.87579999998,
    "cvd_12bars": 9427.401899999999,
    "long_short_ratio": null
  }
}