{
  "BTC": {
    "funding_hr_pct": 0.00125,
    "open_interest": 27437.01648,
    "cvd_total": -64.42866999999808,
    "cvd_12bars": 4433.185659999999,
    "long_short_ratio": null
  },
  "ETH": {
    "funding_hr_pct": 0.00125,
    "open_interest": 569607.8125999996,
    "cvd_total": -41884.87540000003,
    "cvd_12bars": 60407.26409999999,
    "long_short_ratio": null
  }
}