{
  "BTC": {
    "funding_hr_pct": 0.00125,
    "open_interest": 27046.03428,
    "cvd_total": 4180.691490000002,
    "cvd_12bars": -1597.6811900000002,
    "long_short_ratio": null
  },
  "ETH": {
    "funding_hr_pct": 0.0007757399999999999,
    "open_interest": 551700.518,
    "cvd_total": -130.05030000002216,
    "cvd_12bars": -28137.0714,
    "long_short_ratio": null
  }
}