{
  "BTC": {
    "funding_hr_pct": -7.503e-05,
    "open_interest": 27454.02304,
    "cvd_total": 4781.489319999998,
    "cvd_12bars": -581.3983399999997,
    "long_short_ratio": null
  },
  "ETH": {
    "funding_hr_pct": 0.00025883,
    "open_interest": 549677.8637999999,
    "cvd_total": 20132.729699999996,
    "cvd_12bars": -36387.770899999996,
    "long_short_ratio": null
  }
}