{
  "BTC": {
    "funding_hr_pct": -0.0018605800000000001,
    "open_interest": 28569.23652,
    "cvd_total": 7260.133830000003,
    "cvd_12bars": 831.9442899999999,
    "long_short_ratio": null
  },
  "ETH": {
    "funding_hr_pct": -0.0010761199999999999,
    "open_interest": 576898.5281999995,
    "cvd_total": 88270.04959999997,
    "cvd_12bars": 4472.842400000001,
    "long_short_ratio": null
  }
}