{
  "BTC": {
    "funding_hr_pct": 0.00125,
    "open_interest": 38478.54028,
    "cvd_total": -3584.64679,
    "cvd_12bars": -1112.0170700000003,
    "long_short_ratio": null
  },
  "ETH": {
    "funding_hr_pct": 0.00125,
    "open_interest": 802472.0550000004,
    "cvd_total": -14863.595199999989,
    "cvd_12bars": 15568.954499999996,
    "long_short_ratio": null
  }
}