{
  "BTC": {
    "funding_hr_pct": 0.00045103,
    "open_interest": 27579.7555,
    "cvd_total": 927.5168299999999,
    "cvd_12bars": -1729.28258,
    "long_short_ratio": null
  },
  "ETH": {
    "funding_hr_pct": 0.00037273,
    "open_interest": 423632.5416,
    "cvd_total": -24013.76280000001,
    "cvd_12bars": 3706.0207,
    "long_short_ratio": null
  }
}