{
  "BTC": {
    "funding_hr_pct": 0.00024372,
    "open_interest": 29449.3809,
    "cvd_total": -1323.57391,
    "cvd_12bars": -1021.7856899999999,
    "long_short_ratio": null
  },
  "ETH": {
    "funding_hr_pct": 0.00104477,
    "open_interest": 583980.2095999997,
    "cvd_total": 51526.540999999925,
    "cvd_12bars": 17026.581400000003,
    "long_short_ratio": null
  }
}