{
  "BTC": {
    "funding_hr_pct": 0.0006685899999999999,
    "open_interest": 29185.4054,
    "cvd_total": 3056.5611199999967,
    "cvd_12bars": 268.57455000000004,
    "long_short_ratio": null
  },
  "ETH": {
    "funding_hr_pct": 0.00125,
    "open_interest": 531775.2932,
    "cvd_total": 15447.468799999988,
    "cvd_12bars": 18263.4383,
    "long_short_ratio": null
  }
}