{
  "BTC": {
    "funding_hr_pct": -0.00112622,
    "open_interest": 29278.19528,
    "cvd_total": 5343.138200000001,
    "cvd_12bars": -65.03709,
    "long_short_ratio": null
  },
  "ETH": {
    "funding_hr_pct": 0.00125,
    "open_interest": 513165.3064,
    "cvd_total": 13762.160600000007,
    "cvd_12bars": 5562.5033,
    "long_short_ratio": null
  }
}