{
  "BTC": {
    "funding_hr_pct": 0.00058993,
    "open_interest": 27609.75436,
    "cvd_total": -5722.122689999998,
    "cvd_12bars": -293.13272,
    "long_short_ratio": null
  },
  "ETH": {
    "funding_hr_pct": -0.00041617000000000005,
    "open_interest": 571595.4984000002,
    "cvd_total": -12903.006500000007,
    "cvd_12bars": -3448.6632999999997,
    "long_short_ratio": null
  }
}