{
  "BTC": {
    "funding_hr_pct": 0.00125,
    "open_interest": 37735.15404,
    "cvd_total": 1004.5403199999998,
    "cvd_12bars": -30.457670000000007,
    "long_short_ratio": null
  },
  "ETH": {
    "funding_hr_pct": 0.00125,
    "open_interest": 828692.3304000016,
    "cvd_total": -2411.0418999999983,
    "cvd_12bars": 15423.3053,
    "long_short_ratio": null
  }
}