{
  "BTC": {
    "funding_hr_pct": 0.00125,
    "open_interest": 36231.08414,
    "cvd_total": 64.46978000000149,
    "cvd_12bars": -622.47793,
    "long_short_ratio": null
  },
  "ETH": {
    "funding_hr_pct": 0.00125,
    "open_interest": 935924.7351999998,
    "cvd_total": 36682.57869999999,
    "cvd_12bars": -4459.657799999997,
    "long_short_ratio": null
  }
}