{
  "BTC": {
    "funding_hr_pct": 0.00121178,
    "open_interest": 35246.79942,
    "cvd_total": -211.35739000000217,
    "cvd_12bars": 517.1558399999992,
    "long_short_ratio": null
  },
  "ETH": {
    "funding_hr_pct": 0.00102147,
    "open_interest": 706200.9783999998,
    "cvd_total": 102713.28370000001,
    "cvd_12bars": 15136.825899999993,
    "long_short_ratio": null
  }
}