{
  "BTC": {
    "funding_hr_pct": -0.0008758400000000001,
    "open_interest": 30284.33898,
    "cvd_total": 5555.72299,
    "cvd_12bars": 5601.388709999999,
    "long_short_ratio": null
  },
  "ETH": {
    "funding_hr_pct": 0.00125,
    "open_interest": 552172.5382,
    "cvd_total": 70655.1237,
    "cvd_12bars": 56483.829,
    "long_short_ratio": null
  }
}