{
  "BTC": {
    "funding_hr_pct": 0.00038318999999999994,
    "open_interest": 29771.98666,
    "cvd_total": 2586.6939899999993,
    "cvd_12bars": -248.96876,
    "long_short_ratio": null
  },
  "ETH": {
    "funding_hr_pct": 0.00125,
    "open_interest": 638894.1803999993,
    "cvd_total": 104978.9706,
    "cvd_12bars": -7903.191900000001,
    "long_short_ratio": null
  }
}