{
  "BTC": {
    "funding_hr_pct": -0.00050797,
    "open_interest": 26342.15478,
    "cvd_total": -707.4583800000004,
    "cvd_12bars": -295.04085999999995,
    "long_short_ratio": null
  },
  "ETH": {
    "funding_hr_pct": -0.00022745,
    "open_interest": 563776.0492,
    "cvd_total": 16917.277100000018,
    "cvd_12bars": 8189.9501,
    "long_short_ratio": null
  }
}