{
  "BTC": {
    "funding_hr_pct": 0.00033052,
    "open_interest": 28072.5537,
    "cvd_total": 7348.0714400000015,
    "cvd_12bars": -758.2824999999998,
    "long_short_ratio": null
  },
  "ETH": {
    "funding_hr_pct": 0.00096339,
    "open_interest": 565635.5797999998,
    "cvd_total": 93815.1378,
    "cvd_12bars": 15002.7801,
    "long_short_ratio": null
  }
}