{
  "BTC": {
    "funding_hr_pct": 0.00125,
    "open_interest": 26638.3127,
    "cvd_total": -443.2769600000004,
    "cvd_12bars": -1108.31384,
    "long_short_ratio": null
  },
  "ETH": {
    "funding_hr_pct": 0.00041184,
    "open_interest": 576500.5319999999,
    "cvd_total": 369.16479999995727,
    "cvd_12bars": -7288.490900000001,
    "long_short_ratio": null
  }
}