{
  "BTC": {
    "funding_hr_pct": 0.00125,
    "open_interest": 35923.73362,
    "cvd_total": 13028.684360000008,
    "cvd_12bars": 759.5126499999999,
    "long_short_ratio": null
  },
  "ETH": {
    "funding_hr_pct": 0.00125,
    "open_interest": 913537.8784000002,
    "cvd_total": 55792.07109999994,
    "cvd_12bars": -6240.7617,
    "long_short_ratio": null
  }
}