{
  "BTC": {
    "funding_hr_pct": 0.0005295100000000001,
    "open_interest": 25438.05762,
    "cvd_total": 8611.79527,
    "cvd_12bars": 43.96988999999965,
    "long_short_ratio": null
  },
  "ETH": {
    "funding_hr_pct": 3.151e-05,
    "open_interest": 552594.8029999994,
    "cvd_total": -10623.247299999974,
    "cvd_12bars": -58027.6496,
    "long_short_ratio": null
  }
}