{
  "BTC": {
    "funding_hr_pct": 0.00095014,
    "open_interest": 26288.4708,
    "cvd_total": -3869.992850000001,
    "cvd_12bars": 61.91776999999988,
    "long_short_ratio": null
  },
  "ETH": {
    "funding_hr_pct": 0.00032911,
    "open_interest": 446530.9760000001,
    "cvd_total": -108393.30919999999,
    "cvd_12bars": 26518.5894,
    "long_short_ratio": null
  }
}