{
  "BTC": {
    "funding_hr_pct": 0.00125,
    "open_interest": 30039.68604,
    "cvd_total": -1511.6975699999996,
    "cvd_12bars": -2223.67468,
    "long_short_ratio": null
  },
  "ETH": {
    "funding_hr_pct": 0.00125,
    "open_interest": 642620.5467999998,
    "cvd_total": -29109.018999999997,
    "cvd_12bars": -15982.651999999998,
    "long_short_ratio": null
  }
}