{
  "BTC": {
    "funding_hr_pct": 0.00125,
    "open_interest": 37062.26286,
    "cvd_total": 1416.5009799999993,
    "cvd_12bars": 483.89712,
    "long_short_ratio": null
  },
  "ETH": {
    "funding_hr_pct": 0.00125,
    "open_interest": 797489.2746000001,
    "cvd_total": 168.98179999995875,
    "cvd_12bars": -2733.2776,
    "long_short_ratio": null
  }
}