{
  "BTC": {
    "funding_hr_pct": 0.00067956,
    "open_interest": 27738.22618,
    "cvd_total": -3077.461549999999,
    "cvd_12bars": -105.73646000000004,
    "long_short_ratio": null
  },
  "ETH": {
    "funding_hr_pct": -0.00117453,
    "open_interest": 401763.7142000002,
    "cvd_total": -55925.651600000005,
    "cvd_12bars": -9309.817200000001,
    "long_short_ratio": null
  }
}