{
  "BTC": {
    "funding_hr_pct": 0.00125,
    "open_interest": 26921.23016,
    "cvd_total": -10287.513659999993,
    "cvd_12bars": -276.48377000000016,
    "long_short_ratio": null
  },
  "ETH": {
    "funding_hr_pct": -0.00045186,
    "open_interest": 567356.823399999,
    "cvd_total": -90498.62499999991,
    "cvd_12bars": 10743.077600000002,
    "long_short_ratio": null
  }
}