{
  "BTC": {
    "funding_hr_pct": -0.00103469,
    "open_interest": 27729.30074,
    "cvd_total": 2100.8731700000003,
    "cvd_12bars": 266.23543000000006,
    "long_short_ratio": null
  },
  "ETH": {
    "funding_hr_pct": -0.00018128,
    "open_interest": 592463.2839999999,
    "cvd_total": 13225.878400000043,
    "cvd_12bars": -11241.316800000002,
    "long_short_ratio": null
  }
}