{
  "BTC": {
    "funding_hr_pct": 0.00125,
    "open_interest": 27460.25442,
    "cvd_total": -182.61959999999976,
    "cvd_12bars": 116.09137999999999,
    "long_short_ratio": null
  },
  "ETH": {
    "funding_hr_pct": 0.00125,
    "open_interest": 439570.9776,
    "cvd_total": 5443.586799999997,
    "cvd_12bars": 7104.1421,
    "long_short_ratio": null
  }
}