{
  "BTC": {
    "funding_hr_pct": 3.392e-05,
    "open_interest": 33970.64694,
    "cvd_total": 4561.330489999999,
    "cvd_12bars": -1328.1145,
    "long_short_ratio": null
  },
  "ETH": {
    "funding_hr_pct": -0.00116675,
    "open_interest": 701840.5744000004,
    "cvd_total": 123718.37159999997,
    "cvd_12bars": 4244.068700000001,
    "long_short_ratio": null
  }
}