{
  "BTC": {
    "funding_hr_pct": -0.00054645,
    "open_interest": 29073.23318,
    "cvd_total": 344.0434099999984,
    "cvd_12bars": -273.59938999999997,
    "long_short_ratio": null
  },
  "ETH": {
    "funding_hr_pct": 9.317e-05,
    "open_interest": 567256.6066000003,
    "cvd_total": -4963.751999999978,
    "cvd_12bars": -2468.424500000001,
    "long_short_ratio": null
  }
}