{
  "BTC": {
    "funding_hr_pct": 0.00024715,
    "open_interest": 28656.87154,
    "cvd_total": -5228.494010000002,
    "cvd_12bars": -835.78,
    "long_short_ratio": null
  },
  "ETH": {
    "funding_hr_pct": -0.0006338100000000001,
    "open_interest": 567707.7798000001,
    "cvd_total": -155716.74770000007,
    "cvd_12bars": -13165.929200000002,
    "long_short_ratio": null
  }
}