{
  "BTC": {
    "funding_hr_pct": 0.00125,
    "open_interest": 37296.3340799999,
    "cvd_total": -1499.7355500000003,
    "cvd_12bars": -1060.4101499999997,
    "long_short_ratio": null
  },
  "ETH": {
    "funding_hr_pct": 0.00125,
    "open_interest": 1022264.0422000004,
    "cvd_total": -17032.36760000001,
    "cvd_12bars": -46596.3996,
    "long_short_ratio": null
  }
}