{
  "BTC": {
    "funding_hr_pct": -1.23e-05,
    "open_interest": 33646.9672399999,
    "cvd_total": -18805.98536,
    "cvd_12bars": -4779.97657,
    "long_short_ratio": null
  },
  "ETH": {
    "funding_hr_pct": -0.0024769600000000003,
    "open_interest": 695020.8865999983,
    "cvd_total": -341149.1635999999,
    "cvd_12bars": -165344.96179999996,
    "long_short_ratio": null
  }
}