{
  "BTC": {
    "funding_hr_pct": 0.00064592,
    "open_interest": 31441.06686,
    "cvd_total": -280.06553999999977,
    "cvd_12bars": -1010.5004300000003,
    "long_short_ratio": null
  },
  "ETH": {
    "funding_hr_pct": -0.00093142,
    "open_interest": 519581.7989999999,
    "cvd_total": -55628.09989999997,
    "cvd_12bars": -15706.336099999997,
    "long_short_ratio": null
  }
}