{
  "BTC": {
    "funding_hr_pct": 0.00125,
    "open_interest": 29205.86182,
    "cvd_total": 2712.8752999999997,
    "cvd_12bars": 1733.56475,
    "long_short_ratio": null
  },
  "ETH": {
    "funding_hr_pct": 0.00125,
    "open_interest": 602566.9905999999,
    "cvd_total": 124991.1275,
    "cvd_12bars": 70931.3573,
    "long_short_ratio": null
  }
}