{
  "BTC": {
    "funding_hr_pct": 0.00125,
    "open_interest": 28603.3053,
    "cvd_total": 3353.2994400000007,
    "cvd_12bars": 4056.5973,
    "long_short_ratio": null
  },
  "ETH": {
    "funding_hr_pct": 0.000973,
    "open_interest": 443970.9016,
    "cvd_total": 1048.0318999999945,
    "cvd_12bars": 66763.97550000002,
    "long_short_ratio": null
  }
}