{
  "BTC": {
    "funding_hr_pct": 0.00125,
    "open_interest": 26770.67438,
    "cvd_total": 5128.25556,
    "cvd_12bars": 2241.08187,
    "long_short_ratio": null
  },
  "ETH": {
    "funding_hr_pct": 0.00125,
    "open_interest": 542997.0447999998,
    "cvd_total": 78958.43710000005,
    "cvd_12bars": 36042.8326,
    "long_short_ratio": null
  }
}