{
  "BTC": {
    "funding_hr_pct": 0.00125,
    "open_interest": 27591.48644,
    "cvd_total": 2286.55503,
    "cvd_12bars": -84.11115000000002,
    "long_short_ratio": null
  },
  "ETH": {
    "funding_hr_pct": 0.00125,
    "open_interest": 565296.9787999998,
    "cvd_total": 65095.7318,
    "cvd_12bars": 377.82449999999994,
    "long_short_ratio": null
  }
}