{
  "BTC": {
    "funding_hr_pct": 0.00125,
    "open_interest": 37311.9520799999,
    "cvd_total": 584.0977000000001,
    "cvd_12bars": 49.87054,
    "long_short_ratio": null
  },
  "ETH": {
    "funding_hr_pct": 0.00125,
    "open_interest": 802569.6470000005,
    "cvd_total": -24651.264200000027,
    "cvd_12bars": 8878.662799999998,
    "long_short_ratio": null
  }
}