{
  "BTC": {
    "funding_hr_pct": 0.00029502,
    "open_interest": 28127.0162,
    "cvd_total": 2615.730850000001,
    "cvd_12bars": 1044.17962,
    "long_short_ratio": null
  },
  "ETH": {
    "funding_hr_pct": 0.00040663000000000006,
    "open_interest": 489814.9717999999,
    "cvd_total": -1198.4928000000016,
    "cvd_12bars": -1300.9395999999995,
    "long_short_ratio": null
  }
}