{
  "BTC": {
    "funding_hr_pct": -5.2969999999999996e-05,
    "open_interest": 27776.48718,
    "cvd_total": 5057.10341,
    "cvd_12bars": -1527.58249,
    "long_short_ratio": null
  },
  "ETH": {
    "funding_hr_pct": -0.0009085200000000001,
    "open_interest": 396864.0886,
    "cvd_total": -4613.087200000007,
    "cvd_12bars": -12367.462399999999,
    "long_short_ratio": null
  }
}