{
  "BTC": {
    "funding_hr_pct": 0.00012735,
    "open_interest": 27878.80552,
    "cvd_total": 7487.409500000003,
    "cvd_12bars": -982.86747,
    "long_short_ratio": null
  },
  "ETH": {
    "funding_hr_pct": 0.0006484199999999999,
    "open_interest": 562867.3076000002,
    "cvd_total": 102061.25209999998,
    "cvd_12bars": 4568.873299999999,
    "long_short_ratio": null
  }
}