{
  "BTC": {
    "funding_hr_pct": -0.0023388000000000003,
    "open_interest": 30909.25152,
    "cvd_total": 125.89183000000014,
    "cvd_12bars": -174.049,
    "long_short_ratio": null
  },
  "ETH": {
    "funding_hr_pct": 0.0007874799999999999,
    "open_interest": 550130.5676000001,
    "cvd_total": 2104.3894,
    "cvd_12bars": 3904.2290999999996,
    "long_short_ratio": null
  }
}