{
  "BTC": {
    "funding_hr_pct": 0.00125,
    "open_interest": 27107.05058,
    "cvd_total": -5251.129349999997,
    "cvd_12bars": 141.17503,
    "long_short_ratio": null
  },
  "ETH": {
    "funding_hr_pct": 0.00125,
    "open_interest": 580684.4255999998,
    "cvd_total": 32780.4954,
    "cvd_12bars": 983.0032000000001,
    "long_short_ratio": null
  }
}