{
  "BTC": {
    "funding_hr_pct": -0.0009347100000000001,
    "open_interest": 29813.12104,
    "cvd_total": 4965.22138,
    "cvd_12bars": 7691.73716,
    "long_short_ratio": null
  },
  "ETH": {
    "funding_hr_pct": -0.0005730199999999999,
    "open_interest": 822813.2807999995,
    "cvd_total": 57459.35829999998,
    "cvd_12bars": 11162.532400000002,
    "long_short_ratio": null
  }
}