{
  "BTC": {
    "funding_hr_pct": 0.00095908,
    "open_interest": 27829.90412,
    "cvd_total": 1251.5108000000007,
    "cvd_12bars": 61.91881999999997,
    "long_short_ratio": null
  },
  "ETH": {
    "funding_hr_pct": 0.00090661,
    "open_interest": 593268.1807999993,
    "cvd_total": 64803.8944,
    "cvd_12bars": -997.7053999999998,
    "long_short_ratio": null
  }
}