{
  "BTC": {
    "funding_hr_pct": -0.00101822,
    "open_interest": 26672.3687,
    "cvd_total": -5073.335310000005,
    "cvd_12bars": -665.7837499999999,
    "long_short_ratio": null
  },
  "ETH": {
    "funding_hr_pct": -0.00118811,
    "open_interest": 545282.8206000001,
    "cvd_total": -145872.33359999995,
    "cvd_12bars": -25912.394100000005,
    "long_short_ratio": null
  }
}