{
  "BTC": {
    "funding_hr_pct": -0.00022254,
    "open_interest": 26569.79514,
    "cvd_total": -4032.2090100000023,
    "cvd_12bars": 174.0629800000001,
    "long_short_ratio": null
  },
  "ETH": {
    "funding_hr_pct": -0.00026984,
    "open_interest": 543430.7174,
    "cvd_total": -108127.28009999993,
    "cvd_12bars": 21618.031499999997,
    "long_short_ratio": null
  }
}