{
  "BTC": {
    "funding_hr_pct": 0.00013023,
    "open_interest": 27703.0005,
    "cvd_total": 35.28723000000019,
    "cvd_12bars": -241.1241,
    "long_short_ratio": null
  },
  "ETH": {
    "funding_hr_pct": -0.00055293,
    "open_interest": 440836.5591999997,
    "cvd_total": 54233.73539999999,
    "cvd_12bars": 15680.74,
    "long_short_ratio": null
  }
}