{
  "BTC": {
    "funding_hr_pct": 7.81e-06,
    "open_interest": 31013.5088,
    "cvd_total": 10870.326130000007,
    "cvd_12bars": -37.313620000000014,
    "long_short_ratio": null
  },
  "ETH": {
    "funding_hr_pct": 0.00125,
    "open_interest": 810213.4659999994,
    "cvd_total": 302696.9504,
    "cvd_12bars": 14558.634699999999,
    "long_short_ratio": null
  }
}