{
  "BTC": {
    "funding_hr_pct": 0.00125,
    "open_interest": 28769.08234,
    "cvd_total": 1756.3278799999998,
    "cvd_12bars": 1625.20368,
    "long_short_ratio": null
  },
  "ETH": {
    "funding_hr_pct": 0.00107096,
    "open_interest": 443877.5466000001,
    "cvd_total": -15891.785600000007,
    "cvd_12bars": 39818.828700000005,
    "long_short_ratio": null
  }
}