{
  "BTC": {
    "funding_hr_pct": -0.00050674,
    "open_interest": 24873.18494,
    "cvd_total": 9937.976959999996,
    "cvd_12bars": 4737.678490000001,
    "long_short_ratio": null
  },
  "ETH": {
    "funding_hr_pct": 0.00029669,
    "open_interest": 437986.8348000001,
    "cvd_total": 113093.64179999994,
    "cvd_12bars": 27729.813500000007,
    "long_short_ratio": null
  }
}