{
  "BTC": {
    "funding_hr_pct": 0.00125,
    "open_interest": 37752.19996,
    "cvd_total": 7257.629509999999,
    "cvd_12bars": 2468.4789600000004,
    "long_short_ratio": null
  },
  "ETH": {
    "funding_hr_pct": 0.00125,
    "open_interest": 1064397.5435999993,
    "cvd_total": 67592.15989999997,
    "cvd_12bars": 20836.842,
    "long_short_ratio": null
  }
}