{
  "BTC": {
    "funding_hr_pct": 0.00125,
    "open_interest": 31013.37404,
    "cvd_total": -170.81207000000043,
    "cvd_12bars": 121.37924000000004,
    "long_short_ratio": null
  },
  "ETH": {
    "funding_hr_pct": 0.00100491,
    "open_interest": 529726.954800001,
    "cvd_total": -30067.993499999968,
    "cvd_12bars": -13581.915299999999,
    "long_short_ratio": null
  }
}