{
  "BTC": {
    "funding_hr_pct": 0.00125,
    "open_interest": 28436.72422,
    "cvd_total": -14747.434740000002,
    "cvd_12bars": -813.72492,
    "long_short_ratio": null
  },
  "ETH": {
    "funding_hr_pct": 0.00125,
    "open_interest": 584500.9512,
    "cvd_total": -262192.34800000023,
    "cvd_12bars": -6387.0546,
    "long_short_ratio": null
  }
}