{
  "BTC": {
    "funding_hr_pct": 0.00125,
    "open_interest": 33064.41332,
    "cvd_total": 6647.146100000003,
    "cvd_12bars": -364.78942000000006,
    "long_short_ratio": null
  },
  "ETH": {
    "funding_hr_pct": 0.00058626,
    "open_interest": 717950.0252,
    "cvd_total": 232821.19390000013,
    "cvd_12bars": -8462.0079,
    "long_short_ratio": null
  }
}