{
  "BTC": {
    "funding_hr_pct": -0.00134421,
    "open_interest": 26074.41208,
    "cvd_total": 15344.086479999993,
    "cvd_12bars": 594.90553,
    "long_short_ratio": null
  },
  "ETH": {
    "funding_hr_pct": 0.00114982,
    "open_interest": 442227.8285999999,
    "cvd_total": 168385.92939999996,
    "cvd_12bars": 22264.114399999995,
    "long_short_ratio": null
  }
}