{
  "BTC": {
    "funding_hr_pct": -0.00014942,
    "open_interest": 27127.09572,
    "cvd_total": 5485.199559999996,
    "cvd_12bars": 1120.1538500000001,
    "long_short_ratio": null
  },
  "ETH": {
    "funding_hr_pct": -0.0021756600000000003,
    "open_interest": 463667.0665999999,
    "cvd_total": -38449.21439999997,
    "cvd_12bars": -10348.813399999995,
    "long_short_ratio": null
  }
}