{
  "BTC": {
    "funding_hr_pct": -0.00247963,
    "open_interest": 29626.96952,
    "cvd_total": -2199.9027499999993,
    "cvd_12bars": 559.6810399999999,
    "long_short_ratio": null
  },
  "ETH": {
    "funding_hr_pct": 0.00082256,
    "open_interest": 586812.5380000001,
    "cvd_total": 58926.44359999994,
    "cvd_12bars": 7988.836799999999,
    "long_short_ratio": null
  }
}