{
  "BTC": {
    "funding_hr_pct": -0.00141325,
    "open_interest": 29192.09062,
    "cvd_total": 252.54568999999776,
    "cvd_12bars": 1102.93073,
    "long_short_ratio": null
  },
  "ETH": {
    "funding_hr_pct": 0.00053521,
    "open_interest": 571954.1568,
    "cvd_total": -14022.338700000015,
    "cvd_12bars": -5150.700799999999,
    "long_short_ratio": null
  }
}