{
  "BTC": {
    "funding_hr_pct": -0.0008385900000000001,
    "open_interest": 36072.98688,
    "cvd_total": -71.49316000000232,
    "cvd_12bars": 184.31414000000012,
    "long_short_ratio": null
  },
  "ETH": {
    "funding_hr_pct": 0.0008066900000000001,
    "open_interest": 725658.917,
    "cvd_total": 103338.00689999995,
    "cvd_12bars": 9473.526100000001,
    "long_short_ratio": null
  }
}