{
  "BTC": {
    "funding_hr_pct": 0.00125,
    "open_interest": 26869.75678,
    "cvd_total": -9613.432190000001,
    "cvd_12bars": 14.058880000000052,
    "long_short_ratio": null
  },
  "ETH": {
    "funding_hr_pct": 0.0006862799999999999,
    "open_interest": 570306.0827999994,
    "cvd_total": -11170.45389999999,
    "cvd_12bars": -13334.675299999999,
    "long_short_ratio": null
  }
}