{
  "BTC": {
    "funding_hr_pct": -0.0013504300000000001,
    "open_interest": 28129.56734,
    "cvd_total": 1495.4296000000027,
    "cvd_12bars": -375.02058999999997,
    "long_short_ratio": null
  },
  "ETH": {
    "funding_hr_pct": -0.0011830200000000001,
    "open_interest": 385621.4242,
    "cvd_total": -12149.2787,
    "cvd_12bars": -2582.7508000000003,
    "long_short_ratio": null
  }
}