{
  "BTC": {
    "funding_hr_pct": 0.00125,
    "open_interest": 35207.33828,
    "cvd_total": 2435.2894800000013,
    "cvd_12bars": 480.98476000000005,
    "long_short_ratio": null
  },
  "ETH": {
    "funding_hr_pct": 0.00125,
    "open_interest": 778609.4273999997,
    "cvd_total": 46876.85239999998,
    "cvd_12bars": 2719.273699999998,
    "long_short_ratio": null
  }
}