{
  "BTC": {
    "funding_hr_pct": 0.00062617,
    "open_interest": 26881.38798,
    "cvd_total": 4217.2550900000015,
    "cvd_12bars": 1237.63609,
    "long_short_ratio": null
  },
  "ETH": {
    "funding_hr_pct": -0.00111074,
    "open_interest": 436880.2504,
    "cvd_total": -32701.595199999996,
    "cvd_12bars": -24341.289500000003,
    "long_short_ratio": null
  }
}