{
  "BTC": {
    "funding_hr_pct": 0.00106994,
    "open_interest": 28747.52636,
    "cvd_total": 8510.284170000004,
    "cvd_12bars": 232.11043999999998,
    "long_short_ratio": null
  },
  "ETH": {
    "funding_hr_pct": 0.00125,
    "open_interest": 559961.2898000001,
    "cvd_total": 93834.7076,
    "cvd_12bars": 4910.944200000002,
    "long_short_ratio": null
  }
}