{
  "BTC": {
    "funding_hr_pct": 0.00125,
    "open_interest": 32398.81692,
    "cvd_total": -26109.044429999976,
    "cvd_12bars": -3157.88252,
    "long_short_ratio": null
  },
  "ETH": {
    "funding_hr_pct": -2.183e-05,
    "open_interest": 664610.657400001,
    "cvd_total": -343713.6303,
    "cvd_12bars": -18684.7025,
    "long_short_ratio": null
  }
}