{
  "BTC": {
    "funding_hr_pct": 0.00125,
    "open_interest": 29898.99744,
    "cvd_total": -876.7247399999999,
    "cvd_12bars": 609.86106,
    "long_short_ratio": null
  },
  "ETH": {
    "funding_hr_pct": 0.00125,
    "open_interest": 643615.5677999998,
    "cvd_total": 524.9986000000231,
    "cvd_12bars": 8778.913499999999,
    "long_short_ratio": null
  }
}