{
  "BTC": {
    "funding_hr_pct": 0.00125,
    "open_interest": 36470.21456,
    "cvd_total": 3756.5341400000007,
    "cvd_12bars": 467.46798999999993,
    "long_short_ratio": null
  },
  "ETH": {
    "funding_hr_pct": 0.00125,
    "open_interest": 772907.3109999996,
    "cvd_total": 150194.59150000013,
    "cvd_12bars": -6938.226799999999,
    "long_short_ratio": null
  }
}