{
  "BTC": {
    "funding_hr_pct": 0.00012218,
    "open_interest": 27976.86792,
    "cvd_total": 5415.605260000004,
    "cvd_12bars": -935.7101700000001,
    "long_short_ratio": null
  },
  "ETH": {
    "funding_hr_pct": -0.00111097,
    "open_interest": 396642.1242000001,
    "cvd_total": -2902.236900000004,
    "cvd_12bars": -3582.8883000000005,
    "long_short_ratio": null
  }
}