{
  "BTC": {
    "funding_hr_pct": -0.00123499,
    "open_interest": 25923.31546,
    "cvd_total": -907.68291,
    "cvd_12bars": -736.7870400000002,
    "long_short_ratio": null
  },
  "ETH": {
    "funding_hr_pct": -0.00036577,
    "open_interest": 503038.3882,
    "cvd_total": -77591.12240000004,
    "cvd_12bars": -8582.6831,
    "long_short_ratio": null
  }
}