{
  "BTC": {
    "funding_hr_pct": 0.00040724,
    "open_interest": 26831.93946,
    "cvd_total": -6891.17109,
    "cvd_12bars": -389.49346,
    "long_short_ratio": null
  },
  "ETH": {
    "funding_hr_pct": -0.00084118,
    "open_interest": 534858.8821999995,
    "cvd_total": -143171.84599999993,
    "cvd_12bars": 7621.553500000001,
    "long_short_ratio": null
  }
}