{
  "BTC": {
    "funding_hr_pct": 0.00017946,
    "open_interest": 30709.72142,
    "cvd_total": -4409.7393,
    "cvd_12bars": 1282.0899200000001,
    "long_short_ratio": null
  },
  "ETH": {
    "funding_hr_pct": 0.00072586,
    "open_interest": 534667.3118000006,
    "cvd_total": -116143.41269999996,
    "cvd_12bars": 552.3097000000007,
    "long_short_ratio": null
  }
}