{
  "BTC": {
    "funding_hr_pct": 0.00125,
    "open_interest": 38904.61288,
    "cvd_total": -2508.0596500000006,
    "cvd_12bars": 1168.62319,
    "long_short_ratio": null
  },
  "ETH": {
    "funding_hr_pct": 0.00125,
    "open_interest": 866676.8012,
    "cvd_total": -64632.778799999964,
    "cvd_12bars": 18868.0019,
    "long_short_ratio": null
  }
}