{
  "BTC": {
    "funding_hr_pct": -0.00011672000000000001,
    "open_interest": 33907.5347399999,
    "cvd_total": -3098.00934,
    "cvd_12bars": -502.7146,
    "long_short_ratio": null
  },
  "ETH": {
    "funding_hr_pct": -0.00104626,
    "open_interest": 735940.8891999999,
    "cvd_total": 7299.291900000007,
    "cvd_12bars": -3072.5784000000003,
    "long_short_ratio": null
  }
}