{
  "BTC": {
    "funding_hr_pct": 0.00020891999999999997,
    "open_interest": 27065.4062,
    "cvd_total": 1074.2605499999977,
    "cvd_12bars": -444.14216,
    "long_short_ratio": null
  },
  "ETH": {
    "funding_hr_pct": 0.00125,
    "open_interest": 588207.1038,
    "cvd_total": 2502.1196999999675,
    "cvd_12bars": -4801.650900000001,
    "long_short_ratio": null
  }
}