{
  "BTC": {
    "funding_hr_pct": 0.00112397,
    "open_interest": 28672.44024,
    "cvd_total": 3997.637759999998,
    "cvd_12bars": -477.8450599999997,
    "long_short_ratio": null
  },
  "ETH": {
    "funding_hr_pct": 0.00125,
    "open_interest": 593615.8912000011,
    "cvd_total": 30206.28370000002,
    "cvd_12bars": 23564.8442,
    "long_short_ratio": null
  }
}