{
  "BTC": {
    "funding_hr_pct": -0.00037278,
    "open_interest": 27973.25402,
    "cvd_total": -3100.1721899999984,
    "cvd_12bars": -1468.2728100000002,
    "long_short_ratio": null
  },
  "ETH": {
    "funding_hr_pct": -0.00288357,
    "open_interest": 416290.723,
    "cvd_total": -71929.38299999999,
    "cvd_12bars": -35308.90839999999,
    "long_short_ratio": null
  }
}