{
  "BTC": {
    "funding_hr_pct": -0.00013297,
    "open_interest": 24468.76892,
    "cvd_total": 3304.3545799999956,
    "cvd_12bars": -186.19506000000007,
    "long_short_ratio": null
  },
  "ETH": {
    "funding_hr_pct": -0.00185571,
    "open_interest": 551491.7609999994,
    "cvd_total": 28725.912799999947,
    "cvd_12bars": -36302.0795,
    "long_short_ratio": null
  }
}