{
  "BTC": {
    "funding_hr_pct": 0.00125,
    "open_interest": 24674.09278,
    "cvd_total": 9772.44629,
    "cvd_12bars": 748.07397,
    "long_short_ratio": null
  },
  "ETH": {
    "funding_hr_pct": 0.00032743000000000003,
    "open_interest": 542528.7916000003,
    "cvd_total": 41671.079399999966,
    "cvd_12bars": 694.8362999999995,
    "long_short_ratio": null
  }
}