{
  "BTC": {
    "funding_hr_pct": 0.00031771,
    "open_interest": 26940.25922,
    "cvd_total": 4397.259410000001,
    "cvd_12bars": 1836.9132100000002,
    "long_short_ratio": null
  },
  "ETH": {
    "funding_hr_pct": 0.00018493,
    "open_interest": 423094.1912000005,
    "cvd_total": -32921.27419999999,
    "cvd_12bars": 16586.4311,
    "long_short_ratio": null
  }
}