{
  "BTC": {
    "funding_hr_pct": 0.00125,
    "open_interest": 40520.4679199999,
    "cvd_total": 2230.6383400000013,
    "cvd_12bars": 166.79135999999997,
    "long_short_ratio": null
  },
  "ETH": {
    "funding_hr_pct": 0.00125,
    "open_interest": 988019.5404000002,
    "cvd_total": 62691.29559999997,
    "cvd_12bars": -1246.4701999999993,
    "long_short_ratio": null
  }
}