{
  "BTC": {
    "funding_hr_pct": -0.00154983,
    "open_interest": 26783.3277599999,
    "cvd_total": 1636.7310199999988,
    "cvd_12bars": -1205.5689500000003,
    "long_short_ratio": null
  },
  "ETH": {
    "funding_hr_pct": -0.0006117,
    "open_interest": 574006.2004000002,
    "cvd_total": -119517.42850000002,
    "cvd_12bars": -53639.353800000004,
    "long_short_ratio": null
  }
}