{
  "BTC": {
    "funding_hr_pct": 0.00125,
    "open_interest": 30263.49086,
    "cvd_total": 944.5969600000005,
    "cvd_12bars": 437.04287000000005,
    "long_short_ratio": null
  },
  "ETH": {
    "funding_hr_pct": 0.00125,
    "open_interest": 577540.8162000002,
    "cvd_total": -6555.903399999985,
    "cvd_12bars": -7834.6681,
    "long_short_ratio": null
  }
}