{
  "BTC": {
    "funding_hr_pct": 0.00120696,
    "open_interest": 26654.50598,
    "cvd_total": -325.65803000000056,
    "cvd_12bars": -443.44572999999997,
    "long_short_ratio": null
  },
  "ETH": {
    "funding_hr_pct": -0.00115213,
    "open_interest": 566345.2256,
    "cvd_total": 50233.038699999976,
    "cvd_12bars": -1816.2556999999997,
    "long_short_ratio": null
  }
}