{
  "BTC": {
    "funding_hr_pct": 0.00125,
    "open_interest": 35076.83844,
    "cvd_total": 7274.359279999998,
    "cvd_12bars": -802.33935,
    "long_short_ratio": null
  },
  "ETH": {
    "funding_hr_pct": 0.00125,
    "open_interest": 772811.8903999993,
    "cvd_total": 112603.30510000004,
    "cvd_12bars": -8510.2125,
    "long_short_ratio": null
  }
}