{
  "BTC": {
    "funding_hr_pct": 0.00125,
    "open_interest": 36548.40724,
    "cvd_total": 13564.967190000007,
    "cvd_12bars": 1309.23708,
    "long_short_ratio": null
  },
  "ETH": {
    "funding_hr_pct": 0.00125,
    "open_interest": 917553.8695999992,
    "cvd_total": 23203.264899999987,
    "cvd_12bars": 19879.4001,
    "long_short_ratio": null
  }
}