{
  "BTC": {
    "funding_hr_pct": 0.00125,
    "open_interest": 35338.60818,
    "cvd_total": 4475.122170000002,
    "cvd_12bars": -318.41863,
    "long_short_ratio": null
  },
  "ETH": {
    "funding_hr_pct": 0.00125,
    "open_interest": 776974.6599999998,
    "cvd_total": 81657.35099999998,
    "cvd_12bars": -664.2115999999997,
    "long_short_ratio": null
  }
}