{
  "BTC": {
    "funding_hr_pct": -0.0013722,
    "open_interest": 28629.39154,
    "cvd_total": -4534.329139999998,
    "cvd_12bars": -245.32971,
    "long_short_ratio": null
  },
  "ETH": {
    "funding_hr_pct": -0.00132182,
    "open_interest": 562944.9964000004,
    "cvd_total": -175875.50619999997,
    "cvd_12bars": -17751.759,
    "long_short_ratio": null
  }
}