{
  "BTC": {
    "funding_hr_pct": -0.00161163,
    "open_interest": 28856.01486,
    "cvd_total": 494.7585,
    "cvd_12bars": 298.39907000000005,
    "long_short_ratio": null
  },
  "ETH": {
    "funding_hr_pct": 0.00038022,
    "open_interest": 556715.9217999997,
    "cvd_total": -85.81059999999218,
    "cvd_12bars": 3873.7031000000006,
    "long_short_ratio": null
  }
}