{
  "BTC": {
    "funding_hr_pct": 0.00125,
    "open_interest": 27838.75952,
    "cvd_total": -312.14983999999953,
    "cvd_12bars": 24.92133000000002,
    "long_short_ratio": null
  },
  "ETH": {
    "funding_hr_pct": 0.0009469900000000001,
    "open_interest": 589499.2094000003,
    "cvd_total": 43279.3277,
    "cvd_12bars": -6529.3778,
    "long_short_ratio": null
  }
}