{
  "BTC": {
    "funding_hr_pct": -0.0013477300000000001,
    "open_interest": 28741.08852,
    "cvd_total": 667.4984299999992,
    "cvd_12bars": -190.34868999999998,
    "long_short_ratio": null
  },
  "ETH": {
    "funding_hr_pct": 0.00125,
    "open_interest": 553777.279599999,
    "cvd_total": 14454.341500000008,
    "cvd_12bars": -8307.050999999998,
    "long_short_ratio": null
  }
}