{
  "BTC": {
    "funding_hr_pct": 0.00125,
    "open_interest": 26928.54806,
    "cvd_total": 7750.721700000002,
    "cvd_12bars": 3555.18253,
    "long_short_ratio": null
  },
  "ETH": {
    "funding_hr_pct": 0.00125,
    "open_interest": 557320.2870000006,
    "cvd_total": 37074.08179999997,
    "cvd_12bars": 18899.9461,
    "long_short_ratio": null
  }
}