{
  "BTC": {
    "funding_hr_pct": 0.00087483,
    "open_interest": 28311.96556,
    "cvd_total": 7956.555860000004,
    "cvd_12bars": 1372.0169199999998,
    "long_short_ratio": null
  },
  "ETH": {
    "funding_hr_pct": -0.00015862,
    "open_interest": 455494.2020000002,
    "cvd_total": 10915.697099999981,
    "cvd_12bars": 9687.4107,
    "long_short_ratio": null
  }
}