{
  "BTC": {
    "funding_hr_pct": -0.00068857,
    "open_interest": 29219.95872,
    "cvd_total": -7461.498810000003,
    "cvd_12bars": -705.9680999999999,
    "long_short_ratio": null
  },
  "ETH": {
    "funding_hr_pct": 0.00075341,
    "open_interest": 578092.9661999992,
    "cvd_total": -147063.24780000007,
    "cvd_12bars": -7741.209200000001,
    "long_short_ratio": null
  }
}