{
  "BTC": {
    "funding_hr_pct": -0.00056178,
    "open_interest": 27548.52722,
    "cvd_total": 1015.9728599999996,
    "cvd_12bars": -648.2886800000001,
    "long_short_ratio": null
  },
  "ETH": {
    "funding_hr_pct": -0.00024648,
    "open_interest": 609189.1305999999,
    "cvd_total": -64874.9436,
    "cvd_12bars": -18253.445200000002,
    "long_short_ratio": null
  }
}