{
  "BTC": {
    "funding_hr_pct": 0.00125,
    "open_interest": 36971.54624,
    "cvd_total": 8506.059409999994,
    "cvd_12bars": -1545.0562700000003,
    "long_short_ratio": null
  },
  "ETH": {
    "funding_hr_pct": 0.00125,
    "open_interest": 758923.9787999999,
    "cvd_total": 132266.331,
    "cvd_12bars": -4356.3305,
    "long_short_ratio": null
  }
}