{
  "BTC": {
    "funding_hr_pct": 0.00051318,
    "open_interest": 33804.47096,
    "cvd_total": -5174.515690000002,
    "cvd_12bars": -1115.6986,
    "long_short_ratio": null
  },
  "ETH": {
    "funding_hr_pct": -0.00174768,
    "open_interest": 714248.1338000001,
    "cvd_total": 10260.390300000006,
    "cvd_12bars": -16890.741100000003,
    "long_short_ratio": null
  }
}