{
  "BTC": {
    "funding_hr_pct": 0.00125,
    "open_interest": 34582.6485400001,
    "cvd_total": -908.1170899999997,
    "cvd_12bars": -303.33446,
    "long_short_ratio": null
  },
  "ETH": {
    "funding_hr_pct": 0.00125,
    "open_interest": 784764.9882000008,
    "cvd_total": 31822.993299999987,
    "cvd_12bars": 8307.125599999998,
    "long_short_ratio": null
  }
}