{
  "BTC": {
    "funding_hr_pct": -0.0034255799999999997,
    "open_interest": 28119.94994,
    "cvd_total": 19709.165999999994,
    "cvd_12bars": -1259.44235,
    "long_short_ratio": null
  },
  "ETH": {
    "funding_hr_pct": -0.00323801,
    "open_interest": 544723.9236000014,
    "cvd_total": 184775.65140000003,
    "cvd_12bars": -62451.6747,
    "long_short_ratio": null
  }
}