{
  "BTC": {
    "funding_hr_pct": -0.00161552,
    "open_interest": 28673.51276,
    "cvd_total": -417.22445000000016,
    "cvd_12bars": 116.45206999999999,
    "long_short_ratio": null
  },
  "ETH": {
    "funding_hr_pct": 0.00084976,
    "open_interest": 555475.2348,
    "cvd_total": 14501.27989999999,
    "cvd_12bars": -2204.1591999999996,
    "long_short_ratio": null
  }
}