{
  "BTC": {
    "funding_hr_pct": 0.00125,
    "open_interest": 33727.6828,
    "cvd_total": -372.0919400000002,
    "cvd_12bars": 56.50110999999998,
    "long_short_ratio": null
  },
  "ETH": {
    "funding_hr_pct": -0.00019817999999999998,
    "open_interest": 725246.1174000002,
    "cvd_total": 21675.11450000003,
    "cvd_12bars": -2117.9862,
    "long_short_ratio": null
  }
}