{
  "BTC": {
    "funding_hr_pct": 0.00049615,
    "open_interest": 25341.13648,
    "cvd_total": -1024.645350000001,
    "cvd_12bars": 3651.5850000000005,
    "long_short_ratio": null
  },
  "ETH": {
    "funding_hr_pct": -0.0008440100000000001,
    "open_interest": 560557.8403999999,
    "cvd_total": -172402.2154,
    "cvd_12bars": -32307.2601,
    "long_short_ratio": null
  }
}