{
  "BTC": {
    "funding_hr_pct": -0.00015534000000000001,
    "open_interest": 33321.19564,
    "cvd_total": -521.2876099999985,
    "cvd_12bars": -789.71534,
    "long_short_ratio": null
  },
  "ETH": {
    "funding_hr_pct": -1.651e-05,
    "open_interest": 675833.9830000001,
    "cvd_total": -217404.74960000013,
    "cvd_12bars": -7271.142099999999,
    "long_short_ratio": null
  }
}