{
  "BTC": {
    "funding_hr_pct": 0.00125,
    "open_interest": 31956.37046,
    "cvd_total": -34993.30594,
    "cvd_12bars": 563.4781700000004,
    "long_short_ratio": null
  },
  "ETH": {
    "funding_hr_pct": 0.00125,
    "open_interest": 589365.4426000002,
    "cvd_total": -325801.0111,
    "cvd_12bars": 25719.5412,
    "long_short_ratio": null
  }
}