{
  "BTC": {
    "funding_hr_pct": -0.00093143,
    "open_interest": 27414.59486,
    "cvd_total": 711.64209,
    "cvd_12bars": 612.3828099999996,
    "long_short_ratio": null
  },
  "ETH": {
    "funding_hr_pct": 0.00125,
    "open_interest": 572594.4118000001,
    "cvd_total": 29267.328700000056,
    "cvd_12bars": -9449.7978,
    "long_short_ratio": null
  }
}