{
  "BTC": {
    "funding_hr_pct": 0.00125,
    "open_interest": 29940.75202,
    "cvd_total": -23507.884300000005,
    "cvd_12bars": -3841.5883400000002,
    "long_short_ratio": null
  },
  "ETH": {
    "funding_hr_pct": 0.00125,
    "open_interest": 677507.2387999996,
    "cvd_total": -87453.17960000003,
    "cvd_12bars": -29155.309299999997,
    "long_short_ratio": null
  }
}