{
  "BTC": {
    "funding_hr_pct": -0.00116636,
    "open_interest": 26706.38974,
    "cvd_total": -2827.313299999999,
    "cvd_12bars": 259.26311,
    "long_short_ratio": null
  },
  "ETH": {
    "funding_hr_pct": -0.00017279,
    "open_interest": 552149.6544000001,
    "cvd_total": -108733.48090000002,
    "cvd_12bars": -6310.313399999998,
    "long_short_ratio": null
  }
}