{
  "BTC": {
    "funding_hr_pct": -0.00076088,
    "open_interest": 26431.71756,
    "cvd_total": -1640.545390000001,
    "cvd_12bars": -1017.433,
    "long_short_ratio": null
  },
  "ETH": {
    "funding_hr_pct": -0.00054259,
    "open_interest": 570191.4406,
    "cvd_total": -22856.9283,
    "cvd_12bars": -16086.0315,
    "long_short_ratio": null
  }
}