{
  "BTC": {
    "funding_hr_pct": 5.073e-05,
    "open_interest": 27139.10202,
    "cvd_total": -654.4080100000017,
    "cvd_12bars": 382.15776,
    "long_short_ratio": null
  },
  "ETH": {
    "funding_hr_pct": 0.00125,
    "open_interest": 581060.6906000001,
    "cvd_total": 43775.487600000044,
    "cvd_12bars": 5233.3864,
    "long_short_ratio": null
  }
}