{
  "BTC": {
    "funding_hr_pct": 0.00049402,
    "open_interest": 33938.29572,
    "cvd_total": 4240.164369999999,
    "cvd_12bars": -165.55051999999995,
    "long_short_ratio": null
  },
  "ETH": {
    "funding_hr_pct": -0.0016446499999999999,
    "open_interest": 703316.4012000001,
    "cvd_total": 88974.30279999996,
    "cvd_12bars": 8792.3762,
    "long_short_ratio": null
  }
}