{
  "BTC": {
    "funding_hr_pct": -0.00201089,
    "open_interest": 30611.71438,
    "cvd_total": 359.13054000000017,
    "cvd_12bars": 202.91523999999998,
    "long_short_ratio": null
  },
  "ETH": {
    "funding_hr_pct": 0.00036287,
    "open_interest": 549857.744,
    "cvd_total": 2786.6869999999994,
    "cvd_12bars": 4702.4003999999995,
    "long_short_ratio": null
  }
}