{
  "BTC": {
    "funding_hr_pct": 0.00125,
    "open_interest": 37359.40984,
    "cvd_total": 1198.2347100000004,
    "cvd_12bars": -924.1481399999999,
    "long_short_ratio": null
  },
  "ETH": {
    "funding_hr_pct": 0.00125,
    "open_interest": 786767.2988000001,
    "cvd_total": -24078.365699999988,
    "cvd_12bars": -10113.6667,
    "long_short_ratio": null
  }
}