{
  "BTC": {
    "funding_hr_pct": 0.00125,
    "open_interest": 32084.88718,
    "cvd_total": 1119.030430000001,
    "cvd_12bars": -1174.2520499999998,
    "long_short_ratio": null
  },
  "ETH": {
    "funding_hr_pct": 0.00125,
    "open_interest": 753707.2743999999,
    "cvd_total": 70632.56309999991,
    "cvd_12bars": -26306.157900000002,
    "long_short_ratio": null
  }
}