{
  "BTC": {
    "funding_hr_pct": -0.00030211,
    "open_interest": 28099.20034,
    "cvd_total": 2411.6603,
    "cvd_12bars": 185.4053600000002,
    "long_short_ratio": null
  },
  "ETH": {
    "funding_hr_pct": 0.0008445,
    "open_interest": 571079.4012,
    "cvd_total": 6963.397600000005,
    "cvd_12bars": -11505.9996,
    "long_short_ratio": null
  }
}