{
  "BTC": {
    "funding_hr_pct": 0.00041931,
    "open_interest": 24672.3468,
    "cvd_total": 6988.373720000004,
    "cvd_12bars": -77.56741,
    "long_short_ratio": null
  },
  "ETH": {
    "funding_hr_pct": 0.0008226399999999999,
    "open_interest": 559038.2194000008,
    "cvd_total": -16011.37369999998,
    "cvd_12bars": -2948.7565,
    "long_short_ratio": null
  }
}