{
  "BTC": {
    "funding_hr_pct": -0.00016318,
    "open_interest": 26593.93742,
    "cvd_total": 9906.131469999997,
    "cvd_12bars": 86.28596999999996,
    "long_short_ratio": null
  },
  "ETH": {
    "funding_hr_pct": 0.00093635,
    "open_interest": 586950.5208000002,
    "cvd_total": 169906.8277999999,
    "cvd_12bars": -7095.174199999999,
    "long_short_ratio": null
  }
}