{
  "BTC": {
    "funding_hr_pct": -0.00027091999999999996,
    "open_interest": 28666.53528,
    "cvd_total": 4673.65557,
    "cvd_12bars": 2783.21532,
    "long_short_ratio": null
  },
  "ETH": {
    "funding_hr_pct": 0.00125,
    "open_interest": 543103.2575999999,
    "cvd_total": -9139.493099999947,
    "cvd_12bars": 32636.310899999997,
    "long_short_ratio": null
  }
}