{
  "BTC": {
    "funding_hr_pct": 0.00125,
    "open_interest": 27370.39262,
    "cvd_total": 582.4896799999998,
    "cvd_12bars": 3.3486200000000177,
    "long_short_ratio": null
  },
  "ETH": {
    "funding_hr_pct": 0.00125,
    "open_interest": 430752.3764,
    "cvd_total": 21824.428099999997,
    "cvd_12bars": 7594.7982999999995,
    "long_short_ratio": null
  }
}