{
  "BTC": {
    "funding_hr_pct": 0.00125,
    "open_interest": 27373.27394,
    "cvd_total": -8658.94875,
    "cvd_12bars": -142.72472000000008,
    "long_short_ratio": null
  },
  "ETH": {
    "funding_hr_pct": 0.00125,
    "open_interest": 542641.3012000008,
    "cvd_total": -81094.76419999996,
    "cvd_12bars": -13951.486099999998,
    "long_short_ratio": null
  }
}