{
  "BTC": {
    "funding_hr_pct": 0.00038820999999999994,
    "open_interest": 31473.08318,
    "cvd_total": -6791.5477800000035,
    "cvd_12bars": -673.88304,
    "long_short_ratio": null
  },
  "ETH": {
    "funding_hr_pct": 0.00119427,
    "open_interest": 583288.1056,
    "cvd_total": -41440.829999999994,
    "cvd_12bars": -13670.714100000003,
    "long_short_ratio": null
  }
}