{
  "BTC": {
    "funding_hr_pct": 0.00043529,
    "open_interest": 31123.94468,
    "cvd_total": 6990.01404,
    "cvd_12bars": 3524.6704099999997,
    "long_short_ratio": null
  },
  "ETH": {
    "funding_hr_pct": 0.00125,
    "open_interest": 556316.4375999996,
    "cvd_total": 105262.9698,
    "cvd_12bars": 10313.328500000003,
    "long_short_ratio": null
  }
}