{
  "BTC": {
    "funding_hr_pct": 0.00125,
    "open_interest": 26892.60148,
    "cvd_total": -10281.73908,
    "cvd_12bars": 555.0218299999999,
    "long_short_ratio": null
  },
  "ETH": {
    "funding_hr_pct": 0.00125,
    "open_interest": 570978.1272,
    "cvd_total": -2953.409699999995,
    "cvd_12bars": 28944.4297,
    "long_short_ratio": null
  }
}