{
  "BTC": {
    "funding_hr_pct": 0.00023723,
    "open_interest": 27752.36046,
    "cvd_total": 3400.608379999999,
    "cvd_12bars": -32.31323,
    "long_short_ratio": null
  },
  "ETH": {
    "funding_hr_pct": 0.00125,
    "open_interest": 571679.7591999997,
    "cvd_total": 61291.06079999998,
    "cvd_12bars": -9227.426,
    "long_short_ratio": null
  }
}