{
  "BTC": {
    "funding_hr_pct": 0.00125,
    "open_interest": 31142.1908,
    "cvd_total": -31598.013039999976,
    "cvd_12bars": -10789.63854,
    "long_short_ratio": null
  },
  "ETH": {
    "funding_hr_pct": 0.00125,
    "open_interest": 662992.3112000003,
    "cvd_total": -300040.2114000001,
    "cvd_12bars": 7539.967599999996,
    "long_short_ratio": null
  }
}