{
  "BTC": {
    "funding_hr_pct": -0.00039466999999999996,
    "open_interest": 28516.462,
    "cvd_total": 6770.432030000002,
    "cvd_12bars": 4866.58072,
    "long_short_ratio": null
  },
  "ETH": {
    "funding_hr_pct": 0.00113679,
    "open_interest": 602062.3468000003,
    "cvd_total": 111869.67910000001,
    "cvd_12bars": 67818.6391,
    "long_short_ratio": null
  }
}