{
  "BTC": {
    "funding_hr_pct": 0.00125,
    "open_interest": 28182.04888,
    "cvd_total": -9295.95825,
    "cvd_12bars": 2254.7718800000002,
    "long_short_ratio": null
  },
  "ETH": {
    "funding_hr_pct": 0.00125,
    "open_interest": 554826.3730000004,
    "cvd_total": -56280.230899999995,
    "cvd_12bars": 131531.869,
    "long_short_ratio": null
  }
}