{
  "BTC": {
    "funding_hr_pct": 0.0007667899999999999,
    "open_interest": 28185.39794,
    "cvd_total": 2480.4138300000013,
    "cvd_12bars": -645.62673,
    "long_short_ratio": null
  },
  "ETH": {
    "funding_hr_pct": 0.00125,
    "open_interest": 580878.1622000006,
    "cvd_total": -50180.512100000014,
    "cvd_12bars": -6701.9066,
    "long_short_ratio": null
  }
}