{
  "BTC": {
    "funding_hr_pct": 0.00125,
    "open_interest": 36558.81442,
    "cvd_total": 28.604259999997147,
    "cvd_12bars": 251.98436,
    "long_short_ratio": null
  },
  "ETH": {
    "funding_hr_pct": 0.00125,
    "open_interest": 925104.9788,
    "cvd_total": -21495.162900000043,
    "cvd_12bars": -6443.381200000001,
    "long_short_ratio": null
  }
}