{
  "BTC": {
    "funding_hr_pct": 0.00125,
    "open_interest": 28354.33534,
    "cvd_total": 651.0870899999989,
    "cvd_12bars": -32.72078000000005,
    "long_short_ratio": null
  },
  "ETH": {
    "funding_hr_pct": -8.723e-05,
    "open_interest": 441226.1296,
    "cvd_total": -30335.778400000017,
    "cvd_12bars": -3016.4219,
    "long_short_ratio": null
  }
}