{
  "BTC": {
    "funding_hr_pct": 0.0001317,
    "open_interest": 26932.25984,
    "cvd_total": -4458.682569999997,
    "cvd_12bars": 1794.1274500000002,
    "long_short_ratio": null
  },
  "ETH": {
    "funding_hr_pct": -0.0010214199999999999,
    "open_interest": 427838.6646000001,
    "cvd_total": -74233.17480000001,
    "cvd_12bars": 4484.0208,
    "long_short_ratio": null
  }
}