{
  "BTC": {
    "funding_hr_pct": 0.00125,
    "open_interest": 40064.52464,
    "cvd_total": 5330.381220000001,
    "cvd_12bars": 2818.4754399999997,
    "long_short_ratio": null
  },
  "ETH": {
    "funding_hr_pct": 0.00125,
    "open_interest": 988768.3726000006,
    "cvd_total": 79399.43509999996,
    "cvd_12bars": 16389.4577,
    "long_short_ratio": null
  }
}