{
  "BTC": {
    "funding_hr_pct": 0.00025187,
    "open_interest": 27842.4895199999,
    "cvd_total": -6092.172070000001,
    "cvd_12bars": -950.6419799999999,
    "long_short_ratio": null
  },
  "ETH": {
    "funding_hr_pct": 8.065000000000001e-05,
    "open_interest": 577656.9076000004,
    "cvd_total": 490.03559999998777,
    "cvd_12bars": -10153.6977,
    "long_short_ratio": null
  }
}