{
  "BTC": {
    "funding_hr_pct": 0.00125,
    "open_interest": 37567.0202,
    "cvd_total": -2652.6320899999982,
    "cvd_12bars": -17.666590000000014,
    "long_short_ratio": null
  },
  "ETH": {
    "funding_hr_pct": 0.00125,
    "open_interest": 1015829.3141999999,
    "cvd_total": -42255.0297,
    "cvd_12bars": -6199.109200000002,
    "long_short_ratio": null
  }
}