{
  "BTC": {
    "funding_hr_pct": -0.00041086,
    "open_interest": 27491.05072,
    "cvd_total": -8987.249220000003,
    "cvd_12bars": 899.0567899999999,
    "long_short_ratio": null
  },
  "ETH": {
    "funding_hr_pct": 9.866000000000001e-05,
    "open_interest": 580528.5196000002,
    "cvd_total": -270525.60850000003,
    "cvd_12bars": 3473.326000000001,
    "long_short_ratio": null
  }
}