{
  "BTC": {
    "funding_hr_pct": 0.00125,
    "open_interest": 41224.84336,
    "cvd_total": 7283.731550000001,
    "cvd_12bars": 924.06585,
    "long_short_ratio": null
  },
  "ETH": {
    "funding_hr_pct": 0.00125,
    "open_interest": 987334.4182000002,
    "cvd_total": 44776.97919999998,
    "cvd_12bars": 3895.4012000000007,
    "long_short_ratio": null
  }
}