{
  "BTC": {
    "funding_hr_pct": 0.00117246,
    "open_interest": 31993.76868,
    "cvd_total": 9381.62129,
    "cvd_12bars": 4799.315269999999,
    "long_short_ratio": null
  },
  "ETH": {
    "funding_hr_pct": 0.0009477999999999999,
    "open_interest": 752593.8433999991,
    "cvd_total": 63947.21240000002,
    "cvd_12bars": 99246.824,
    "long_short_ratio": null
  }
}