{
  "BTC": {
    "funding_hr_pct": -0.00012230999999999999,
    "open_interest": 34908.6540000001,
    "cvd_total": -5540.6333700000005,
    "cvd_12bars": -7217.87577,
    "long_short_ratio": null
  },
  "ETH": {
    "funding_hr_pct": -0.0017843,
    "open_interest": 683116.8936000001,
    "cvd_total": -218274.9874,
    "cvd_12bars": -85417.5722,
    "long_short_ratio": null
  }
}