{
  "BTC": {
    "funding_hr_pct": 0.00081408,
    "open_interest": 26503.46318,
    "cvd_total": -2170.2572099999993,
    "cvd_12bars": 85.89931,
    "long_short_ratio": null
  },
  "ETH": {
    "funding_hr_pct": 0.00040637,
    "open_interest": 568509.413,
    "cvd_total": -10706.602000000026,
    "cvd_12bars": 6922.246499999999,
    "long_short_ratio": null
  }
}