{
  "BTC": {
    "funding_hr_pct": -0.00303966,
    "open_interest": 27907.68054,
    "cvd_total": 16973.67846999999,
    "cvd_12bars": -3520.1246899999996,
    "long_short_ratio": null
  },
  "ETH": {
    "funding_hr_pct": -0.00179459,
    "open_interest": 519502.1300000004,
    "cvd_total": 159166.51820000002,
    "cvd_12bars": -28524.3167,
    "long_short_ratio": null
  }
}