{
  "BTC": {
    "funding_hr_pct": 0.00059035,
    "open_interest": 26141.42806,
    "cvd_total": -892.3625600000001,
    "cvd_12bars": 3625.3149500000004,
    "long_short_ratio": null
  },
  "ETH": {
    "funding_hr_pct": -0.0027678399999999997,
    "open_interest": 561711.5277999998,
    "cvd_total": -157135.63530000008,
    "cvd_12bars": -9121.147100000004,
    "long_short_ratio": null
  }
}