{
  "BTC": {
    "funding_hr_pct": 0.00031332,
    "open_interest": 26991.05036,
    "cvd_total": 3868.34161,
    "cvd_12bars": 690.24434,
    "long_short_ratio": null
  },
  "ETH": {
    "funding_hr_pct": 0.00125,
    "open_interest": 562629.8121999999,
    "cvd_total": 68474.16499999998,
    "cvd_12bars": -1843.5715,
    "long_short_ratio": null
  }
}