{
  "BTC": {
    "funding_hr_pct": -1.381e-05,
    "open_interest": 33359.88932,
    "cvd_total": -5241.649639999999,
    "cvd_12bars": 645.66383,
    "long_short_ratio": null
  },
  "ETH": {
    "funding_hr_pct": -0.00013464,
    "open_interest": 665053.7433999992,
    "cvd_total": -200664.07220000002,
    "cvd_12bars": 11543.8825,
    "long_short_ratio": null
  }
}