{
  "BTC": {
    "funding_hr_pct": 0.00125,
    "open_interest": 36038.50216,
    "cvd_total": -2441.162099999998,
    "cvd_12bars": 756.6868899999998,
    "long_short_ratio": null
  },
  "ETH": {
    "funding_hr_pct": 0.00125,
    "open_interest": 859708.6122000002,
    "cvd_total": -113307.9655,
    "cvd_12bars": -15001.269999999997,
    "long_short_ratio": null
  }
}