{
  "BTC": {
    "funding_hr_pct": 0.00039655,
    "open_interest": 28179.53214,
    "cvd_total": 6598.548840000003,
    "cvd_12bars": -781.10468,
    "long_short_ratio": null
  },
  "ETH": {
    "funding_hr_pct": 0.00041866,
    "open_interest": 575136.2523999999,
    "cvd_total": 90114.96699999999,
    "cvd_12bars": -15601.176199999998,
    "long_short_ratio": null
  }
}