{
  "BTC": {
    "funding_hr_pct": 0.00125,
    "open_interest": 27240.8284,
    "cvd_total": -5513.196909999997,
    "cvd_12bars": 689.0137,
    "long_short_ratio": null
  },
  "ETH": {
    "funding_hr_pct": 0.00125,
    "open_interest": 579734.7018,
    "cvd_total": 32125.394300000014,
    "cvd_12bars": 19302.8697,
    "long_short_ratio": null
  }
}