{
  "BTC": {
    "funding_hr_pct": 0.00079828,
    "open_interest": 33524.03846,
    "cvd_total": 5107.78059,
    "cvd_12bars": 181.3126,
    "long_short_ratio": null
  },
  "ETH": {
    "funding_hr_pct": -0.00131746,
    "open_interest": 707229.8125999998,
    "cvd_total": 89884.92239999997,
    "cvd_12bars": -4150.563899999999,
    "long_short_ratio": null
  }
}