{
  "BTC": {
    "funding_hr_pct": -0.00046809000000000005,
    "open_interest": 26454.45678,
    "cvd_total": -1574.3337700000013,
    "cvd_12bars": -743.7013,
    "long_short_ratio": null
  },
  "ETH": {
    "funding_hr_pct": 0.00010691,
    "open_interest": 568236.4143999998,
    "cvd_total": -23572.003000000004,
    "cvd_12bars": -5258.773999999999,
    "long_short_ratio": null
  }
}