{
  "BTC": {
    "funding_hr_pct": 0.00125,
    "open_interest": 24831.20258,
    "cvd_total": 8728.834420000005,
    "cvd_12bars": 1511.82247,
    "long_short_ratio": null
  },
  "ETH": {
    "funding_hr_pct": 0.0001435,
    "open_interest": 575729.5114000004,
    "cvd_total": -22583.728299999995,
    "cvd_12bars": -10104.5955,
    "long_short_ratio": null
  }
}