{
  "BTC": {
    "funding_hr_pct": 0.00125,
    "open_interest": 26727.25708,
    "cvd_total": 4133.4854700000005,
    "cvd_12bars": 838.9770500000001,
    "long_short_ratio": null
  },
  "ETH": {
    "funding_hr_pct": 0.0009628,
    "open_interest": 559272.4822000001,
    "cvd_total": 22211.25340000002,
    "cvd_12bars": 7433.515499999998,
    "long_short_ratio": null
  }
}