{
  "BTC": {
    "funding_hr_pct": 0.00107636,
    "open_interest": 38386.7654,
    "cvd_total": 100.50629999999894,
    "cvd_12bars": 1090.92031,
    "long_short_ratio": null
  },
  "ETH": {
    "funding_hr_pct": 0.00123395,
    "open_interest": 1024172.1844000001,
    "cvd_total": -79608.53080000002,
    "cvd_12bars": -40914.2963,
    "long_short_ratio": null
  }
}