{
  "BTC": {
    "funding_hr_pct": 0.00125,
    "open_interest": 35617.45158,
    "cvd_total": 7312.157939999999,
    "cvd_12bars": 2739.85463,
    "long_short_ratio": null
  },
  "ETH": {
    "funding_hr_pct": 0.00125,
    "open_interest": 774728.9645999991,
    "cvd_total": 110545.7356,
    "cvd_12bars": 20805.630399999995,
    "long_short_ratio": null
  }
}