{
  "BTC": {
    "funding_hr_pct": -0.00029424,
    "open_interest": 28741.6206,
    "cvd_total": 4607.5179100000005,
    "cvd_12bars": 316.9555500000001,
    "long_short_ratio": null
  },
  "ETH": {
    "funding_hr_pct": 0.00125,
    "open_interest": 541183.6773999999,
    "cvd_total": -31192.23129999995,
    "cvd_12bars": 2823.1643999999997,
    "long_short_ratio": null
  }
}