{
  "BTC": {
    "funding_hr_pct": 0.00039612,
    "open_interest": 24951.51642,
    "cvd_total": 9146.996599999995,
    "cvd_12bars": 1051.01479,
    "long_short_ratio": null
  },
  "ETH": {
    "funding_hr_pct": -0.00014914,
    "open_interest": 443604.6942000001,
    "cvd_total": 101420.80789999994,
    "cvd_12bars": -858.4016999999994,
    "long_short_ratio": null
  }
}