{
  "BTC": {
    "funding_hr_pct": 0.00125,
    "open_interest": 32440.42032,
    "cvd_total": -1245.5948700000001,
    "cvd_12bars": -390.44359,
    "long_short_ratio": null
  },
  "ETH": {
    "funding_hr_pct": 0.00125,
    "open_interest": 778907.1625999998,
    "cvd_total": -186902.83020000005,
    "cvd_12bars": 6603.2454,
    "long_short_ratio": null
  }
}