{
  "BTC": {
    "funding_hr_pct": 0.00059536,
    "open_interest": 38041.5803,
    "cvd_total": 1173.2980000000002,
    "cvd_12bars": 2749.26858,
    "long_short_ratio": null
  },
  "ETH": {
    "funding_hr_pct": 0.00125,
    "open_interest": 1004512.65,
    "cvd_total": 48341.462499999994,
    "cvd_12bars": 23222.512,
    "long_short_ratio": null
  }
}