{
  "BTC": {
    "funding_hr_pct": -0.00221575,
    "open_interest": 27669.02068,
    "cvd_total": 4693.248809999999,
    "cvd_12bars": 1701.83778,
    "long_short_ratio": null
  },
  "ETH": {
    "funding_hr_pct": 0.00015876,
    "open_interest": 556275.5726000007,
    "cvd_total": 63771.872600000024,
    "cvd_12bars": 24760.892400000004,
    "long_short_ratio": null
  }
}