{
  "BTC": {
    "funding_hr_pct": 0.00017904,
    "open_interest": 27113.34008,
    "cvd_total": 5897.32159,
    "cvd_12bars": 275.3117100000002,
    "long_short_ratio": null
  },
  "ETH": {
    "funding_hr_pct": 0.00125,
    "open_interest": 574108.8039999993,
    "cvd_total": 40463.56810000001,
    "cvd_12bars": -6408.2648,
    "long_short_ratio": null
  }
}