{
  "BTC": {
    "funding_hr_pct": 0.0008938300000000001,
    "open_interest": 27793.3737,
    "cvd_total": -2279.5654200000045,
    "cvd_12bars": -6078.403250000001,
    "long_short_ratio": null
  },
  "ETH": {
    "funding_hr_pct": 0.00125,
    "open_interest": 583920.4712,
    "cvd_total": -19224.01069999999,
    "cvd_12bars": -32742.0204,
    "long_short_ratio": null
  }
}