{
  "BTC": {
    "funding_hr_pct": 0.00125,
    "open_interest": 30997.22698,
    "cvd_total": -29281.794499999993,
    "cvd_12bars": -1531.7141499999996,
    "long_short_ratio": null
  },
  "ETH": {
    "funding_hr_pct": -0.00063664,
    "open_interest": 655713.3715999997,
    "cvd_total": -312962.3658999999,
    "cvd_12bars": -46540.61520000001,
    "long_short_ratio": null
  }
}