{
  "BTC": {
    "funding_hr_pct": 0.00125,
    "open_interest": 37222.18886,
    "cvd_total": 4561.717709999999,
    "cvd_12bars": 579.2337600000001,
    "long_short_ratio": null
  },
  "ETH": {
    "funding_hr_pct": 0.00125,
    "open_interest": 782660.1458000008,
    "cvd_total": 136479.79860000004,
    "cvd_12bars": 18698.5678,
    "long_short_ratio": null
  }
}