{
  "BTC": {
    "funding_hr_pct": 0.00125,
    "open_interest": 34514.10466,
    "cvd_total": -1377.9500600000003,
    "cvd_12bars": 775.1436699999999,
    "long_short_ratio": null
  },
  "ETH": {
    "funding_hr_pct": 0.00055264,
    "open_interest": 743048.2620000001,
    "cvd_total": 15205.391999999998,
    "cvd_12bars": 20708.809299999994,
    "long_short_ratio": null
  }
}