{
  "BTC": {
    "funding_hr_pct": 0.00050134,
    "open_interest": 31580.6488,
    "cvd_total": -39853.977849999996,
    "cvd_12bars": -3133.32327,
    "long_short_ratio": null
  },
  "ETH": {
    "funding_hr_pct": 0.00087713,
    "open_interest": 584871.9032000017,
    "cvd_total": -327468.78509999986,
    "cvd_12bars": -5336.480900000001,
    "long_short_ratio": null
  }
}