{
  "BTC": {
    "funding_hr_pct": 0.00125,
    "open_interest": 35803.94276,
    "cvd_total": 7678.3926,
    "cvd_12bars": 3961.7607199999998,
    "long_short_ratio": null
  },
  "ETH": {
    "funding_hr_pct": 0.00125,
    "open_interest": 753673.2786,
    "cvd_total": 35504.217199999985,
    "cvd_12bars": 40818.0144,
    "long_short_ratio": null
  }
}