{
  "BTC": {
    "funding_hr_pct": 0.00125,
    "open_interest": 38162.2248199999,
    "cvd_total": -5652.396469999999,
    "cvd_12bars": 1177.2530599999996,
    "long_short_ratio": null
  },
  "ETH": {
    "funding_hr_pct": 0.00125,
    "open_interest": 796635.3228000001,
    "cvd_total": -82508.70859999998,
    "cvd_12bars": 42344.316000000006,
    "long_short_ratio": null
  }
}