{
  "BTC": {
    "funding_hr_pct": -0.0014919800000000002,
    "open_interest": 28036.03336,
    "cvd_total": -4430.926740000001,
    "cvd_12bars": -188.15297999999996,
    "long_short_ratio": null
  },
  "ETH": {
    "funding_hr_pct": 0.00125,
    "open_interest": 500051.0536000003,
    "cvd_total": -184625.67699999994,
    "cvd_12bars": -3613.9086,
    "long_short_ratio": null
  }
}