{
  "BTC": {
    "funding_hr_pct": -0.0015707899999999999,
    "open_interest": 33183.05324,
    "cvd_total": -3537.281419999996,
    "cvd_12bars": -707.19551,
    "long_short_ratio": null
  },
  "ETH": {
    "funding_hr_pct": -0.00211937,
    "open_interest": 675214.1182000007,
    "cvd_total": -83344.94279999998,
    "cvd_12bars": -13630.996299999997,
    "long_short_ratio": null
  }
}