{
  "BTC": {
    "funding_hr_pct": -0.00029547,
    "open_interest": 28522.69106,
    "cvd_total": 1531.3749100000016,
    "cvd_12bars": 56.256360000000015,
    "long_short_ratio": null
  },
  "ETH": {
    "funding_hr_pct": 0.00099469,
    "open_interest": 554722.1479999998,
    "cvd_total": 6073.1178999999975,
    "cvd_12bars": -404.8431999999999,
    "long_short_ratio": null
  }
}