{
  "BTC": {
    "funding_hr_pct": 0.0011464000000000001,
    "open_interest": 30235.05306,
    "cvd_total": -7070.631210000002,
    "cvd_12bars": -976.0955700000002,
    "long_short_ratio": null
  },
  "ETH": {
    "funding_hr_pct": 0.0008486599999999999,
    "open_interest": 537376.6478000003,
    "cvd_total": -141805.80829999998,
    "cvd_12bars": -20032.9336,
    "long_short_ratio": null
  }
}