{
  "BTC": {
    "funding_hr_pct": 0.00034873,
    "open_interest": 24855.13974,
    "cvd_total": 8458.603010000004,
    "cvd_12bars": -256.44209000000006,
    "long_short_ratio": null
  },
  "ETH": {
    "funding_hr_pct": 0.00056598,
    "open_interest": 566280.2662000001,
    "cvd_total": 3772.926599999955,
    "cvd_12bars": 8935.79,
    "long_short_ratio": null
  }
}