{
  "BTC": {
    "funding_hr_pct": 0.00125,
    "open_interest": 35881.46144,
    "cvd_total": 4154.700220000003,
    "cvd_12bars": 372.32294,
    "long_short_ratio": null
  },
  "ETH": {
    "funding_hr_pct": 0.00125,
    "open_interest": 785656.1862,
    "cvd_total": 20158.328099999995,
    "cvd_12bars": 12400.627700000001,
    "long_short_ratio": null
  }
}