{
  "BTC": {
    "funding_hr_pct": 0.00022807,
    "open_interest": 27702.77688,
    "cvd_total": 3200.9612299999994,
    "cvd_12bars": 1925.4801199999995,
    "long_short_ratio": null
  },
  "ETH": {
    "funding_hr_pct": 0.00034804000000000004,
    "open_interest": 574262.3101999994,
    "cvd_total": 53543.23630000002,
    "cvd_12bars": 3327.479800000003,
    "long_short_ratio": null
  }
}