{
  "BTC": {
    "funding_hr_pct": 0.00125,
    "open_interest": 28932.5002,
    "cvd_total": 1030.19114,
    "cvd_12bars": 103.65852999999993,
    "long_short_ratio": null
  },
  "ETH": {
    "funding_hr_pct": 0.00125,
    "open_interest": 596546.21,
    "cvd_total": 59548.4836,
    "cvd_12bars": 2948.0859999999993,
    "long_short_ratio": null
  }
}