{
  "BTC": {
    "funding_hr_pct": -0.00113073,
    "open_interest": 28648.65174,
    "cvd_total": 6792.386210000004,
    "cvd_12bars": -394.37311,
    "long_short_ratio": null
  },
  "ETH": {
    "funding_hr_pct": 0.00044186999999999997,
    "open_interest": 573767.5764000003,
    "cvd_total": 102693.5208,
    "cvd_12bars": 3158.4593000000004,
    "long_short_ratio": null
  }
}