{
  "BTC": {
    "funding_hr_pct": 0.00061801,
    "open_interest": 26744.82254,
    "cvd_total": -800.4781800000005,
    "cvd_12bars": 370.3946100000001,
    "long_short_ratio": null
  },
  "ETH": {
    "funding_hr_pct": 0.00045557999999999997,
    "open_interest": 428605.9262,
    "cvd_total": 20884.005400000002,
    "cvd_12bars": 11789.883100000001,
    "long_short_ratio": null
  }
}