{
  "BTC": {
    "funding_hr_pct": 0.00125,
    "open_interest": 29061.73986,
    "cvd_total": 3868.2436900000002,
    "cvd_12bars": 3142.98199,
    "long_short_ratio": null
  },
  "ETH": {
    "funding_hr_pct": 0.00125,
    "open_interest": 602766.1506,
    "cvd_total": 119239.3431,
    "cvd_12bars": 61570.71109999999,
    "long_short_ratio": null
  }
}