{
  "BTC": {
    "funding_hr_pct": 0.00021573,
    "open_interest": 27278.49318,
    "cvd_total": -4541.908590000001,
    "cvd_12bars": -12.621070000000202,
    "long_short_ratio": null
  },
  "ETH": {
    "funding_hr_pct": -0.00256149,
    "open_interest": 394797.7074,
    "cvd_total": -61863.693600000006,
    "cvd_12bars": -11748.9942,
    "long_short_ratio": null
  }
}