{
  "BTC": {
    "funding_hr_pct": 0.00015183,
    "open_interest": 32181.43434,
    "cvd_total": 2431.733440000002,
    "cvd_12bars": 105.52890999999997,
    "long_short_ratio": null
  },
  "ETH": {
    "funding_hr_pct": -0.00165054,
    "open_interest": 711877.4756000007,
    "cvd_total": -26330.67980000005,
    "cvd_12bars": -10246.440400000001,
    "long_short_ratio": null
  }
}