{
  "BTC": {
    "funding_hr_pct": 0.00100253,
    "open_interest": 25445.54512,
    "cvd_total": -4150.485240000003,
    "cvd_12bars": 602.1683099999999,
    "long_short_ratio": null
  },
  "ETH": {
    "funding_hr_pct": -0.00051776,
    "open_interest": 562321.4956,
    "cvd_total": -74514.68340000001,
    "cvd_12bars": 3002.2918,
    "long_short_ratio": null
  }
}