{
  "BTC": {
    "funding_hr_pct": 0.00125,
    "open_interest": 37049.5283,
    "cvd_total": 7111.80235,
    "cvd_12bars": 1714.7405899999999,
    "long_short_ratio": null
  },
  "ETH": {
    "funding_hr_pct": 0.00125,
    "open_interest": 801955.7874000001,
    "cvd_total": 154683.11440000005,
    "cvd_12bars": 12914.0544,
    "long_short_ratio": null
  }
}