{
  "BTC": {
    "funding_hr_pct": -0.00063528,
    "open_interest": 26743.12084,
    "cvd_total": -3424.193249999999,
    "cvd_12bars": -0.5070100000000375,
    "long_short_ratio": null
  },
  "ETH": {
    "funding_hr_pct": 0.00035758000000000003,
    "open_interest": 551140.2854,
    "cvd_total": -109717.8707,
    "cvd_12bars": -7047.920699999997,
    "long_short_ratio": null
  }
}