{
  "BTC": {
    "funding_hr_pct": 0.00125,
    "open_interest": 37924.0290799999,
    "cvd_total": 4486.709149999999,
    "cvd_12bars": -350.17379,
    "long_short_ratio": null
  },
  "ETH": {
    "funding_hr_pct": 0.00125,
    "open_interest": 801069.2286000007,
    "cvd_total": -26403.146300000015,
    "cvd_12bars": -41011.0694,
    "long_short_ratio": null
  }
}