{
  "BTC": {
    "funding_hr_pct": 0.00125,
    "open_interest": 29084.847,
    "cvd_total": -14298.066620000001,
    "cvd_12bars": -583.9993899999996,
    "long_short_ratio": null
  },
  "ETH": {
    "funding_hr_pct": 0.00125,
    "open_interest": 590887.5152,
    "cvd_total": -260507.39050000018,
    "cvd_12bars": 47179.892199999995,
    "long_short_ratio": null
  }
}