{
  "BTC": {
    "funding_hr_pct": -0.0007458300000000001,
    "open_interest": 29456.22224,
    "cvd_total": -26.645690000003324,
    "cvd_12bars": 674.9366700000002,
    "long_short_ratio": null
  },
  "ETH": {
    "funding_hr_pct": 0.00044067,
    "open_interest": 569685.3094,
    "cvd_total": -18336.334100000007,
    "cvd_12bars": -8513.966100000001,
    "long_short_ratio": null
  }
}