{
  "BTC": {
    "funding_hr_pct": -0.0007677500000000001,
    "open_interest": 26287.61588,
    "cvd_total": -1291.5089500000001,
    "cvd_12bars": -292.01869,
    "long_short_ratio": null
  },
  "ETH": {
    "funding_hr_pct": 0.00030134,
    "open_interest": 565573.1258000003,
    "cvd_total": -982.0857999999987,
    "cvd_12bars": 10808.911499999998,
    "long_short_ratio": null
  }
}