{
  "BTC": {
    "funding_hr_pct": 0.00057491,
    "open_interest": 27388.70342,
    "cvd_total": -5737.742690000001,
    "cvd_12bars": 731.91158,
    "long_short_ratio": null
  },
  "ETH": {
    "funding_hr_pct": 5.02e-06,
    "open_interest": 588930.4564000003,
    "cvd_total": 9822.498799999985,
    "cvd_12bars": 24632.362499999996,
    "long_short_ratio": null
  }
}