{
  "BTC": {
    "funding_hr_pct": -0.00053471,
    "open_interest": 26447.31214,
    "cvd_total": -1379.1077200000004,
    "cvd_12bars": -956.9627599999998,
    "long_short_ratio": null
  },
  "ETH": {
    "funding_hr_pct": 0.0001344,
    "open_interest": 567616.4569999999,
    "cvd_total": -18855.857000000007,
    "cvd_12bars": -7656.6548999999995,
    "long_short_ratio": null
  }
}