{
  "BTC": {
    "funding_hr_pct": 0.00035868,
    "open_interest": 26697.8944,
    "cvd_total": -5365.34486,
    "cvd_12bars": -138.5157,
    "long_short_ratio": null
  },
  "ETH": {
    "funding_hr_pct": 0.00070217,
    "open_interest": 446628.4590000001,
    "cvd_total": -146790.43199999997,
    "cvd_12bars": -12640.939199999999,
    "long_short_ratio": null
  }
}