{
  "BTC": {
    "funding_hr_pct": 0.00125,
    "open_interest": 38533.37524,
    "cvd_total": 1725.5517100000006,
    "cvd_12bars": -941.8119600000005,
    "long_short_ratio": null
  },
  "ETH": {
    "funding_hr_pct": 0.00125,
    "open_interest": 1006886.1708000005,
    "cvd_total": 48149.99540000001,
    "cvd_12bars": 1302.8194999999996,
    "long_short_ratio": null
  }
}