{
  "BTC": {
    "funding_hr_pct": 0.00125,
    "open_interest": 30997.55012,
    "cvd_total": 1435.1603000000002,
    "cvd_12bars": -2304.27793,
    "long_short_ratio": null
  },
  "ETH": {
    "funding_hr_pct": 0.00125,
    "open_interest": 802152.7370000001,
    "cvd_total": -70921.26990000001,
    "cvd_12bars": -113720.3737,
    "long_short_ratio": null
  }
}