{
  "BTC": {
    "funding_hr_pct": 0.0008118099999999999,
    "open_interest": 28385.8975,
    "cvd_total": -3427.2413600000004,
    "cvd_12bars": 539.87755,
    "long_short_ratio": null
  },
  "ETH": {
    "funding_hr_pct": -0.00032503,
    "open_interest": 567381.5089999996,
    "cvd_total": -123753.38499999998,
    "cvd_12bars": 12604.0388,
    "long_short_ratio": null
  }
}