{
  "BTC": {
    "funding_hr_pct": 0.00125,
    "open_interest": 30640.99672,
    "cvd_total": 100.3411600000004,
    "cvd_12bars": 507.47947,
    "long_short_ratio": null
  },
  "ETH": {
    "funding_hr_pct": 0.00125,
    "open_interest": 774435.6246000003,
    "cvd_total": 7527.001099999987,
    "cvd_12bars": -25006.121,
    "long_short_ratio": null
  }
}