{
  "BTC": {
    "funding_hr_pct": -0.00095872,
    "open_interest": 28563.73722,
    "cvd_total": -991.3248699999999,
    "cvd_12bars": -261.16775,
    "long_short_ratio": null
  },
  "ETH": {
    "funding_hr_pct": 0.00052437,
    "open_interest": 550137.9358,
    "cvd_total": -1014.4976000000006,
    "cvd_12bars": -2529.2166,
    "long_short_ratio": null
  }
}