{
  "BTC": {
    "funding_hr_pct": 0.00030009,
    "open_interest": 26613.14486,
    "cvd_total": -1291.48889,
    "cvd_12bars": -2405.6185199999995,
    "long_short_ratio": null
  },
  "ETH": {
    "funding_hr_pct": 0.0004148,
    "open_interest": 465069.6787999996,
    "cvd_total": -4550.661900000012,
    "cvd_12bars": -19012.925900000002,
    "long_short_ratio": null
  }
}