{
  "BTC": {
    "funding_hr_pct": 0.00076445,
    "open_interest": 28130.58604,
    "cvd_total": -1843.006569999999,
    "cvd_12bars": 147.33585000000005,
    "long_short_ratio": null
  },
  "ETH": {
    "funding_hr_pct": 0.00125,
    "open_interest": 618656.1126000007,
    "cvd_total": -90349.18850000006,
    "cvd_12bars": -10365.2968,
    "long_short_ratio": null
  }
}