{
  "BTC": {
    "funding_hr_pct": 0.00032889,
    "open_interest": 24385.55078,
    "cvd_total": 2343.5124799999985,
    "cvd_12bars": -528.0292300000001,
    "long_short_ratio": null
  },
  "ETH": {
    "funding_hr_pct": -0.00014754000000000001,
    "open_interest": 563929.7684000001,
    "cvd_total": 59302.03129999996,
    "cvd_12bars": -25963.051499999994,
    "long_short_ratio": null
  }
}