{
  "BTC": {
    "funding_hr_pct": 0.00059523,
    "open_interest": 27867.7043,
    "cvd_total": -4892.552179999998,
    "cvd_12bars": -48.63675999999984,
    "long_short_ratio": null
  },
  "ETH": {
    "funding_hr_pct": 0.00125,
    "open_interest": 562373.9258000006,
    "cvd_total": -119157.10340000002,
    "cvd_12bars": -1310.3616,
    "long_short_ratio": null
  }
}