{
  "BTC": {
    "funding_hr_pct": 0.00057914,
    "open_interest": 37876.77786,
    "cvd_total": 4757.915830000001,
    "cvd_12bars": 2560.0099,
    "long_short_ratio": null
  },
  "ETH": {
    "funding_hr_pct": 0.00125,
    "open_interest": 1014428.8732000001,
    "cvd_total": 60988.10929999999,
    "cvd_12bars": 10147.325099999998,
    "long_short_ratio": null
  }
}