{
  "BTC": {
    "funding_hr_pct": 0.0009272299999999999,
    "open_interest": 31750.7045,
    "cvd_total": 11467.563,
    "cvd_12bars": -2169.9908200000004,
    "long_short_ratio": null
  },
  "ETH": {
    "funding_hr_pct": 0.00125,
    "open_interest": 810598.2222000001,
    "cvd_total": 146551.09170000002,
    "cvd_12bars": -62230.550599999995,
    "long_short_ratio": null
  }
}