{
  "BTC": {
    "funding_hr_pct": 0.00125,
    "open_interest": 36390.7039,
    "cvd_total": 16868.228950000004,
    "cvd_12bars": -120.48254999999999,
    "long_short_ratio": null
  },
  "ETH": {
    "funding_hr_pct": 0.00125,
    "open_interest": 900461.193199999,
    "cvd_total": 89275.7346,
    "cvd_12bars": -448.38289999999984,
    "long_short_ratio": null
  }
}