{
  "BTC": {
    "funding_hr_pct": -0.0007972,
    "open_interest": 28141.75876,
    "cvd_total": 13208.566580000006,
    "cvd_12bars": -130.28976000000006,
    "long_short_ratio": null
  },
  "ETH": {
    "funding_hr_pct": -0.00039063,
    "open_interest": 437446.5069999998,
    "cvd_total": 104094.54689999999,
    "cvd_12bars": -15025.7505,
    "long_short_ratio": null
  }
}