{
  "BTC": {
    "funding_hr_pct": 0.00075084,
    "open_interest": 27364.44588,
    "cvd_total": 1943.6017800000009,
    "cvd_12bars": 142.35519000000002,
    "long_short_ratio": null
  },
  "ETH": {
    "funding_hr_pct": 0.00102436,
    "open_interest": 421716.9496,
    "cvd_total": 5683.324699999999,
    "cvd_12bars": -959.7196999999999,
    "long_short_ratio": null
  }
}