{
  "BTC": {
    "funding_hr_pct": 6.629e-05,
    "open_interest": 27267.10668,
    "cvd_total": 1206.7037299999997,
    "cvd_12bars": -172.41295000000002,
    "long_short_ratio": null
  },
  "ETH": {
    "funding_hr_pct": 0.00029654999999999997,
    "open_interest": 420235.3856,
    "cvd_total": 24935.42979999998,
    "cvd_12bars": 3028.321999999999,
    "long_short_ratio": null
  }
}