{
  "BTC": {
    "funding_hr_pct": -0.00079927,
    "open_interest": 26515.1041,
    "cvd_total": 2461.1767200000018,
    "cvd_12bars": 99.82619000000003,
    "long_short_ratio": null
  },
  "ETH": {
    "funding_hr_pct": 0.00051763,
    "open_interest": 574850.9961999998,
    "cvd_total": -120241.27190000002,
    "cvd_12bars": 12639.0622,
    "long_short_ratio": null
  }
}