{
  "BTC": {
    "funding_hr_pct": 0.00125,
    "open_interest": 27340.1436,
    "cvd_total": 8503.207520000004,
    "cvd_12bars": 1391.8607600000003,
    "long_short_ratio": null
  },
  "ETH": {
    "funding_hr_pct": 0.00125,
    "open_interest": 569924.3103999997,
    "cvd_total": 50602.44049999999,
    "cvd_12bars": 14318.084799999999,
    "long_short_ratio": null
  }
}