{
  "BTC": {
    "funding_hr_pct": -0.0016571000000000001,
    "open_interest": 30936.53544,
    "cvd_total": -496.96598,
    "cvd_12bars": -334.4094400000001,
    "long_short_ratio": null
  },
  "ETH": {
    "funding_hr_pct": -0.00015071,
    "open_interest": 545379.5289999999,
    "cvd_total": -1090.0960999999993,
    "cvd_12bars": -4499.0151000000005,
    "long_short_ratio": null
  }
}