{
  "BTC": {
    "funding_hr_pct": -0.00106019,
    "open_interest": 28825.13886,
    "cvd_total": 303.88574999999975,
    "cvd_12bars": 584.3435100000002,
    "long_short_ratio": null
  },
  "ETH": {
    "funding_hr_pct": 0.00125,
    "open_interest": 555441.4823999996,
    "cvd_total": 42255.24790000003,
    "cvd_12bars": 19613.116400000003,
    "long_short_ratio": null
  }
}