{
  "BTC": {
    "funding_hr_pct": -0.00109308,
    "open_interest": 26076.05492,
    "cvd_total": -1927.0467000000026,
    "cvd_12bars": -1915.4827899999998,
    "long_short_ratio": null
  },
  "ETH": {
    "funding_hr_pct": -0.0010083499999999999,
    "open_interest": 429876.4428,
    "cvd_total": -75071.73959999996,
    "cvd_12bars": -4752.7173,
    "long_short_ratio": null
  }
}