{
  "BTC": {
    "funding_hr_pct": 0.00040955,
    "open_interest": 27175.40278,
    "cvd_total": -4129.66094,
    "cvd_12bars": 807.9715100000001,
    "long_short_ratio": null
  },
  "ETH": {
    "funding_hr_pct": 3.196e-05,
    "open_interest": 576520.0760000001,
    "cvd_total": -17760.225900000012,
    "cvd_12bars": 20584.6345,
    "long_short_ratio": null
  }
}