{
  "BTC": {
    "funding_hr_pct": 0.00052906,
    "open_interest": 27502.32226,
    "cvd_total": 5639.996139999996,
    "cvd_12bars": 173.15177999999992,
    "long_short_ratio": null
  },
  "ETH": {
    "funding_hr_pct": 0.0011849,
    "open_interest": 555754.2607999999,
    "cvd_total": 58262.76719999998,
    "cvd_12bars": 8869.752900000001,
    "long_short_ratio": null
  }
}