{
  "BTC": {
    "funding_hr_pct": 0.00044672,
    "open_interest": 27552.37902,
    "cvd_total": -6237.75735,
    "cvd_12bars": -1897.9551700000002,
    "long_short_ratio": null
  },
  "ETH": {
    "funding_hr_pct": 0.00015628000000000001,
    "open_interest": 572454.1693999998,
    "cvd_total": -14966.583200000017,
    "cvd_12bars": -8548.414099999998,
    "long_short_ratio": null
  }
}