{
  "BTC": {
    "funding_hr_pct": 0.00029076,
    "open_interest": 29628.31042,
    "cvd_total": -991.368200000002,
    "cvd_12bars": 397.9760199999999,
    "long_short_ratio": null
  },
  "ETH": {
    "funding_hr_pct": 0.0007444999999999999,
    "open_interest": 589348.5521999999,
    "cvd_total": 61071.25069999996,
    "cvd_12bars": -972.7305000000002,
    "long_short_ratio": null
  }
}