{
  "BTC": {
    "funding_hr_pct": 0.00125,
    "open_interest": 27659.20558,
    "cvd_total": -5187.647489999998,
    "cvd_12bars": 268.75459,
    "long_short_ratio": null
  },
  "ETH": {
    "funding_hr_pct": 0.00125,
    "open_interest": 574393.8627999998,
    "cvd_total": 24841.711199999998,
    "cvd_12bars": -6925.524899999999,
    "long_short_ratio": null
  }
}