{
  "BTC": {
    "funding_hr_pct": -0.00230074,
    "open_interest": 30618.80098,
    "cvd_total": 120.86123000000029,
    "cvd_12bars": -18.946230000000018,
    "long_short_ratio": null
  },
  "ETH": {
    "funding_hr_pct": 0.00031327,
    "open_interest": 549647.0937999993,
    "cvd_total": 13745.207800000004,
    "cvd_12bars": 935.1462999999999,
    "long_short_ratio": null
  }
}