{
  "BTC": {
    "funding_hr_pct": -0.0018767599999999999,
    "open_interest": 30594.5323,
    "cvd_total": 343.3329599999996,
    "cvd_12bars": -966.98263,
    "long_short_ratio": null
  },
  "ETH": {
    "funding_hr_pct": -0.00181435,
    "open_interest": 779940.9565999999,
    "cvd_total": -36073.1139,
    "cvd_12bars": 4667.796900000001,
    "long_short_ratio": null
  }
}