{
  "BTC": {
    "funding_hr_pct": 0.00047704,
    "open_interest": 31251.58958,
    "cvd_total": -1053.9195300000017,
    "cvd_12bars": -1336.0291600000003,
    "long_short_ratio": null
  },
  "ETH": {
    "funding_hr_pct": 0.00039033000000000004,
    "open_interest": 534148.7523999999,
    "cvd_total": -94089.93020000005,
    "cvd_12bars": -20613.3667,
    "long_short_ratio": null
  }
}