{
  "BTC": {
    "funding_hr_pct": -0.0015686099999999998,
    "open_interest": 26887.38542,
    "cvd_total": -3749.5372699999984,
    "cvd_12bars": -653.94551,
    "long_short_ratio": null
  },
  "ETH": {
    "funding_hr_pct": -0.00058248,
    "open_interest": 566374.3647999995,
    "cvd_total": -115698.24819999997,
    "cvd_12bars": -22879.3782,
    "long_short_ratio": null
  }
}