{
  "BTC": {
    "funding_hr_pct": -0.0016765999999999999,
    "open_interest": 28299.53032,
    "cvd_total": 1144.6588199999974,
    "cvd_12bars": -521.0390699999999,
    "long_short_ratio": null
  },
  "ETH": {
    "funding_hr_pct": -0.00115334,
    "open_interest": 563150.9573999997,
    "cvd_total": -156535.97050000005,
    "cvd_12bars": -25473.563100000003,
    "long_short_ratio": null
  }
}