{
  "BTC": {
    "funding_hr_pct": -0.00042245,
    "open_interest": 28533.12272,
    "cvd_total": -4775.715320000003,
    "cvd_12bars": 253.97052000000008,
    "long_short_ratio": null
  },
  "ETH": {
    "funding_hr_pct": -0.00094356,
    "open_interest": 561505.3186,
    "cvd_total": -152102.742,
    "cvd_12bars": -7741.8096,
    "long_short_ratio": null
  }
}