{
  "BTC": {
    "funding_hr_pct": 0.00125,
    "open_interest": 37078.19852,
    "cvd_total": -3572.04245,
    "cvd_12bars": 636.52415,
    "long_short_ratio": null
  },
  "ETH": {
    "funding_hr_pct": 0.00062241,
    "open_interest": 1025201.2139999998,
    "cvd_total": -21019.004999999965,
    "cvd_12bars": -3080.2466000000004,
    "long_short_ratio": null
  }
}