{
  "BTC": {
    "funding_hr_pct": -0.00125726,
    "open_interest": 27781.93456,
    "cvd_total": -5129.004929999998,
    "cvd_12bars": 1433.69677,
    "long_short_ratio": null
  },
  "ETH": {
    "funding_hr_pct": 8.553e-05,
    "open_interest": 588394.0451999995,
    "cvd_total": -46707.18919999999,
    "cvd_12bars": 10408.705700000002,
    "long_short_ratio": null
  }
}