{
  "BTC": {
    "funding_hr_pct": 0.00011161,
    "open_interest": 28632.1046,
    "cvd_total": -1293.7119299999995,
    "cvd_12bars": -377.4261,
    "long_short_ratio": null
  },
  "ETH": {
    "funding_hr_pct": -0.0004454,
    "open_interest": 550248.6444,
    "cvd_total": 4874.5720999999985,
    "cvd_12bars": -1510.2507,
    "long_short_ratio": null
  }
}