{
  "BTC": {
    "funding_hr_pct": 0.00125,
    "open_interest": 36831.86112,
    "cvd_total": 13835.288379999998,
    "cvd_12bars": -1479.84364,
    "long_short_ratio": null
  },
  "ETH": {
    "funding_hr_pct": 0.00125,
    "open_interest": 922985.8977999999,
    "cvd_total": 92970.92540000005,
    "cvd_12bars": -23.690899999999488,
    "long_short_ratio": null
  }
}