{
  "BTC": {
    "funding_hr_pct": -0.00123376,
    "open_interest": 28115.25544,
    "cvd_total": -4023.793609999998,
    "cvd_12bars": 585.48388,
    "long_short_ratio": null
  },
  "ETH": {
    "funding_hr_pct": 0.00125,
    "open_interest": 513124.162,
    "cvd_total": -165792.32959999994,
    "cvd_12bars": 3059.9425,
    "long_short_ratio": null
  }
}