{
  "BTC": {
    "funding_hr_pct": 0.00069268,
    "open_interest": 33771.67414,
    "cvd_total": -280.5073000000005,
    "cvd_12bars": -644.50738,
    "long_short_ratio": null
  },
  "ETH": {
    "funding_hr_pct": 7.57e-05,
    "open_interest": 716964.5004000001,
    "cvd_total": 123355.48649999991,
    "cvd_12bars": -7607.733400000002,
    "long_short_ratio": null
  }
}