{
  "BTC": {
    "funding_hr_pct": -0.00118982,
    "open_interest": 27678.6373,
    "cvd_total": -13407.197720000004,
    "cvd_12bars": -3174.10488,
    "long_short_ratio": null
  },
  "ETH": {
    "funding_hr_pct": -0.00137027,
    "open_interest": 574326.9829999999,
    "cvd_total": -309552.0731999999,
    "cvd_12bars": -40774.9315,
    "long_short_ratio": null
  }
}