{
  "BTC": {
    "funding_hr_pct": 0.00036883,
    "open_interest": 26227.6345,
    "cvd_total": -1369.5079400000002,
    "cvd_12bars": 285.80764999999997,
    "long_short_ratio": null
  },
  "ETH": {
    "funding_hr_pct": 0.00022877000000000002,
    "open_interest": 564610.7124,
    "cvd_total": -13895.326400000018,
    "cvd_12bars": 10493.2191,
    "long_short_ratio": null
  }
}