{
  "BTC": {
    "funding_hr_pct": 0.00124584,
    "open_interest": 29404.41596,
    "cvd_total": -3282.1561100000026,
    "cvd_12bars": 369.34149,
    "long_short_ratio": null
  },
  "ETH": {
    "funding_hr_pct": 0.00125,
    "open_interest": 538303.216,
    "cvd_total": -97729.3005,
    "cvd_12bars": 10373.086600000004,
    "long_short_ratio": null
  }
}