{
  "BTC": {
    "funding_hr_pct": 0.00057323,
    "open_interest": 27715.3171399999,
    "cvd_total": 3546.9109099999996,
    "cvd_12bars": 48.11873000000001,
    "long_short_ratio": null
  },
  "ETH": {
    "funding_hr_pct": 0.00125,
    "open_interest": 573383.8553999995,
    "cvd_total": 66925.69329999998,
    "cvd_12bars": -5384.3151,
    "long_short_ratio": null
  }
}