{
  "BTC": {
    "funding_hr_pct": -0.00034746,
    "open_interest": 26681.59304,
    "cvd_total": 91.9526299999994,
    "cvd_12bars": 137.64444999999998,
    "long_short_ratio": null
  },
  "ETH": {
    "funding_hr_pct": -0.00067787,
    "open_interest": 565314.0167999999,
    "cvd_total": 59151.751099999994,
    "cvd_12bars": 1011.3041000000011,
    "long_short_ratio": null
  }
}