{
  "BTC": {
    "funding_hr_pct": 0.00028818999999999996,
    "open_interest": 26907.27032,
    "cvd_total": 4230.074009999998,
    "cvd_12bars": 869.5957600000003,
    "long_short_ratio": null
  },
  "ETH": {
    "funding_hr_pct": 0.00125,
    "open_interest": 571673.2377999993,
    "cvd_total": 27533.05380000002,
    "cvd_12bars": 30231.050600000002,
    "long_short_ratio": null
  }
}