{
  "BTC": {
    "funding_hr_pct": 0.00125,
    "open_interest": 26884.09996,
    "cvd_total": -7384.755740000003,
    "cvd_12bars": -428.4509800000001,
    "long_short_ratio": null
  },
  "ETH": {
    "funding_hr_pct": 0.00125,
    "open_interest": 575754.6338,
    "cvd_total": -59137.835999999974,
    "cvd_12bars": -12923.798299999999,
    "long_short_ratio": null
  }
}