{
  "BTC": {
    "funding_hr_pct": 0.00125,
    "open_interest": 40577.9188,
    "cvd_total": 2484.176880000001,
    "cvd_12bars": 71.94201999999996,
    "long_short_ratio": null
  },
  "ETH": {
    "funding_hr_pct": 0.00125,
    "open_interest": 1012123.7980000001,
    "cvd_total": 102503.80160000002,
    "cvd_12bars": 1669.3804999999995,
    "long_short_ratio": null
  }
}