{
  "BTC": {
    "funding_hr_pct": 0.00078127,
    "open_interest": 27944.9253,
    "cvd_total": -792.5195500000009,
    "cvd_12bars": 549.7618699999998,
    "long_short_ratio": null
  },
  "ETH": {
    "funding_hr_pct": 0.0004097,
    "open_interest": 574496.9733999998,
    "cvd_total": -604.1898999999862,
    "cvd_12bars": 3054.7203000000018,
    "long_short_ratio": null
  }
}