{
  "BTC": {
    "funding_hr_pct": 0.00074152,
    "open_interest": 33726.41746,
    "cvd_total": -3557.2834400000006,
    "cvd_12bars": -25.368549999999942,
    "long_short_ratio": null
  },
  "ETH": {
    "funding_hr_pct": -0.0016495300000000002,
    "open_interest": 726857.7671999997,
    "cvd_total": 2643.2889999999916,
    "cvd_12bars": 1297.9704999999994,
    "long_short_ratio": null
  }
}