{
  "BTC": {
    "funding_hr_pct": 0.00061554,
    "open_interest": 29067.89512,
    "cvd_total": -2157.2697000000016,
    "cvd_12bars": -720.60946,
    "long_short_ratio": null
  },
  "ETH": {
    "funding_hr_pct": 0.00117427,
    "open_interest": 554614.3571999997,
    "cvd_total": -55910.63129999998,
    "cvd_12bars": 1702.9897,
    "long_short_ratio": null
  }
}