{
  "BTC": {
    "funding_hr_pct": 0.00125,
    "open_interest": 33755.69016,
    "cvd_total": -1942.2916499999997,
    "cvd_12bars": 819.9797399999999,
    "long_short_ratio": null
  },
  "ETH": {
    "funding_hr_pct": -0.00173339,
    "open_interest": 732863.6827999997,
    "cvd_total": 15964.712100000006,
    "cvd_12bars": 2684.8854000000015,
    "long_short_ratio": null
  }
}