{
  "BTC": {
    "funding_hr_pct": 0.00097362,
    "open_interest": 27916.67614,
    "cvd_total": -766.4197299999972,
    "cvd_12bars": 1590.1770699999997,
    "long_short_ratio": null
  },
  "ETH": {
    "funding_hr_pct": 0.00125,
    "open_interest": 610144.1794000001,
    "cvd_total": -49945.94550000002,
    "cvd_12bars": 7663.128300000004,
    "long_short_ratio": null
  }
}