{
  "BTC": {
    "funding_hr_pct": 0.00044146,
    "open_interest": 31820.85584,
    "cvd_total": -6909.446470000001,
    "cvd_12bars": 1087.69336,
    "long_short_ratio": null
  },
  "ETH": {
    "funding_hr_pct": -0.00130263,
    "open_interest": 746508.3286000005,
    "cvd_total": -288278.89999999997,
    "cvd_12bars": 2820.913599999996,
    "long_short_ratio": null
  }
}