{
  "BTC": {
    "funding_hr_pct": -0.00023524,
    "open_interest": 27890.26808,
    "cvd_total": 9105.296009999995,
    "cvd_12bars": -825.15613,
    "long_short_ratio": null
  },
  "ETH": {
    "funding_hr_pct": 0.00051072,
    "open_interest": 615583.7739999997,
    "cvd_total": -20126.42269999998,
    "cvd_12bars": -12134.870299999999,
    "long_short_ratio": null
  }
}