{
  "BTC": {
    "funding_hr_pct": 0.00095645,
    "open_interest": 33665.78544,
    "cvd_total": -1130.6605999999979,
    "cvd_12bars": 5159.269490000001,
    "long_short_ratio": null
  },
  "ETH": {
    "funding_hr_pct": 0.00054013,
    "open_interest": 678569.4335999992,
    "cvd_total": -223357.08320000008,
    "cvd_12bars": 26355.964299999996,
    "long_short_ratio": null
  }
}