{
  "BTC": {
    "funding_hr_pct": 0.00125,
    "open_interest": 33293.9059199999,
    "cvd_total": -12610.921070000004,
    "cvd_12bars": -2387.6487099999995,
    "long_short_ratio": null
  },
  "ETH": {
    "funding_hr_pct": 0.00125,
    "open_interest": 683014.1487999995,
    "cvd_total": -55849.597500000025,
    "cvd_12bars": -4638.7132,
    "long_short_ratio": null
  }
}