{
  "BTC": {
    "funding_hr_pct": -0.00106549,
    "open_interest": 27491.28,
    "cvd_total": 899.65454,
    "cvd_12bars": 539.3375699999997,
    "long_short_ratio": null
  },
  "ETH": {
    "funding_hr_pct": 0.00125,
    "open_interest": 568975.7265999998,
    "cvd_total": 40372.272100000024,
    "cvd_12bars": -24968.484000000004,
    "long_short_ratio": null
  }
}