{
  "BTC": {
    "funding_hr_pct": 0.00125,
    "open_interest": 36055.70776,
    "cvd_total": 6753.018689999995,
    "cvd_12bars": 526.0800099999999,
    "long_short_ratio": null
  },
  "ETH": {
    "funding_hr_pct": 0.00125,
    "open_interest": 1048874.3768000004,
    "cvd_total": 40058.23220000006,
    "cvd_12bars": 8596.4426,
    "long_short_ratio": null
  }
}