{
  "BTC": {
    "funding_hr_pct": -0.0012055800000000001,
    "open_interest": 27555.65936,
    "cvd_total": 5555.153349999999,
    "cvd_12bars": -1158.36114,
    "long_short_ratio": null
  },
  "ETH": {
    "funding_hr_pct": -0.0032372,
    "open_interest": 613251.3250000001,
    "cvd_total": -77495.73489999998,
    "cvd_12bars": -21817.1092,
    "long_short_ratio": null
  }
}