{
  "BTC": {
    "funding_hr_pct": 0.00125,
    "open_interest": 28472.61474,
    "cvd_total": -106.74844999999709,
    "cvd_12bars": -1199.4758199999997,
    "long_short_ratio": null
  },
  "ETH": {
    "funding_hr_pct": 0.00125,
    "open_interest": 600994.8650000009,
    "cvd_total": -46547.904600000016,
    "cvd_12bars": 15330.396199999997,
    "long_short_ratio": null
  }
}