{
  "BTC": {
    "funding_hr_pct": 0.00015701,
    "open_interest": 27640.16206,
    "cvd_total": -4208.455749999999,
    "cvd_12bars": -583.1878199999999,
    "long_short_ratio": null
  },
  "ETH": {
    "funding_hr_pct": -0.00064714,
    "open_interest": 454485.9354000003,
    "cvd_total": -119089.40749999999,
    "cvd_12bars": -47782.31649999999,
    "long_short_ratio": null
  }
}