{
  "BTC": {
    "funding_hr_pct": -0.00034562,
    "open_interest": 27709.64066,
    "cvd_total": 879.9290599999988,
    "cvd_12bars": 282.27500999999995,
    "long_short_ratio": null
  },
  "ETH": {
    "funding_hr_pct": 0.00026556999999999997,
    "open_interest": 574814.6103999995,
    "cvd_total": 15100.481100000097,
    "cvd_12bars": -8781.4297,
    "long_short_ratio": null
  }
}