{
  "BTC": {
    "funding_hr_pct": 0.00053632,
    "open_interest": 28107.66036,
    "cvd_total": 3455.1242899999993,
    "cvd_12bars": -65.21423000000003,
    "long_short_ratio": null
  },
  "ETH": {
    "funding_hr_pct": 0.00049699,
    "open_interest": 587711.6194000001,
    "cvd_total": 75865.18260000003,
    "cvd_12bars": 2415.205,
    "long_short_ratio": null
  }
}