{
  "BTC": {
    "funding_hr_pct": 0.0007732300000000001,
    "open_interest": 28508.84136,
    "cvd_total": 3204.3268,
    "cvd_12bars": 3972.7599500000006,
    "long_short_ratio": null
  },
  "ETH": {
    "funding_hr_pct": 0.00125,
    "open_interest": 581806.9336000005,
    "cvd_total": 10860.87050000001,
    "cvd_12bars": 22942.722600000005,
    "long_short_ratio": null
  }
}