{
  "BTC": {
    "funding_hr_pct": 0.00125,
    "open_interest": 27311.9179,
    "cvd_total": 5023.628269999995,
    "cvd_12bars": 815.54727,
    "long_short_ratio": null
  },
  "ETH": {
    "funding_hr_pct": 0.00125,
    "open_interest": 566525.9351999998,
    "cvd_total": 57997.32050000001,
    "cvd_12bars": 23233.7639,
    "long_short_ratio": null
  }
}