{
  "BTC": {
    "funding_hr_pct": 0.00125,
    "open_interest": 37501.26144,
    "cvd_total": 6844.899189999996,
    "cvd_12bars": 1505.48604,
    "long_short_ratio": null
  },
  "ETH": {
    "funding_hr_pct": 0.00125,
    "open_interest": 1069846.6554000003,
    "cvd_total": 64588.45550000001,
    "cvd_12bars": 44131.86929999999,
    "long_short_ratio": null
  }
}