{
  "BTC": {
    "funding_hr_pct": 8.1e-06,
    "open_interest": 29344.3345,
    "cvd_total": 5618.902490000003,
    "cvd_12bars": -1202.1816,
    "long_short_ratio": null
  },
  "ETH": {
    "funding_hr_pct": 0.00125,
    "open_interest": 533057.6338000001,
    "cvd_total": 28780.833400000003,
    "cvd_12bars": -11720.451099999998,
    "long_short_ratio": null
  }
}