{
  "BTC": {
    "funding_hr_pct": -7.149000000000001e-05,
    "open_interest": 27372.40564,
    "cvd_total": 7817.526139999999,
    "cvd_12bars": -1157.07248,
    "long_short_ratio": null
  },
  "ETH": {
    "funding_hr_pct": -0.00088836,
    "open_interest": 402159.8639999998,
    "cvd_total": 22615.191199999976,
    "cvd_12bars": -14255.483,
    "long_short_ratio": null
  }
}