{
  "BTC": {
    "funding_hr_pct": 0.00125,
    "open_interest": 35325.68166,
    "cvd_total": 3397.363950000002,
    "cvd_12bars": -408.73445000000004,
    "long_short_ratio": null
  },
  "ETH": {
    "funding_hr_pct": 0.00125,
    "open_interest": 779984.215,
    "cvd_total": 86035.82429999998,
    "cvd_12bars": 5291.2224,
    "long_short_ratio": null
  }
}