{
  "BTC": {
    "funding_hr_pct": 0.00125,
    "open_interest": 29985.005,
    "cvd_total": 1453.43529,
    "cvd_12bars": 885.22811,
    "long_short_ratio": null
  },
  "ETH": {
    "funding_hr_pct": 0.00125,
    "open_interest": 566029.1675999998,
    "cvd_total": -29075.512000000002,
    "cvd_12bars": -15958.410600000003,
    "long_short_ratio": null
  }
}