{
  "BTC": {
    "funding_hr_pct": -0.00058363,
    "open_interest": 28665.53554,
    "cvd_total": -121.83131999999983,
    "cvd_12bars": -767.00172,
    "long_short_ratio": null
  },
  "ETH": {
    "funding_hr_pct": 0.00043212999999999997,
    "open_interest": 557154.7625999998,
    "cvd_total": -16712.8978,
    "cvd_12bars": 3976.2345000000028,
    "long_short_ratio": null
  }
}