{
  "BTC": {
    "funding_hr_pct": 0.00125,
    "open_interest": 31590.42888,
    "cvd_total": -38572.96895,
    "cvd_12bars": -1122.42611,
    "long_short_ratio": null
  },
  "ETH": {
    "funding_hr_pct": 0.00125,
    "open_interest": 599557.6304000003,
    "cvd_total": -323959.0295999999,
    "cvd_12bars": -5564.816600000002,
    "long_short_ratio": null
  }
}