{
  "BTC": {
    "funding_hr_pct": 0.00068127,
    "open_interest": 29155.21788,
    "cvd_total": -1249.0319000000018,
    "cvd_12bars": 1223.4579199999998,
    "long_short_ratio": null
  },
  "ETH": {
    "funding_hr_pct": 0.0010555599999999999,
    "open_interest": 554395.9798000021,
    "cvd_total": -52451.85120000001,
    "cvd_12bars": 13835.0539,
    "long_short_ratio": null
  }
}