{
  "BTC": {
    "funding_hr_pct": 0.00125,
    "open_interest": 36524.6929200001,
    "cvd_total": -3305.3056899999992,
    "cvd_12bars": -213.53438000000006,
    "long_short_ratio": null
  },
  "ETH": {
    "funding_hr_pct": 0.00125,
    "open_interest": 883153.6940000001,
    "cvd_total": -42695.077899999975,
    "cvd_12bars": 55004.02240000001,
    "long_short_ratio": null
  }
}