{
  "BTC": {
    "funding_hr_pct": 0.00019072,
    "open_interest": 26802.9763,
    "cvd_total": 3765.0843200000013,
    "cvd_12bars": 25.133719999999997,
    "long_short_ratio": null
  },
  "ETH": {
    "funding_hr_pct": -0.00033519,
    "open_interest": 419980.8625999999,
    "cvd_total": -18921.862699999983,
    "cvd_12bars": -1641.4296000000004,
    "long_short_ratio": null
  }
}