{
  "BTC": {
    "funding_hr_pct": 0.00073945,
    "open_interest": 26380.36658,
    "cvd_total": 10107.986550000001,
    "cvd_12bars": -192.66172,
    "long_short_ratio": null
  },
  "ETH": {
    "funding_hr_pct": 0.00066079,
    "open_interest": 580886.1558000002,
    "cvd_total": 163805.86739999987,
    "cvd_12bars": -7479.799599999998,
    "long_short_ratio": null
  }
}