{
  "BTC": {
    "funding_hr_pct": -0.00011826,
    "open_interest": 30193.68752,
    "cvd_total": 6029.776649999998,
    "cvd_12bars": -681.0134,
    "long_short_ratio": null
  },
  "ETH": {
    "funding_hr_pct": 0.00125,
    "open_interest": 636239.9667999998,
    "cvd_total": 184293.3251,
    "cvd_12bars": -3962.9209999999994,
    "long_short_ratio": null
  }
}