{
  "BTC": {
    "funding_hr_pct": 0.00125,
    "open_interest": 35556.58756,
    "cvd_total": 4526.409470000001,
    "cvd_12bars": -301.46811,
    "long_short_ratio": null
  },
  "ETH": {
    "funding_hr_pct": 0.00125,
    "open_interest": 774694.6808000001,
    "cvd_total": 5431.788699999989,
    "cvd_12bars": -2368.8957,
    "long_short_ratio": null
  }
}