{
  "BTC": {
    "funding_hr_pct": 0.00125,
    "open_interest": 38500.717,
    "cvd_total": -2694.2010800000003,
    "cvd_12bars": -1861.8339800000003,
    "long_short_ratio": null
  },
  "ETH": {
    "funding_hr_pct": 0.00125,
    "open_interest": 809467.8034000004,
    "cvd_total": -67033.34369999992,
    "cvd_12bars": 9799.943599999999,
    "long_short_ratio": null
  }
}