{
  "BTC": {
    "funding_hr_pct": 0.00125,
    "open_interest": 28139.35906,
    "cvd_total": -909.889409999998,
    "cvd_12bars": 1217.2157499999998,
    "long_short_ratio": null
  },
  "ETH": {
    "funding_hr_pct": 0.00125,
    "open_interest": 615342.7949999999,
    "cvd_total": -39953.905699999996,
    "cvd_12bars": 10381.375999999998,
    "long_short_ratio": null
  }
}