{
  "BTC": {
    "funding_hr_pct": 0.00125,
    "open_interest": 30863.68086,
    "cvd_total": -7091.32052,
    "cvd_12bars": -705.8688099999999,
    "long_short_ratio": null
  },
  "ETH": {
    "funding_hr_pct": 0.00125,
    "open_interest": 783670.5786000001,
    "cvd_total": -62056.016799999976,
    "cvd_12bars": -3713.2642,
    "long_short_ratio": null
  }
}