{
  "BTC": {
    "funding_hr_pct": 0.00125,
    "open_interest": 37946.19102,
    "cvd_total": -356.07889000000125,
    "cvd_12bars": 1490.5254999999997,
    "long_short_ratio": null
  },
  "ETH": {
    "funding_hr_pct": 0.00125,
    "open_interest": 806908.9823999992,
    "cvd_total": 69527.44520000002,
    "cvd_12bars": 16494.631799999996,
    "long_short_ratio": null
  }
}