{
  "BTC": {
    "funding_hr_pct": 0.00101804,
    "open_interest": 27625.19914,
    "cvd_total": 1476.1833899999992,
    "cvd_12bars": 323.38572999999997,
    "long_short_ratio": null
  },
  "ETH": {
    "funding_hr_pct": -0.00016406,
    "open_interest": 421640.4538000001,
    "cvd_total": -11892.325599999991,
    "cvd_12bars": 5555.8092,
    "long_short_ratio": null
  }
}