{
  "BTC": {
    "funding_hr_pct": -0.00050087,
    "open_interest": 30977.96892,
    "cvd_total": 5456.28852,
    "cvd_12bars": 2640.836240000001,
    "long_short_ratio": null
  },
  "ETH": {
    "funding_hr_pct": 0.00048101,
    "open_interest": 508759.7241999998,
    "cvd_total": 50675.148799999995,
    "cvd_12bars": 29631.26419999999,
    "long_short_ratio": null
  }
}