{
  "BTC": {
    "funding_hr_pct": -0.0024361,
    "open_interest": 28734.21436,
    "cvd_total": -8868.864969999999,
    "cvd_12bars": -91.96912000000003,
    "long_short_ratio": null
  },
  "ETH": {
    "funding_hr_pct": -0.0007784299999999999,
    "open_interest": 544271.37,
    "cvd_total": -126035.83829999993,
    "cvd_12bars": -7879.588099999999,
    "long_short_ratio": null
  }
}