{
  "BTC": {
    "funding_hr_pct": -0.00078047,
    "open_interest": 28682.4768599998,
    "cvd_total": 1023.2047599999993,
    "cvd_12bars": 434.89135999999996,
    "long_short_ratio": null
  },
  "ETH": {
    "funding_hr_pct": 0.00125,
    "open_interest": 555141.115599999,
    "cvd_total": 39779.23870000002,
    "cvd_12bars": 15220.570199999998,
    "long_short_ratio": null
  }
}