{
  "BTC": {
    "funding_hr_pct": -0.00071748,
    "open_interest": 28399.17296,
    "cvd_total": -35.66952999999987,
    "cvd_12bars": 474.07992,
    "long_short_ratio": null
  },
  "ETH": {
    "funding_hr_pct": 0.00108218,
    "open_interest": 555203.6125999998,
    "cvd_total": 10574.26380000001,
    "cvd_12bars": -788.9865,
    "long_short_ratio": null
  }
}