{
  "BTC": {
    "funding_hr_pct": 0.00125,
    "open_interest": 36193.46502,
    "cvd_total": -3501.99928,
    "cvd_12bars": -700.82269,
    "long_short_ratio": null
  },
  "ETH": {
    "funding_hr_pct": 0.00125,
    "open_interest": 872297.2535999999,
    "cvd_total": -110348.46919999999,
    "cvd_12bars": -68482.2688,
    "long_short_ratio": null
  }
}