{
  "BTC": {
    "funding_hr_pct": 0.00046539,
    "open_interest": 26432.08448,
    "cvd_total": -7081.2958000000035,
    "cvd_12bars": -1181.8752299999999,
    "long_short_ratio": null
  },
  "ETH": {
    "funding_hr_pct": 0.00017876,
    "open_interest": 577630.0727999998,
    "cvd_total": -55823.61419999999,
    "cvd_12bars": -21933.97929999999,
    "long_short_ratio": null
  }
}