{
  "BTC": {
    "funding_hr_pct": -1.4850000000000002e-05,
    "open_interest": 26316.4496,
    "cvd_total": 381.9629499999958,
    "cvd_12bars": 2367.31718,
    "long_short_ratio": null
  },
  "ETH": {
    "funding_hr_pct": -0.00014029,
    "open_interest": 424704.4412000001,
    "cvd_total": -75266.0463,
    "cvd_12bars": 28209.149899999997,
    "long_short_ratio": null
  }
}