{
  "BTC": {
    "funding_hr_pct": -0.00010308999999999999,
    "open_interest": 27291.97778,
    "cvd_total": 9578.49946,
    "cvd_12bars": 280.61002,
    "long_short_ratio": null
  },
  "ETH": {
    "funding_hr_pct": -0.00107852,
    "open_interest": 484933.6078000003,
    "cvd_total": 62452.52639999991,
    "cvd_12bars": -11569.193000000001,
    "long_short_ratio": null
  }
}