{
  "BTC": {
    "funding_hr_pct": -0.00037056000000000003,
    "open_interest": 26492.26678,
    "cvd_total": 1173.015869999996,
    "cvd_12bars": 2949.92234,
    "long_short_ratio": null
  },
  "ETH": {
    "funding_hr_pct": -0.00081446,
    "open_interest": 427668.3962,
    "cvd_total": -77075.4607,
    "cvd_12bars": 13074.0812,
    "long_short_ratio": null
  }
}