{
  "BTC": {
    "funding_hr_pct": -0.00054622,
    "open_interest": 26545.90108,
    "cvd_total": 14339.649269999994,
    "cvd_12bars": -454.5031700000001,
    "long_short_ratio": null
  },
  "ETH": {
    "funding_hr_pct": 0.0006446399999999999,
    "open_interest": 442964.0174000004,
    "cvd_total": 149263.2419,
    "cvd_12bars": -9387.921600000001,
    "long_short_ratio": null
  }
}