{
  "BTC": {
    "funding_hr_pct": 0.00125,
    "open_interest": 30059.94454,
    "cvd_total": 3349.809739999999,
    "cvd_12bars": 117.47062000000001,
    "long_short_ratio": null
  },
  "ETH": {
    "funding_hr_pct": 0.00125,
    "open_interest": 524408.8832,
    "cvd_total": 9091.123599999992,
    "cvd_12bars": -5689.2632,
    "long_short_ratio": null
  }
}