{
  "BTC": {
    "funding_hr_pct": 0.00125,
    "open_interest": 28754.6735,
    "cvd_total": 2227.3451699999987,
    "cvd_12bars": -1255.67901,
    "long_short_ratio": null
  },
  "ETH": {
    "funding_hr_pct": 0.00125,
    "open_interest": 602663.1372,
    "cvd_total": 115909.73939999996,
    "cvd_12bars": -4678.9196,
    "long_short_ratio": null
  }
}