{
  "BTC": {
    "funding_hr_pct": -0.00024381,
    "open_interest": 28427.96992,
    "cvd_total": 3.15377000000017,
    "cvd_12bars": 163.63287999999994,
    "long_short_ratio": null
  },
  "ETH": {
    "funding_hr_pct": 0.00015094999999999998,
    "open_interest": 556759.9650000002,
    "cvd_total": 9323.276000000003,
    "cvd_12bars": -276.8235999999997,
    "long_short_ratio": null
  }
}