{
  "BTC": {
    "funding_hr_pct": 0.00125,
    "open_interest": 27825.56374,
    "cvd_total": 2040.1214399999992,
    "cvd_12bars": -255.62168,
    "long_short_ratio": null
  },
  "ETH": {
    "funding_hr_pct": 0.00125,
    "open_interest": 567823.5861999999,
    "cvd_total": 77130.8009,
    "cvd_12bars": -336.2204000000006,
    "long_short_ratio": null
  }
}