{
  "BTC": {
    "funding_hr_pct": -0.00140167,
    "open_interest": 28814.01072,
    "cvd_total": -16.57236000000062,
    "cvd_12bars": 667.8138399999999,
    "long_short_ratio": null
  },
  "ETH": {
    "funding_hr_pct": 0.00125,
    "open_interest": 555768.1332,
    "cvd_total": 28277.655400000018,
    "cvd_12bars": 7513.7035000000005,
    "long_short_ratio": null
  }
}