{
  "BTC": {
    "funding_hr_pct": -0.00051454,
    "open_interest": 30089.86492,
    "cvd_total": -4103.102930000003,
    "cvd_12bars": 1133.34562,
    "long_short_ratio": null
  },
  "ETH": {
    "funding_hr_pct": 0.00125,
    "open_interest": 540105.9388000006,
    "cvd_total": -121844.61150000001,
    "cvd_12bars": 6270.686700000002,
    "long_short_ratio": null
  }
}