{
  "BTC": {
    "funding_hr_pct": -0.00107596,
    "open_interest": 26616.8294,
    "cvd_total": -4537.3588400000035,
    "cvd_12bars": -323.25157,
    "long_short_ratio": null
  },
  "ETH": {
    "funding_hr_pct": -0.00099406,
    "open_interest": 542639.7209999997,
    "cvd_total": -122295.46269999997,
    "cvd_12bars": -7585.495,
    "long_short_ratio": null
  }
}