{
  "BTC": {
    "funding_hr_pct": -0.0010313899999999999,
    "open_interest": 27998.69578,
    "cvd_total": 8751.008469999993,
    "cvd_12bars": -53.7953200000001,
    "long_short_ratio": null
  },
  "ETH": {
    "funding_hr_pct": -0.00128594,
    "open_interest": 600668.8082000008,
    "cvd_total": 231062.34769999978,
    "cvd_12bars": 14642.1502,
    "long_short_ratio": null
  }
}