{
  "BTC": {
    "funding_hr_pct": 0.00125,
    "open_interest": 26647.3141,
    "cvd_total": -3718.444350000002,
    "cvd_12bars": -5039.22621,
    "long_short_ratio": null
  },
  "ETH": {
    "funding_hr_pct": 0.00105469,
    "open_interest": 580652.0994,
    "cvd_total": -146580.525,
    "cvd_12bars": -116624.73499999997,
    "long_short_ratio": null
  }
}