{
  "BTC": {
    "funding_hr_pct": 0.00125,
    "open_interest": 36626.13524,
    "cvd_total": 6481.801130000001,
    "cvd_12bars": 947.4546799999998,
    "long_short_ratio": null
  },
  "ETH": {
    "funding_hr_pct": 0.00125,
    "open_interest": 777114.4218000004,
    "cvd_total": 134800.7879000002,
    "cvd_12bars": 4868.5051,
    "long_short_ratio": null
  }
}