{
  "BTC": {
    "funding_hr_pct": 0.00040059,
    "open_interest": 27435.85506,
    "cvd_total": -5744.629649999999,
    "cvd_12bars": -839.01376,
    "long_short_ratio": null
  },
  "ETH": {
    "funding_hr_pct": -8.619e-05,
    "open_interest": 577562.3870000001,
    "cvd_total": -1447.222000000008,
    "cvd_12bars": 363.9706999999993,
    "long_short_ratio": null
  }
}