{
  "BTC": {
    "funding_hr_pct": 0.00125,
    "open_interest": 31053.51476,
    "cvd_total": 395.0130099999994,
    "cvd_12bars": 308.10711999999995,
    "long_short_ratio": null
  },
  "ETH": {
    "funding_hr_pct": 0.00125,
    "open_interest": 788524.9012000002,
    "cvd_total": 8949.3064,
    "cvd_12bars": 12051.4232,
    "long_short_ratio": null
  }
}