{
  "BTC": {
    "funding_hr_pct": 0.00050853,
    "open_interest": 33491.71892,
    "cvd_total": -10252.316329999994,
    "cvd_12bars": 8639.153059999999,
    "long_short_ratio": null
  },
  "ETH": {
    "funding_hr_pct": -0.00072199,
    "open_interest": 667572.2528,
    "cvd_total": -227608.15479999996,
    "cvd_12bars": 42720.7087,
    "long_short_ratio": null
  }
}