{
  "BTC": {
    "funding_hr_pct": 0.00125,
    "open_interest": 32910.03786,
    "cvd_total": -14444.178750000012,
    "cvd_12bars": 1084.11511,
    "long_short_ratio": null
  },
  "ETH": {
    "funding_hr_pct": 0.00125,
    "open_interest": 628643.5869999995,
    "cvd_total": -118649.38290000008,
    "cvd_12bars": 12440.525300000005,
    "long_short_ratio": null
  }
}