{
  "BTC": {
    "funding_hr_pct": -7.001e-05,
    "open_interest": 28939.63414,
    "cvd_total": -8773.144490000002,
    "cvd_12bars": 444.9676699999999,
    "long_short_ratio": null
  },
  "ETH": {
    "funding_hr_pct": 6.973999999999999e-05,
    "open_interest": 576303.6222,
    "cvd_total": -204757.9248,
    "cvd_12bars": 5119.3872,
    "long_short_ratio": null
  }
}