{
  "BTC": {
    "funding_hr_pct": -0.00085302,
    "open_interest": 28285.5153,
    "cvd_total": -2519.95292,
    "cvd_12bars": -211.65292000000002,
    "long_short_ratio": null
  },
  "ETH": {
    "funding_hr_pct": 0.00125,
    "open_interest": 549942.1806,
    "cvd_total": -6314.582700000008,
    "cvd_12bars": 2269.6255,
    "long_short_ratio": null
  }
}