{
  "BTC": {
    "funding_hr_pct": 0.00073103,
    "open_interest": 27522.3793,
    "cvd_total": 1342.7177799999997,
    "cvd_12bars": -701.2427200000001,
    "long_short_ratio": null
  },
  "ETH": {
    "funding_hr_pct": 0.00067499,
    "open_interest": 425058.3042000001,
    "cvd_total": -41187.404200000004,
    "cvd_12bars": -6855.063100000001,
    "long_short_ratio": null
  }
}