{
  "BTC": {
    "funding_hr_pct": 0.00044649,
    "open_interest": 28180.97012,
    "cvd_total": -8251.243919999997,
    "cvd_12bars": -4245.41832,
    "long_short_ratio": null
  },
  "ETH": {
    "funding_hr_pct": -0.00112136,
    "open_interest": 426378.6814000004,
    "cvd_total": -73899.32269999998,
    "cvd_12bars": -40919.063899999994,
    "long_short_ratio": null
  }
}