{
  "BTC": {
    "funding_hr_pct": -3.038e-05,
    "open_interest": 30626.2427,
    "cvd_total": 9947.174780000003,
    "cvd_12bars": 2229.3240699999997,
    "long_short_ratio": null
  },
  "ETH": {
    "funding_hr_pct": 0.00046104,
    "open_interest": 707727.9108,
    "cvd_total": 230273.35200000007,
    "cvd_12bars": -2519.0544000000014,
    "long_short_ratio": null
  }
}