{
  "BTC": {
    "funding_hr_pct": -0.00068882,
    "open_interest": 28639.49654,
    "cvd_total": -983.6969499999964,
    "cvd_12bars": 2308.41377,
    "long_short_ratio": null
  },
  "ETH": {
    "funding_hr_pct": 0.00025119,
    "open_interest": 564793.4711999987,
    "cvd_total": -100935.48510000002,
    "cvd_12bars": 24282.374799999998,
    "long_short_ratio": null
  }
}