{
  "BTC": {
    "funding_hr_pct": 0.00125,
    "open_interest": 36144.8505,
    "cvd_total": 14716.452720000005,
    "cvd_12bars": -500.0957499999999,
    "long_short_ratio": null
  },
  "ETH": {
    "funding_hr_pct": 0.00125,
    "open_interest": 913058.3347999995,
    "cvd_total": 124972.66690000004,
    "cvd_12bars": 33648.5364,
    "long_short_ratio": null
  }
}