{
  "BTC": {
    "funding_hr_pct": -0.00017491999999999999,
    "open_interest": 26577.7104800001,
    "cvd_total": 2937.9669100000006,
    "cvd_12bars": -1090.20266,
    "long_short_ratio": null
  },
  "ETH": {
    "funding_hr_pct": 0.00089945,
    "open_interest": 583465.4988000005,
    "cvd_total": 7213.5571999999975,
    "cvd_12bars": -21525.503200000003,
    "long_short_ratio": null
  }
}