{
  "BTC": {
    "funding_hr_pct": 0.00125,
    "open_interest": 36371.66938,
    "cvd_total": -4068.4408999999987,
    "cvd_12bars": 223.28399000000013,
    "long_short_ratio": null
  },
  "ETH": {
    "funding_hr_pct": 0.00125,
    "open_interest": 892072.0908,
    "cvd_total": -74568.90549999996,
    "cvd_12bars": 4796.605599999992,
    "long_short_ratio": null
  }
}