{
  "BTC": {
    "funding_hr_pct": 0.00125,
    "open_interest": 30134.02494,
    "cvd_total": 1682.0479,
    "cvd_12bars": 320.20545000000004,
    "long_short_ratio": null
  },
  "ETH": {
    "funding_hr_pct": 0.00125,
    "open_interest": 566100.5104000011,
    "cvd_total": -29941.49279999999,
    "cvd_12bars": -2829.9013999999997,
    "long_short_ratio": null
  }
}