{
  "BTC": {
    "funding_hr_pct": 0.0008712199999999999,
    "open_interest": 24880.34838,
    "cvd_total": 9669.331989999997,
    "cvd_12bars": 1463.96844,
    "long_short_ratio": null
  },
  "ETH": {
    "funding_hr_pct": 0.00031189,
    "open_interest": 438522.1734,
    "cvd_total": 91294.79449999996,
    "cvd_12bars": 3006.7912000000015,
    "long_short_ratio": null
  }
}