{
  "BTC": {
    "funding_hr_pct": 0.00125,
    "open_interest": 31157.7708,
    "cvd_total": -692.2745499999995,
    "cvd_12bars": -407.86780999999974,
    "long_short_ratio": null
  },
  "ETH": {
    "funding_hr_pct": -0.00177776,
    "open_interest": 670119.6267999999,
    "cvd_total": -35099.61440000001,
    "cvd_12bars": -37870.451700000005,
    "long_short_ratio": null
  }
}