{
  "BTC": {
    "funding_hr_pct": 0.00125,
    "open_interest": 40846.70714,
    "cvd_total": 7560.662090000001,
    "cvd_12bars": 498.96874000000014,
    "long_short_ratio": null
  },
  "ETH": {
    "funding_hr_pct": 0.00125,
    "open_interest": 991251.1120000001,
    "cvd_total": 54471.66379999998,
    "cvd_12bars": 4769.0995,
    "long_short_ratio": null
  }
}