{
  "BTC": {
    "funding_hr_pct": 0.00050929,
    "open_interest": 30448.57292,
    "cvd_total": 309.34923999999984,
    "cvd_12bars": -504.9978,
    "long_short_ratio": null
  },
  "ETH": {
    "funding_hr_pct": 0.00125,
    "open_interest": 776890.3672000001,
    "cvd_total": -1860.222999999998,
    "cvd_12bars": -949.0887,
    "long_short_ratio": null
  }
}