{
  "BTC": {
    "funding_hr_pct": 0.00125,
    "open_interest": 26935.54428,
    "cvd_total": 5328.831480000001,
    "cvd_12bars": -48.917970000000025,
    "long_short_ratio": null
  },
  "ETH": {
    "funding_hr_pct": 0.00103462,
    "open_interest": 573342.6640000005,
    "cvd_total": 10424.883100000008,
    "cvd_12bars": 6669.523300000001,
    "long_short_ratio": null
  }
}