{
  "BTC": {
    "funding_hr_pct": 0.00125,
    "open_interest": 37802.15424,
    "cvd_total": 594.5918,
    "cvd_12bars": 574.1844199999999,
    "long_short_ratio": null
  },
  "ETH": {
    "funding_hr_pct": 0.00125,
    "open_interest": 829509.8207999999,
    "cvd_total": 19442.80780000002,
    "cvd_12bars": 7124.6972,
    "long_short_ratio": null
  }
}