{
  "BTC": {
    "funding_hr_pct": 0.00125,
    "open_interest": 28780.52276,
    "cvd_total": 2578.485019999999,
    "cvd_12bars": -759.59993,
    "long_short_ratio": null
  },
  "ETH": {
    "funding_hr_pct": 0.00125,
    "open_interest": 604415.8291999999,
    "cvd_total": 112056.34419999999,
    "cvd_12bars": -20956.4863,
    "long_short_ratio": null
  }
}