{
  "BTC": {
    "funding_hr_pct": -0.00126413,
    "open_interest": 27486.81094,
    "cvd_total": -5682.122960000001,
    "cvd_12bars": 969.87277,
    "long_short_ratio": null
  },
  "ETH": {
    "funding_hr_pct": 0.0004915000000000001,
    "open_interest": 432653.2300000001,
    "cvd_total": -61160.468499999966,
    "cvd_12bars": 8559.833200000001,
    "long_short_ratio": null
  }
}