{
  "BTC": {
    "funding_hr_pct": 0.00125,
    "open_interest": 27626.91064,
    "cvd_total": -9721.306029999998,
    "cvd_12bars": 887.8280299999999,
    "long_short_ratio": null
  },
  "ETH": {
    "funding_hr_pct": 0.00125,
    "open_interest": 535694.9632000003,
    "cvd_total": -132768.0831,
    "cvd_12bars": 23503.131299999997,
    "long_short_ratio": null
  }
}