{
  "BTC": {
    "funding_hr_pct": -0.00039504000000000004,
    "open_interest": 33905.04604,
    "cvd_total": 6198.566390000004,
    "cvd_12bars": -832.3255100000001,
    "long_short_ratio": null
  },
  "ETH": {
    "funding_hr_pct": -0.0007740900000000001,
    "open_interest": 701953.7190000003,
    "cvd_total": 116364.03970000007,
    "cvd_12bars": 1889.8932999999997,
    "long_short_ratio": null
  }
}