{
  "BTC": {
    "funding_hr_pct": 0.00098762,
    "open_interest": 26600.03316,
    "cvd_total": 87.1544199999999,
    "cvd_12bars": -627.3649499999999,
    "long_short_ratio": null
  },
  "ETH": {
    "funding_hr_pct": 0.00073588,
    "open_interest": 566100.6713999998,
    "cvd_total": 68231.74220000001,
    "cvd_12bars": 218.09659999999985,
    "long_short_ratio": null
  }
}