{
  "BTC": {
    "funding_hr_pct": -0.0013902,
    "open_interest": 28970.35426,
    "cvd_total": 438.1156799999992,
    "cvd_12bars": -725.02128,
    "long_short_ratio": null
  },
  "ETH": {
    "funding_hr_pct": 0.00125,
    "open_interest": 532071.6896,
    "cvd_total": -1759.90690000001,
    "cvd_12bars": -5303.456699999999,
    "long_short_ratio": null
  }
}