{
  "BTC": {
    "funding_hr_pct": -0.00018807,
    "open_interest": 29520.05096,
    "cvd_total": 6407.8378900000025,
    "cvd_12bars": 111.18485,
    "long_short_ratio": null
  },
  "ETH": {
    "funding_hr_pct": 0.00125,
    "open_interest": 554409.2836000005,
    "cvd_total": 32119.6166,
    "cvd_12bars": 1200.8069,
    "long_short_ratio": null
  }
}