{
  "BTC": {
    "funding_hr_pct": 0.00064087,
    "open_interest": 26876.73672,
    "cvd_total": -2811.788349999998,
    "cvd_12bars": 918.7129500000001,
    "long_short_ratio": null
  },
  "ETH": {
    "funding_hr_pct": -0.0012216,
    "open_interest": 574468.0224,
    "cvd_total": -1786.5766999999796,
    "cvd_12bars": 18295.636300000002,
    "long_short_ratio": null
  }
}