{
  "BTC": {
    "funding_hr_pct": 0.00048566999999999995,
    "open_interest": 30177.79248,
    "cvd_total": 2299.1460599999978,
    "cvd_12bars": -1185.54411,
    "long_short_ratio": null
  },
  "ETH": {
    "funding_hr_pct": 0.00076793,
    "open_interest": 774538.1135999997,
    "cvd_total": -25248.768700000004,
    "cvd_12bars": -10412.707499999999,
    "long_short_ratio": null
  }
}