{
  "BTC": {
    "funding_hr_pct": 0.00040337,
    "open_interest": 27701.0953,
    "cvd_total": -3376.95289,
    "cvd_12bars": -4652.517330000001,
    "long_short_ratio": null
  },
  "ETH": {
    "funding_hr_pct": 0.00012045,
    "open_interest": 573681.122800001,
    "cvd_total": 20565.875599999996,
    "cvd_12bars": -60721.2281,
    "long_short_ratio": null
  }
}