{
  "BTC": {
    "funding_hr_pct": 0.00044386,
    "open_interest": 27688.87586,
    "cvd_total": 127.68375000000044,
    "cvd_12bars": 687.19996,
    "long_short_ratio": null
  },
  "ETH": {
    "funding_hr_pct": -0.00130887,
    "open_interest": 440111.7201999996,
    "cvd_total": 55553.4852,
    "cvd_12bars": 20475.729099999997,
    "long_short_ratio": null
  }
}