{
  "BTC": {
    "funding_hr_pct": -0.00188832,
    "open_interest": 31002.12246,
    "cvd_total": -354.54238,
    "cvd_12bars": -607.80526,
    "long_short_ratio": null
  },
  "ETH": {
    "funding_hr_pct": -0.00069332,
    "open_interest": 547357.4897999997,
    "cvd_total": -3979.3573999999976,
    "cvd_12bars": -8192.7672,
    "long_short_ratio": null
  }
}