{
  "BTC": {
    "funding_hr_pct": -8.17e-05,
    "open_interest": 27896.90418,
    "cvd_total": -2598.6595899999984,
    "cvd_12bars": -255.66871999999995,
    "long_short_ratio": null
  },
  "ETH": {
    "funding_hr_pct": -0.0019590000000000002,
    "open_interest": 392962.9913999998,
    "cvd_total": -55000.969,
    "cvd_12bars": -10050.389299999997,
    "long_short_ratio": null
  }
}