{
  "BTC": {
    "funding_hr_pct": 8.866e-05,
    "open_interest": 27455.93746,
    "cvd_total": 7185.903479999997,
    "cvd_12bars": 1125.1006100000002,
    "long_short_ratio": null
  },
  "ETH": {
    "funding_hr_pct": 0.00090732,
    "open_interest": 622840.9261999999,
    "cvd_total": -71897.26150000007,
    "cvd_12bars": 22822.8645,
    "long_short_ratio": null
  }
}