{
  "BTC": {
    "funding_hr_pct": -0.00107369,
    "open_interest": 28460.40062,
    "cvd_total": 18515.779249999996,
    "cvd_12bars": 1458.1458900000002,
    "long_short_ratio": null
  },
  "ETH": {
    "funding_hr_pct": -0.00020372,
    "open_interest": 596793.2619999999,
    "cvd_total": 240692.85200000013,
    "cvd_12bars": 14578.657299999999,
    "long_short_ratio": null
  }
}