{
  "BTC": {
    "funding_hr_pct": 0.00070873,
    "open_interest": 33133.40234,
    "cvd_total": 8143.759559999999,
    "cvd_12bars": -363.99374,
    "long_short_ratio": null
  },
  "ETH": {
    "funding_hr_pct": 0.00047817000000000004,
    "open_interest": 683300.7211999998,
    "cvd_total": 106345.31699999992,
    "cvd_12bars": 12624.259899999997,
    "long_short_ratio": null
  }
}