{
  "BTC": {
    "funding_hr_pct": 0.00109643,
    "open_interest": 28050.2484,
    "cvd_total": 3622.26924,
    "cvd_12bars": 328.55358999999993,
    "long_short_ratio": null
  },
  "ETH": {
    "funding_hr_pct": 0.0009676,
    "open_interest": 585575.3164000005,
    "cvd_total": 69339.11280000005,
    "cvd_12bars": 1742.9758000000002,
    "long_short_ratio": null
  }
}