{
  "BTC": {
    "funding_hr_pct": -0.00055095,
    "open_interest": 29940.9158,
    "cvd_total": 1477.3993399999995,
    "cvd_12bars": 114.53102999999997,
    "long_short_ratio": null
  },
  "ETH": {
    "funding_hr_pct": -0.00098975,
    "open_interest": 808748.2108,
    "cvd_total": -40367.5457,
    "cvd_12bars": -1444.6913000000004,
    "long_short_ratio": null
  }
}