{
  "BTC": {
    "funding_hr_pct": 6.644000000000001e-05,
    "open_interest": 26715.71474,
    "cvd_total": 9688.42563,
    "cvd_12bars": 562.51615,
    "long_short_ratio": null
  },
  "ETH": {
    "funding_hr_pct": 0.00043429000000000004,
    "open_interest": 590896.0774000001,
    "cvd_total": 168505.44909999985,
    "cvd_12bars": -3728.368800000001,
    "long_short_ratio": null
  }
}