{
  "BTC": {
    "funding_hr_pct": -0.00160162,
    "open_interest": 27909.79824,
    "cvd_total": 4766.177750000001,
    "cvd_12bars": -1486.4699800000003,
    "long_short_ratio": null
  },
  "ETH": {
    "funding_hr_pct": 0.0005023,
    "open_interest": 565147.6645999987,
    "cvd_total": 65490.588599999974,
    "cvd_12bars": -4794.092100000002,
    "long_short_ratio": null
  }
}