{
  "BTC": {
    "funding_hr_pct": -0.0029268199999999997,
    "open_interest": 31096.14242,
    "cvd_total": -134.62165999999968,
    "cvd_12bars": -96.71862999999999,
    "long_short_ratio": null
  },
  "ETH": {
    "funding_hr_pct": -0.00024526999999999996,
    "open_interest": 550851.6244000001,
    "cvd_total": -1191.1089,
    "cvd_12bars": 381.2295000000001,
    "long_short_ratio": null
  }
}