{
  "BTC": {
    "funding_hr_pct": 0.00125,
    "open_interest": 32038.30524,
    "cvd_total": -5592.061070000002,
    "cvd_12bars": 935.8878,
    "long_short_ratio": null
  },
  "ETH": {
    "funding_hr_pct": 0.00125,
    "open_interest": 533316.5476,
    "cvd_total": -136606.12579999995,
    "cvd_12bars": 7774.541499999999,
    "long_short_ratio": null
  }
}