{
  "BTC": {
    "funding_hr_pct": 0.00125,
    "open_interest": 29966.5629,
    "cvd_total": -481.31367000000085,
    "cvd_12bars": 1383.7430700000002,
    "long_short_ratio": null
  },
  "ETH": {
    "funding_hr_pct": 0.00125,
    "open_interest": 654860.0729999996,
    "cvd_total": -3395.1511999999893,
    "cvd_12bars": 15268.3732,
    "long_short_ratio": null
  }
}