{
  "BTC": {
    "funding_hr_pct": -0.00108217,
    "open_interest": 26361.67596,
    "cvd_total": -1143.5564500000012,
    "cvd_12bars": -686.1378,
    "long_short_ratio": null
  },
  "ETH": {
    "funding_hr_pct": -0.00075106,
    "open_interest": 563723.8734000002,
    "cvd_total": 13718.768800000016,
    "cvd_12bars": 5775.5378,
    "long_short_ratio": null
  }
}