{
  "BTC": {
    "funding_hr_pct": 8.518000000000001e-05,
    "open_interest": 27413.85116,
    "cvd_total": 3583.7854400000015,
    "cvd_12bars": 900.62555,
    "long_short_ratio": null
  },
  "ETH": {
    "funding_hr_pct": -0.0018712400000000001,
    "open_interest": 452780.0498,
    "cvd_total": -69596.24090000005,
    "cvd_12bars": 5566.9057,
    "long_short_ratio": null
  }
}