{
  "BTC": {
    "funding_hr_pct": 0.00065433,
    "open_interest": 28569.90204,
    "cvd_total": 294.5300000000007,
    "cvd_12bars": 169.90909000000002,
    "long_short_ratio": null
  },
  "ETH": {
    "funding_hr_pct": 0.0006305600000000001,
    "open_interest": 559643.6237999995,
    "cvd_total": 9055.636199999999,
    "cvd_12bars": 256.73820000000035,
    "long_short_ratio": null
  }
}