{
  "BTC": {
    "funding_hr_pct": 0.00105382,
    "open_interest": 28106.62198,
    "cvd_total": -441.35526999999996,
    "cvd_12bars": -78.01065999999997,
    "long_short_ratio": null
  },
  "ETH": {
    "funding_hr_pct": 0.00125,
    "open_interest": 588364.0424000004,
    "cvd_total": -16137.986399999989,
    "cvd_12bars": 2728.0662999999995,
    "long_short_ratio": null
  }
}