{
  "BTC": {
    "funding_hr_pct": -0.0018817,
    "open_interest": 28799.42004,
    "cvd_total": -1455.814209999999,
    "cvd_12bars": 48.60939999999999,
    "long_short_ratio": null
  },
  "ETH": {
    "funding_hr_pct": 0.00125,
    "open_interest": 552550.0707999999,
    "cvd_total": 17790.64010000001,
    "cvd_12bars": 6232.7559,
    "long_short_ratio": null
  }
}