{
  "BTC": {
    "funding_hr_pct": 0.00051666,
    "open_interest": 28163.2765599999,
    "cvd_total": -17436.95376,
    "cvd_12bars": -1502.3677699999998,
    "long_short_ratio": null
  },
  "ETH": {
    "funding_hr_pct": 5.3e-07,
    "open_interest": 573788.0865999995,
    "cvd_total": -340382.95610000007,
    "cvd_12bars": -3207.5194999999985,
    "long_short_ratio": null
  }
}