{
  "BTC": {
    "funding_hr_pct": -0.00020874,
    "open_interest": 27713.0997,
    "cvd_total": 5745.223409999999,
    "cvd_12bars": -619.5065,
    "long_short_ratio": null
  },
  "ETH": {
    "funding_hr_pct": 0.0007096800000000001,
    "open_interest": 585859.0144000006,
    "cvd_total": 95093.19520000005,
    "cvd_12bars": -3616.9431999999997,
    "long_short_ratio": null
  }
}