{
  "BTC": {
    "funding_hr_pct": 0.0003926,
    "open_interest": 27408.52994,
    "cvd_total": 6922.813839999998,
    "cvd_12bars": -1147.3608100000001,
    "long_short_ratio": null
  },
  "ETH": {
    "funding_hr_pct": 0.00119681,
    "open_interest": 619954.2405999994,
    "cvd_total": -74448.38200000001,
    "cvd_12bars": -14101.632800000003,
    "long_short_ratio": null
  }
}