{
  "BTC": {
    "funding_hr_pct": 0.00056384,
    "open_interest": 26618.04528,
    "cvd_total": -1065.0133000000003,
    "cvd_12bars": -468.05388000000005,
    "long_short_ratio": null
  },
  "ETH": {
    "funding_hr_pct": 0.0008774,
    "open_interest": 565666.4712,
    "cvd_total": 45328.50599999999,
    "cvd_12bars": -4726.8394,
    "long_short_ratio": null
  }
}