{
  "BTC": {
    "funding_hr_pct": -0.00115333,
    "open_interest": 26402.2877199999,
    "cvd_total": -3756.077160000004,
    "cvd_12bars": 1119.7664300000001,
    "long_short_ratio": null
  },
  "ETH": {
    "funding_hr_pct": -0.00214139,
    "open_interest": 547371.0103999998,
    "cvd_total": -153337.06609999994,
    "cvd_12bars": -27211.533300000003,
    "long_short_ratio": null
  }
}