{
  "BTC": {
    "funding_hr_pct": 0.00095253,
    "open_interest": 26591.42464,
    "cvd_total": 216.5926399999999,
    "cvd_12bars": -497.92672999999996,
    "long_short_ratio": null
  },
  "ETH": {
    "funding_hr_pct": 0.00067727,
    "open_interest": 567219.9465999999,
    "cvd_total": 69291.55780000001,
    "cvd_12bars": 1277.9121999999998,
    "long_short_ratio": null
  }
}