{
  "BTC": {
    "funding_hr_pct": 0.00125,
    "open_interest": 37649.77964,
    "cvd_total": -4053.3993199999986,
    "cvd_12bars": -1067.85098,
    "long_short_ratio": null
  },
  "ETH": {
    "funding_hr_pct": 0.00125,
    "open_interest": 956893.2510000002,
    "cvd_total": -79343.36739999997,
    "cvd_12bars": -21414.9946,
    "long_short_ratio": null
  }
}