{
  "BTC": {
    "funding_hr_pct": 0.00073217,
    "open_interest": 29639.65334,
    "cvd_total": 3678.992319999998,
    "cvd_12bars": 146.04285,
    "long_short_ratio": null
  },
  "ETH": {
    "funding_hr_pct": 0.00125,
    "open_interest": 518888.9654,
    "cvd_total": 53608.8676,
    "cvd_12bars": -1764.3239000000003,
    "long_short_ratio": null
  }
}