{
  "BTC": {
    "funding_hr_pct": 2.602e-05,
    "open_interest": 26354.9268799999,
    "cvd_total": -4073.5663500000037,
    "cvd_12bars": 1526.96514,
    "long_short_ratio": null
  },
  "ETH": {
    "funding_hr_pct": -0.00118067,
    "open_interest": 447995.0021999995,
    "cvd_total": -103076.90029999996,
    "cvd_12bars": 42908.377,
    "long_short_ratio": null
  }
}