{
  "BTC": {
    "funding_hr_pct": -0.0020128,
    "open_interest": 27889.74092,
    "cvd_total": 10329.088310000001,
    "cvd_12bars": -777.25115,
    "long_short_ratio": null
  },
  "ETH": {
    "funding_hr_pct": -0.0014847900000000002,
    "open_interest": 409236.4220000002,
    "cvd_total": 15316.669999999995,
    "cvd_12bars": -4197.9194,
    "long_short_ratio": null
  }
}