{
  "BTC": {
    "funding_hr_pct": 0.00125,
    "open_interest": 35868.82138,
    "cvd_total": -3316.05969,
    "cvd_12bars": -373.11923,
    "long_short_ratio": null
  },
  "ETH": {
    "funding_hr_pct": 0.00125,
    "open_interest": 867331.522,
    "cvd_total": -93407.6791,
    "cvd_12bars": 2928.534899999999,
    "long_short_ratio": null
  }
}