{
  "BTC": {
    "funding_hr_pct": -0.00152095,
    "open_interest": 32091.44558,
    "cvd_total": 9155.84834,
    "cvd_12bars": 1713.4984299999996,
    "long_short_ratio": null
  },
  "ETH": {
    "funding_hr_pct": -3.1469999999999995e-05,
    "open_interest": 496008.4736,
    "cvd_total": 71673.02590000001,
    "cvd_12bars": 20498.5826,
    "long_short_ratio": null
  }
}