{
  "BTC": {
    "funding_hr_pct": 0.00096712,
    "open_interest": 27749.59494,
    "cvd_total": 3005.6114700000003,
    "cvd_12bars": -426.6957200000001,
    "long_short_ratio": null
  },
  "ETH": {
    "funding_hr_pct": 0.00125,
    "open_interest": 563058.4471999997,
    "cvd_total": 70471.93609999998,
    "cvd_12bars": -3590.9624000000003,
    "long_short_ratio": null
  }
}