{
  "BTC": {
    "funding_hr_pct": 0.00052139,
    "open_interest": 26567.07702,
    "cvd_total": -1179.2333500000025,
    "cvd_12bars": 1051.5965400000002,
    "long_short_ratio": null
  },
  "ETH": {
    "funding_hr_pct": -0.0006609,
    "open_interest": 427371.0296000004,
    "cvd_total": -78994.31050000002,
    "cvd_12bars": 21256.9713,
    "long_short_ratio": null
  }
}