{
  "BTC": {
    "funding_hr_pct": 0.00125,
    "open_interest": 35647.69838,
    "cvd_total": 3543.1734900000024,
    "cvd_12bars": -103.46105,
    "long_short_ratio": null
  },
  "ETH": {
    "funding_hr_pct": 0.00125,
    "open_interest": 781911.9466000001,
    "cvd_total": -850.8214000000288,
    "cvd_12bars": 3665.2436,
    "long_short_ratio": null
  }
}