{
  "BTC": {
    "funding_hr_pct": 0.00125,
    "open_interest": 25899.52758,
    "cvd_total": -4910.25648,
    "cvd_12bars": 212.65413,
    "long_short_ratio": null
  },
  "ETH": {
    "funding_hr_pct": 0.00077473,
    "open_interest": 566191.1007999999,
    "cvd_total": -8490.603100000064,
    "cvd_12bars": -2154.9266000000002,
    "long_short_ratio": null
  }
}