{
  "BTC": {
    "funding_hr_pct": -9.166e-05,
    "open_interest": 26505.58924,
    "cvd_total": 9462.81236,
    "cvd_12bars": 253.15722000000002,
    "long_short_ratio": null
  },
  "ETH": {
    "funding_hr_pct": 0.00018704,
    "open_interest": 581188.3823999999,
    "cvd_total": 199764.69169999997,
    "cvd_12bars": -396.86670000000026,
    "long_short_ratio": null
  }
}