{
  "BTC": {
    "funding_hr_pct": -0.00040382,
    "open_interest": 27449.934,
    "cvd_total": -546.6627899999999,
    "cvd_12bars": 676.1887700000001,
    "long_short_ratio": null
  },
  "ETH": {
    "funding_hr_pct": 0.00032565000000000003,
    "open_interest": 521102.2961999998,
    "cvd_total": -103447.69540000001,
    "cvd_12bars": -10724.1276,
    "long_short_ratio": null
  }
}