{
  "BTC": {
    "funding_hr_pct": 0.00034771,
    "open_interest": 27357.35458,
    "cvd_total": -6242.066790000003,
    "cvd_12bars": -80.85343000000009,
    "long_short_ratio": null
  },
  "ETH": {
    "funding_hr_pct": 0.00045639,
    "open_interest": 583042.8464,
    "cvd_total": -11776.402100000001,
    "cvd_12bars": 298.3744000000007,
    "long_short_ratio": null
  }
}