{
  "BTC": {
    "funding_hr_pct": 0.00042587999999999995,
    "open_interest": 25361.74198,
    "cvd_total": -605.1803600000034,
    "cvd_12bars": 1050.6778100000001,
    "long_short_ratio": null
  },
  "ETH": {
    "funding_hr_pct": -0.00016204,
    "open_interest": 543114.6694,
    "cvd_total": -182362.27080000003,
    "cvd_12bars": -5435.1457,
    "long_short_ratio": null
  }
}