{
  "BTC": {
    "funding_hr_pct": -0.0017181899999999999,
    "open_interest": 28421.49152,
    "cvd_total": -2346.6438599999988,
    "cvd_12bars": -135.44401999999997,
    "long_short_ratio": null
  },
  "ETH": {
    "funding_hr_pct": 5.616999999999999e-05,
    "open_interest": 561924.1497999999,
    "cvd_total": -113050.25019999997,
    "cvd_12bars": -2173.9963000000002,
    "long_short_ratio": null
  }
}