{
  "BTC": {
    "funding_hr_pct": -0.00011572999999999999,
    "open_interest": 27024.40486,
    "cvd_total": -379.6608299999993,
    "cvd_12bars": -377.67406,
    "long_short_ratio": null
  },
  "ETH": {
    "funding_hr_pct": -1.7389999999999998e-05,
    "open_interest": 431673.715,
    "cvd_total": 38802.30110000001,
    "cvd_12bars": 5889.9945,
    "long_short_ratio": null
  }
}