{
  "BTC": {
    "funding_hr_pct": -0.00051139,
    "open_interest": 27512.43572,
    "cvd_total": 1044.0225600000017,
    "cvd_12bars": -1011.9298699999998,
    "long_short_ratio": null
  },
  "ETH": {
    "funding_hr_pct": -0.00053119,
    "open_interest": 572799.3166,
    "cvd_total": -22643.542799999992,
    "cvd_12bars": -39258.799600000006,
    "long_short_ratio": null
  }
}