{
  "BTC": {
    "funding_hr_pct": 0.00125,
    "open_interest": 29251.7988,
    "cvd_total": 12707.24885,
    "cvd_12bars": 6685.3063999999995,
    "long_short_ratio": null
  },
  "ETH": {
    "funding_hr_pct": 0.00125,
    "open_interest": 596488.6309999996,
    "cvd_total": 210292.51250000004,
    "cvd_12bars": 104585.58899999999,
    "long_short_ratio": null
  }
}