{
  "BTC": {
    "funding_hr_pct": 0.00125,
    "open_interest": 26868.89876,
    "cvd_total": -11643.679349999999,
    "cvd_12bars": -5454.12576,
    "long_short_ratio": null
  },
  "ETH": {
    "funding_hr_pct": 0.00125,
    "open_interest": 538417.8404000016,
    "cvd_total": -179158.28789999997,
    "cvd_12bars": -99810.6329,
    "long_short_ratio": null
  }
}