{
  "BTC": {
    "funding_hr_pct": 0.00027509,
    "open_interest": 27906.10592,
    "cvd_total": -5732.778909999999,
    "cvd_12bars": -535.9315,
    "long_short_ratio": null
  },
  "ETH": {
    "funding_hr_pct": 0.00030421,
    "open_interest": 577898.4355999996,
    "cvd_total": -10163.062800000007,
    "cvd_12bars": -2394.2889000000005,
    "long_short_ratio": null
  }
}