{
  "BTC": {
    "funding_hr_pct": -0.00110017,
    "open_interest": 27375.80828,
    "cvd_total": 1341.0379400000002,
    "cvd_12bars": -332.26887999999997,
    "long_short_ratio": null
  },
  "ETH": {
    "funding_hr_pct": 0.00125,
    "open_interest": 610442.2250000003,
    "cvd_total": -53024.61200000001,
    "cvd_12bars": 1493.825299999999,
    "long_short_ratio": null
  }
}