{
  "BTC": {
    "funding_hr_pct": 0.00037066,
    "open_interest": 29747.25414,
    "cvd_total": 3690.7020099999986,
    "cvd_12bars": -29.476090000000006,
    "long_short_ratio": null
  },
  "ETH": {
    "funding_hr_pct": 0.00125,
    "open_interest": 646395.2736000001,
    "cvd_total": 132621.2142,
    "cvd_12bars": -2163.7659000000003,
    "long_short_ratio": null
  }
}