{
  "BTC": {
    "funding_hr_pct": -0.00087539,
    "open_interest": 27883.85378,
    "cvd_total": -4698.53797,
    "cvd_12bars": -336.65927999999997,
    "long_short_ratio": null
  },
  "ETH": {
    "funding_hr_pct": -0.00135629,
    "open_interest": 395298.1754000002,
    "cvd_total": -34345.78279999999,
    "cvd_12bars": -3507.9624000000003,
    "long_short_ratio": null
  }
}