{
  "BTC": {
    "funding_hr_pct": 0.00125,
    "open_interest": 39489.7082,
    "cvd_total": -3646.5659600000026,
    "cvd_12bars": 4101.42703,
    "long_short_ratio": null
  },
  "ETH": {
    "funding_hr_pct": 0.00125,
    "open_interest": 957554.0021999992,
    "cvd_total": -207422.7087999999,
    "cvd_12bars": 29943.656100000004,
    "long_short_ratio": null
  }
}