{
  "BTC": {
    "funding_hr_pct": -0.00109852,
    "open_interest": 27592.77306,
    "cvd_total": -9807.427360000003,
    "cvd_12bars": -918.75995,
    "long_short_ratio": null
  },
  "ETH": {
    "funding_hr_pct": -0.00038678,
    "open_interest": 583080.3193999999,
    "cvd_total": -231767.59499999997,
    "cvd_12bars": 9593.643300000002,
    "long_short_ratio": null
  }
}