{
  "BTC": {
    "funding_hr_pct": -0.0018232200000000002,
    "open_interest": 27307.33668,
    "cvd_total": 4781.987799999999,
    "cvd_12bars": 1628.33136,
    "long_short_ratio": null
  },
  "ETH": {
    "funding_hr_pct": -0.00295256,
    "open_interest": 465069.5986000001,
    "cvd_total": -47497.42229999996,
    "cvd_12bars": -10192.281199999996,
    "long_short_ratio": null
  }
}