{
  "BTC": {
    "funding_hr_pct": 0.0001859,
    "open_interest": 27173.81746,
    "cvd_total": 5521.03285,
    "cvd_12bars": 603.8036800000002,
    "long_short_ratio": null
  },
  "ETH": {
    "funding_hr_pct": 0.0012223400000000001,
    "open_interest": 594066.2797999986,
    "cvd_total": -112323.29620000007,
    "cvd_12bars": 3543.566499999999,
    "long_short_ratio": null
  }
}