{
  "BTC": {
    "funding_hr_pct": 0.00125,
    "open_interest": 31653.7061,
    "cvd_total": -5166.771750000002,
    "cvd_12bars": -3054.29012,
    "long_short_ratio": null
  },
  "ETH": {
    "funding_hr_pct": 0.00125,
    "open_interest": 536013.0446000001,
    "cvd_total": -161927.76839999997,
    "cvd_12bars": -14146.6812,
    "long_short_ratio": null
  }
}