{
  "BTC": {
    "funding_hr_pct": -0.0025356099999999998,
    "open_interest": 26650.36842,
    "cvd_total": -3519.0156600000005,
    "cvd_12bars": 132.11512000000002,
    "long_short_ratio": null
  },
  "ETH": {
    "funding_hr_pct": -0.00034168999999999996,
    "open_interest": 556870.1428000004,
    "cvd_total": -97537.10359999996,
    "cvd_12bars": -5779.469199999998,
    "long_short_ratio": null
  }
}