{
  "BTC": {
    "funding_hr_pct": -0.00015889,
    "open_interest": 33529.9616599999,
    "cvd_total": 508.4648299999986,
    "cvd_12bars": 375.47066999999987,
    "long_short_ratio": null
  },
  "ETH": {
    "funding_hr_pct": 0.00070278,
    "open_interest": 675833.561,
    "cvd_total": -185392.77320000005,
    "cvd_12bars": 19611.6329,
    "long_short_ratio": null
  }
}