{
  "BTC": {
    "funding_hr_pct": 0.00043628,
    "open_interest": 28117.54298,
    "cvd_total": 3048.2079399999966,
    "cvd_12bars": -1923.78447,
    "long_short_ratio": null
  },
  "ETH": {
    "funding_hr_pct": 1.712e-05,
    "open_interest": 436991.9828000003,
    "cvd_total": -51502.955400000006,
    "cvd_12bars": -22853.6758,
    "long_short_ratio": null
  }
}