{
  "BTC": {
    "funding_hr_pct": 0.00125,
    "open_interest": 38267.4681,
    "cvd_total": -2819.2410899999977,
    "cvd_12bars": 1186.82839,
    "long_short_ratio": null
  },
  "ETH": {
    "funding_hr_pct": 0.00125,
    "open_interest": 803822.3856000002,
    "cvd_total": -25782.818999999967,
    "cvd_12bars": 1918.4631999999997,
    "long_short_ratio": null
  }
}