{
  "BTC": {
    "funding_hr_pct": 0.00086408,
    "open_interest": 27709.22082,
    "cvd_total": -4225.002429999999,
    "cvd_12bars": 1159.5110999999997,
    "long_short_ratio": null
  },
  "ETH": {
    "funding_hr_pct": 0.0011105099999999999,
    "open_interest": 572580.1917999999,
    "cvd_total": -104627.62870000003,
    "cvd_12bars": 19475.7218,
    "long_short_ratio": null
  }
}