{
  "BTC": {
    "funding_hr_pct": 0.0005388,
    "open_interest": 27223.54366,
    "cvd_total": 3553.4547999999995,
    "cvd_12bars": -282.7185500000001,
    "long_short_ratio": null
  },
  "ETH": {
    "funding_hr_pct": 0.0009081400000000001,
    "open_interest": 560753.8838,
    "cvd_total": 60446.60189999999,
    "cvd_12bars": -6759.165800000001,
    "long_short_ratio": null
  }
}