{
  "BTC": {
    "funding_hr_pct": 0.00091956,
    "open_interest": 27692.20148,
    "cvd_total": -4087.9321,
    "cvd_12bars": -569.83511,
    "long_short_ratio": null
  },
  "ETH": {
    "funding_hr_pct": -0.00039818,
    "open_interest": 575198.1205999997,
    "cvd_total": 7061.415199999999,
    "cvd_12bars": 2827.404899999999,
    "long_short_ratio": null
  }
}