{
  "BTC": {
    "funding_hr_pct": 0.00121907,
    "open_interest": 33882.88472,
    "cvd_total": -202.9113800000008,
    "cvd_12bars": -160.15046999999998,
    "long_short_ratio": null
  },
  "ETH": {
    "funding_hr_pct": -0.00056532,
    "open_interest": 718043.2146,
    "cvd_total": 112022.22419999992,
    "cvd_12bars": 19129.265399999997,
    "long_short_ratio": null
  }
}