{
  "BTC": {
    "funding_hr_pct": -9.051e-05,
    "open_interest": 29338.0084,
    "cvd_total": 5027.66812,
    "cvd_12bars": -203.57664,
    "long_short_ratio": null
  },
  "ETH": {
    "funding_hr_pct": 0.00125,
    "open_interest": 514146.8598,
    "cvd_total": 9573.101999999997,
    "cvd_12bars": 998.8810000000002,
    "long_short_ratio": null
  }
}