{
  "BTC": {
    "funding_hr_pct": -0.00027948,
    "open_interest": 29238.29934,
    "cvd_total": 5671.130000000002,
    "cvd_12bars": -118.21329000000003,
    "long_short_ratio": null
  },
  "ETH": {
    "funding_hr_pct": 0.00125,
    "open_interest": 512445.4626,
    "cvd_total": 13424.990000000002,
    "cvd_12bars": 2447.7633,
    "long_short_ratio": null
  }
}