{
  "BTC": {
    "funding_hr_pct": -0.0005298,
    "open_interest": 27623.76414,
    "cvd_total": 615.6956799999996,
    "cvd_12bars": -166.35111999999992,
    "long_short_ratio": null
  },
  "ETH": {
    "funding_hr_pct": -0.00047305,
    "open_interest": 604930.4702000001,
    "cvd_total": -69552.9656,
    "cvd_12bars": 964.7482000000008,
    "long_short_ratio": null
  }
}