{
  "BTC": {
    "funding_hr_pct": 0.00037372,
    "open_interest": 25173.27364,
    "cvd_total": 8793.159339999998,
    "cvd_12bars": -135.2478200000001,
    "long_short_ratio": null
  },
  "ETH": {
    "funding_hr_pct": 0.00055488,
    "open_interest": 553144.2032,
    "cvd_total": 23038.54360000001,
    "cvd_12bars": 3464.2943000000005,
    "long_short_ratio": null
  }
}