{
  "BTC": {
    "funding_hr_pct": 0.00125,
    "open_interest": 25313.99112,
    "cvd_total": 4800.15672,
    "cvd_12bars": -1334.21851,
    "long_short_ratio": null
  },
  "ETH": {
    "funding_hr_pct": 0.00125,
    "open_interest": 604618.9124000003,
    "cvd_total": 81220.1445,
    "cvd_12bars": -4499.424799999997,
    "long_short_ratio": null
  }
}