{
  "BTC": {
    "funding_hr_pct": 0.00038345999999999996,
    "open_interest": 36077.53486,
    "cvd_total": 9153.326209999997,
    "cvd_12bars": -91.63843999999989,
    "long_short_ratio": null
  },
  "ETH": {
    "funding_hr_pct": 0.00125,
    "open_interest": 1007463.5313999999,
    "cvd_total": 95683.6327000001,
    "cvd_12bars": -22757.340399999997,
    "long_short_ratio": null
  }
}