{
  "BTC": {
    "funding_hr_pct": 0.00125,
    "open_interest": 36924.69454,
    "cvd_total": 4818.4744900000005,
    "cvd_12bars": -20.460429999999924,
    "long_short_ratio": null
  },
  "ETH": {
    "funding_hr_pct": 0.00079533,
    "open_interest": 1035800.7772,
    "cvd_total": -10559.950399999965,
    "cvd_12bars": -47888.8672,
    "long_short_ratio": null
  }
}