{
  "BTC": {
    "funding_hr_pct": 0.00125,
    "open_interest": 29841.85196,
    "cvd_total": 2212.611210000002,
    "cvd_12bars": 527.0669300000001,
    "long_short_ratio": null
  },
  "ETH": {
    "funding_hr_pct": 0.00125,
    "open_interest": 640079.5689999998,
    "cvd_total": 107256.4714,
    "cvd_12bars": 6970.1402,
    "long_short_ratio": null
  }
}