{
  "BTC": {
    "funding_hr_pct": -0.00126056,
    "open_interest": 28738.91512,
    "cvd_total": -9560.278900000001,
    "cvd_12bars": 759.6367299999998,
    "long_short_ratio": null
  },
  "ETH": {
    "funding_hr_pct": -0.00028984000000000003,
    "open_interest": 584862.0380000001,
    "cvd_total": -200771.32740000004,
    "cvd_12bars": 9365.555900000001,
    "long_short_ratio": null
  }
}