{
  "BTC": {
    "funding_hr_pct": 0.00035218,
    "open_interest": 27464.80378,
    "cvd_total": 4148.685629999999,
    "cvd_12bars": 699.85532,
    "long_short_ratio": null
  },
  "ETH": {
    "funding_hr_pct": 0.00125,
    "open_interest": 569149.2428000001,
    "cvd_total": 59749.96789999999,
    "cvd_12bars": -9553.0544,
    "long_short_ratio": null
  }
}