{
  "BTC": {
    "funding_hr_pct": -0.00125257,
    "open_interest": 27820.89082,
    "cvd_total": 531.3113799999995,
    "cvd_12bars": -2369.7240699999998,
    "long_short_ratio": null
  },
  "ETH": {
    "funding_hr_pct": -0.00250117,
    "open_interest": 458668.9154000003,
    "cvd_total": -79886.30219999999,
    "cvd_12bars": -66768.3376,
    "long_short_ratio": null
  }
}