{
  "BTC": {
    "funding_hr_pct": 0.00075352,
    "open_interest": 26491.36896,
    "cvd_total": -9934.934330000006,
    "cvd_12bars": -1081.93162,
    "long_short_ratio": null
  },
  "ETH": {
    "funding_hr_pct": 0.00088129,
    "open_interest": 579357.3448000003,
    "cvd_total": -73500.84230000002,
    "cvd_12bars": -14439.982499999995,
    "long_short_ratio": null
  }
}