{
  "BTC": {
    "funding_hr_pct": -0.00041788999999999997,
    "open_interest": 28233.54892,
    "cvd_total": 18939.710709999992,
    "cvd_12bars": 540.1924300000002,
    "long_short_ratio": null
  },
  "ETH": {
    "funding_hr_pct": 2.331e-05,
    "open_interest": 594592.7030000001,
    "cvd_total": 249096.0484000001,
    "cvd_12bars": -6057.201599999999,
    "long_short_ratio": null
  }
}