{
  "BTC": {
    "funding_hr_pct": -0.00025864,
    "open_interest": 27894.17238,
    "cvd_total": 4018.6612499999997,
    "cvd_12bars": 638.3320599999998,
    "long_short_ratio": null
  },
  "ETH": {
    "funding_hr_pct": 0.0008402,
    "open_interest": 546998.168000001,
    "cvd_total": -23767.550100000015,
    "cvd_12bars": -50508.5343,
    "long_short_ratio": null
  }
}