{
  "BTC": {
    "funding_hr_pct": 0.00059749,
    "open_interest": 27769.57132,
    "cvd_total": 1985.1379800000013,
    "cvd_12bars": 4708.175359999999,
    "long_short_ratio": null
  },
  "ETH": {
    "funding_hr_pct": 0.00125,
    "open_interest": 575163.6012000005,
    "cvd_total": 1916.318400000017,
    "cvd_12bars": 34184.8146,
    "long_short_ratio": null
  }
}