{
  "BTC": {
    "funding_hr_pct": 0.00125,
    "open_interest": 35366.28182,
    "cvd_total": 7478.763570000003,
    "cvd_12bars": 8834.774360000001,
    "long_short_ratio": null
  },
  "ETH": {
    "funding_hr_pct": 0.00125,
    "open_interest": 910925.3802,
    "cvd_total": -4686.092199999955,
    "cvd_12bars": 47593.268699999986,
    "long_short_ratio": null
  }
}