{
  "BTC": {
    "funding_hr_pct": 0.00010827,
    "open_interest": 27158.70844,
    "cvd_total": 23.40383000000046,
    "cvd_12bars": -145.78169,
    "long_short_ratio": null
  },
  "ETH": {
    "funding_hr_pct": -0.00017281,
    "open_interest": 431402.5693999999,
    "cvd_total": 2000.4597000000026,
    "cvd_12bars": -1333.4232,
    "long_short_ratio": null
  }
}