{
  "BTC": {
    "funding_hr_pct": -0.0018536100000000001,
    "open_interest": 26979.91182,
    "cvd_total": 1750.4906399999984,
    "cvd_12bars": 3178.07556,
    "long_short_ratio": null
  },
  "ETH": {
    "funding_hr_pct": -0.0007118199999999999,
    "open_interest": 580025.3140000002,
    "cvd_total": -111116.27350000004,
    "cvd_12bars": 6393.9800000000005,
    "long_short_ratio": null
  }
}