{
  "BTC": {
    "funding_hr_pct": -0.0010799,
    "open_interest": 27386.53946,
    "cvd_total": 1786.3987100000018,
    "cvd_12bars": -91.51104000000001,
    "long_short_ratio": null
  },
  "ETH": {
    "funding_hr_pct": 0.00048593999999999997,
    "open_interest": 563915.4566,
    "cvd_total": -10240.310399999997,
    "cvd_12bars": -28617.695900000006,
    "long_short_ratio": null
  }
}