{
  "BTC": {
    "funding_hr_pct": 0.00083843,
    "open_interest": 36702.7668200001,
    "cvd_total": 4808.170539999999,
    "cvd_12bars": -2009.6763300000002,
    "long_short_ratio": null
  },
  "ETH": {
    "funding_hr_pct": 3.41e-05,
    "open_interest": 1042053.0479999977,
    "cvd_total": -15360.32219999996,
    "cvd_12bars": -63838.715400000016,
    "long_short_ratio": null
  }
}