{
  "BTC": {
    "funding_hr_pct": 0.00125,
    "open_interest": 26626.53528,
    "cvd_total": -9068.96163,
    "cvd_12bars": -357.6435800000001,
    "long_short_ratio": null
  },
  "ETH": {
    "funding_hr_pct": -0.00059034,
    "open_interest": 577697.4549999998,
    "cvd_total": -130655.25769999994,
    "cvd_12bars": 7394.574499999998,
    "long_short_ratio": null
  }
}