{
  "BTC": {
    "funding_hr_pct": 9.569000000000001e-05,
    "open_interest": 38034.7454599999,
    "cvd_total": 1310.61022,
    "cvd_12bars": -189.53356999999988,
    "long_short_ratio": null
  },
  "ETH": {
    "funding_hr_pct": 0.00125,
    "open_interest": 1027646.1564000002,
    "cvd_total": -74393.31350000003,
    "cvd_12bars": -12104.847999999998,
    "long_short_ratio": null
  }
}