{
  "BTC": {
    "funding_hr_pct": 0.00012738,
    "open_interest": 32144.27816,
    "cvd_total": 12992.871710000003,
    "cvd_12bars": -1287.67206,
    "long_short_ratio": null
  },
  "ETH": {
    "funding_hr_pct": -0.00018562,
    "open_interest": 699360.6365999999,
    "cvd_total": 164995.6349,
    "cvd_12bars": -23556.2273,
    "long_short_ratio": null
  }
}