{
  "BTC": {
    "funding_hr_pct": -0.00053648,
    "open_interest": 27919.7879,
    "cvd_total": 5686.3215199999995,
    "cvd_12bars": -269.67805999999996,
    "long_short_ratio": null
  },
  "ETH": {
    "funding_hr_pct": -0.0018614299999999999,
    "open_interest": 390227.7268000002,
    "cvd_total": 882.5214000000051,
    "cvd_12bars": 3161.3841,
    "long_short_ratio": null
  }
}