{
  "BTC": {
    "funding_hr_pct": -0.0008642500000000001,
    "open_interest": 26061.56206,
    "cvd_total": 1947.1512700000033,
    "cvd_12bars": -1212.3370400000001,
    "long_short_ratio": null
  },
  "ETH": {
    "funding_hr_pct": -0.00122225,
    "open_interest": 429239.5008000005,
    "cvd_total": 16586.967799999973,
    "cvd_12bars": -16174.1201,
    "long_short_ratio": null
  }
}