{
  "BTC": {
    "funding_hr_pct": 0.00125,
    "open_interest": 29059.62428,
    "cvd_total": 1667.2998400000006,
    "cvd_12bars": -408.7472000000001,
    "long_short_ratio": null
  },
  "ETH": {
    "funding_hr_pct": 0.00125,
    "open_interest": 602617.8698000001,
    "cvd_total": -12508.296399999996,
    "cvd_12bars": 1443.9285,
    "long_short_ratio": null
  }
}