{
  "BTC": {
    "funding_hr_pct": -0.0010855,
    "open_interest": 27552.5049,
    "cvd_total": -5602.268130000002,
    "cvd_12bars": -88.10468,
    "long_short_ratio": null
  },
  "ETH": {
    "funding_hr_pct": 0.00125,
    "open_interest": 585048.0341999998,
    "cvd_total": -70496.4112,
    "cvd_12bars": -3146.9896,
    "long_short_ratio": null
  }
}