{
  "BTC": {
    "funding_hr_pct": 0.0001102,
    "open_interest": 28397.6692,
    "cvd_total": -3536.8656100000017,
    "cvd_12bars": -496.70689,
    "long_short_ratio": null
  },
  "ETH": {
    "funding_hr_pct": 0.00045414999999999995,
    "open_interest": 561898.1171999997,
    "cvd_total": -141733.65040000007,
    "cvd_12bars": -10719.3009,
    "long_short_ratio": null
  }
}