{
  "BTC": {
    "funding_hr_pct": 0.00028402,
    "open_interest": 25061.37156,
    "cvd_total": -6624.63357,
    "cvd_12bars": -2463.68866,
    "long_short_ratio": null
  },
  "ETH": {
    "funding_hr_pct": 0.00083115,
    "open_interest": 569645.9387999997,
    "cvd_total": -104234.9519,
    "cvd_12bars": -11980.085099999997,
    "long_short_ratio": null
  }
}