{
  "BTC": {
    "funding_hr_pct": -0.00119917,
    "open_interest": 27351.65506,
    "cvd_total": 1756.1716600000013,
    "cvd_12bars": -246.53843999999992,
    "long_short_ratio": null
  },
  "ETH": {
    "funding_hr_pct": -0.0024618,
    "open_interest": 456814.2716000002,
    "cvd_total": -76586.25380000006,
    "cvd_12bars": -13869.576399999998,
    "long_short_ratio": null
  }
}