{
  "BTC": {
    "funding_hr_pct": -0.00136201,
    "open_interest": 27779.4564,
    "cvd_total": 6334.5985599999985,
    "cvd_12bars": 895.8061399999998,
    "long_short_ratio": null
  },
  "ETH": {
    "funding_hr_pct": 0.00062011,
    "open_interest": 589718.7488000002,
    "cvd_total": 86965.95809999999,
    "cvd_12bars": 7219.4992999999995,
    "long_short_ratio": null
  }
}