{
  "BTC": {
    "funding_hr_pct": 0.00034749,
    "open_interest": 26918.20358,
    "cvd_total": 10297.644460000001,
    "cvd_12bars": -571.4437700000001,
    "long_short_ratio": null
  },
  "ETH": {
    "funding_hr_pct": 0.00125,
    "open_interest": 586004.1501999999,
    "cvd_total": 245722.2759999999,
    "cvd_12bars": 3340.495799999999,
    "long_short_ratio": null
  }
}