{
  "BTC": {
    "funding_hr_pct": 0.0011709700000000001,
    "open_interest": 36739.05892,
    "cvd_total": 7522.534340000001,
    "cvd_12bars": 2813.82187,
    "long_short_ratio": null
  },
  "ETH": {
    "funding_hr_pct": 0.00125,
    "open_interest": 1036092.1858,
    "cvd_total": 102927.15480000002,
    "cvd_12bars": 44099.9514,
    "long_short_ratio": null
  }
}