{
  "BTC": {
    "funding_hr_pct": 0.00125,
    "open_interest": 29011.14508,
    "cvd_total": -2943.5274999999997,
    "cvd_12bars": -221.07772000000003,
    "long_short_ratio": null
  },
  "ETH": {
    "funding_hr_pct": 0.00125,
    "open_interest": 593682.9452000001,
    "cvd_total": -62722.74809999997,
    "cvd_12bars": -11951.181900000001,
    "long_short_ratio": null
  }
}