{
  "BTC": {
    "funding_hr_pct": 0.00125,
    "open_interest": 34195.27724,
    "cvd_total": 4131.59453,
    "cvd_12bars": 1166.1783500000001,
    "long_short_ratio": null
  },
  "ETH": {
    "funding_hr_pct": 0.00125,
    "open_interest": 789648.2632,
    "cvd_total": 108202.01480000003,
    "cvd_12bars": 61164.5385,
    "long_short_ratio": null
  }
}