{
  "BTC": {
    "funding_hr_pct": -0.00087491,
    "open_interest": 29060.73162,
    "cvd_total": 7623.946590000002,
    "cvd_12bars": -1139.7211,
    "long_short_ratio": null
  },
  "ETH": {
    "funding_hr_pct": 0.00043531,
    "open_interest": 569703.1455999998,
    "cvd_total": 93256.9299,
    "cvd_12bars": -17024.898,
    "long_short_ratio": null
  }
}