{
  "BTC": {
    "funding_hr_pct": 0.00113465,
    "open_interest": 27179.66946,
    "cvd_total": 653.5299100000002,
    "cvd_12bars": -139.80777999999995,
    "long_short_ratio": null
  },
  "ETH": {
    "funding_hr_pct": 0.00023443999999999998,
    "open_interest": 433132.1188000001,
    "cvd_total": 31868.269199999995,
    "cvd_12bars": 713.981,
    "long_short_ratio": null
  }
}