{
  "BTC": {
    "funding_hr_pct": 0.00125,
    "open_interest": 31951.792,
    "cvd_total": -5656.75007,
    "cvd_12bars": 225.5096600000001,
    "long_short_ratio": null
  },
  "ETH": {
    "funding_hr_pct": 0.00070668,
    "open_interest": 533691.2444000004,
    "cvd_total": -142846.56869999992,
    "cvd_12bars": 3776.998199999999,
    "long_short_ratio": null
  }
}