{
  "BTC": {
    "funding_hr_pct": 0.00125,
    "open_interest": 37386.68484,
    "cvd_total": 1814.2165400000001,
    "cvd_12bars": -14.639639999999986,
    "long_short_ratio": null
  },
  "ETH": {
    "funding_hr_pct": 0.00125,
    "open_interest": 807911.6684000005,
    "cvd_total": -13987.530499999988,
    "cvd_12bars": -4446.184700000001,
    "long_short_ratio": null
  }
}