{
  "BTC": {
    "funding_hr_pct": -0.00026493,
    "open_interest": 27785.46958,
    "cvd_total": -633.8804499999999,
    "cvd_12bars": -525.5878700000001,
    "long_short_ratio": null
  },
  "ETH": {
    "funding_hr_pct": 6.952e-05,
    "open_interest": 527710.9356000001,
    "cvd_total": -88299.77600000001,
    "cvd_12bars": -10727.461600000002,
    "long_short_ratio": null
  }
}