{
  "BTC": {
    "funding_hr_pct": -0.00027407,
    "open_interest": 27366.058,
    "cvd_total": 3758.3161200000004,
    "cvd_12bars": -1250.24258,
    "long_short_ratio": null
  },
  "ETH": {
    "funding_hr_pct": -0.0008243800000000001,
    "open_interest": 595070.3717999997,
    "cvd_total": -66405.77200000003,
    "cvd_12bars": 20361.901700000002,
    "long_short_ratio": null
  }
}