{
  "BTC": {
    "funding_hr_pct": -0.00072146,
    "open_interest": 27684.95918,
    "cvd_total": -4288.491259999999,
    "cvd_12bars": 290.30444,
    "long_short_ratio": null
  },
  "ETH": {
    "funding_hr_pct": -0.0020682,
    "open_interest": 456596.4784,
    "cvd_total": -138260.3068,
    "cvd_12bars": -12600.541199999996,
    "long_short_ratio": null
  }
}