{
  "BTC": {
    "funding_hr_pct": 0.00059748,
    "open_interest": 26159.6629,
    "cvd_total": -1016.8047800000003,
    "cvd_12bars": 483.11267,
    "long_short_ratio": null
  },
  "ETH": {
    "funding_hr_pct": 0.00055529,
    "open_interest": 565128.3698000001,
    "cvd_total": -810.8602000000049,
    "cvd_12bars": 15234.261199999999,
    "long_short_ratio": null
  }
}