{
  "BTC": {
    "funding_hr_pct": 0.00087315,
    "open_interest": 27822.05776,
    "cvd_total": 8009.057179999997,
    "cvd_12bars": 3219.47217,
    "long_short_ratio": null
  },
  "ETH": {
    "funding_hr_pct": 0.00125,
    "open_interest": 583192.9967999994,
    "cvd_total": 111875.5752,
    "cvd_12bars": 50114.298500000004,
    "long_short_ratio": null
  }
}