{
  "BTC": {
    "funding_hr_pct": 0.00125,
    "open_interest": 36096.1297599999,
    "cvd_total": -1734.69258,
    "cvd_12bars": 534.7549899999998,
    "long_short_ratio": null
  },
  "ETH": {
    "funding_hr_pct": 0.00125,
    "open_interest": 709187.3223999998,
    "cvd_total": 79994.9993,
    "cvd_12bars": 4496.533100000001,
    "long_short_ratio": null
  }
}