{
  "BTC": {
    "funding_hr_pct": -0.00035552,
    "open_interest": 31531.48746,
    "cvd_total": 75.20949999999985,
    "cvd_12bars": -1777.2860999999998,
    "long_short_ratio": null
  },
  "ETH": {
    "funding_hr_pct": -0.00080103,
    "open_interest": 524972.0793999999,
    "cvd_total": -74774.25160000005,
    "cvd_12bars": -20534.239100000003,
    "long_short_ratio": null
  }
}