{
  "BTC": {
    "funding_hr_pct": -0.00044661999999999995,
    "open_interest": 26419.99306,
    "cvd_total": -2187.6740800000002,
    "cvd_12bars": 1065.5149500000002,
    "long_short_ratio": null
  },
  "ETH": {
    "funding_hr_pct": 0.00094254,
    "open_interest": 489427.9968000005,
    "cvd_total": -58879.887100000036,
    "cvd_12bars": 47242.153699999995,
    "long_short_ratio": null
  }
}