{
  "BTC": {
    "funding_hr_pct": 0.00125,
    "open_interest": 36684.0768,
    "cvd_total": 14467.798820000002,
    "cvd_12bars": -1098.77098,
    "long_short_ratio": null
  },
  "ETH": {
    "funding_hr_pct": 0.00125,
    "open_interest": 921115.6571999992,
    "cvd_total": 94403.41520000002,
    "cvd_12bars": -1249.7929999999988,
    "long_short_ratio": null
  }
}