{
  "BTC": {
    "funding_hr_pct": 0.00033379,
    "open_interest": 27708.65878,
    "cvd_total": -5205.4309699999985,
    "cvd_12bars": -429.51655999999997,
    "long_short_ratio": null
  },
  "ETH": {
    "funding_hr_pct": -2.5960000000000002e-05,
    "open_interest": 573384.5582,
    "cvd_total": -1328.0127000000057,
    "cvd_12bars": -639.0094000000007,
    "long_short_ratio": null
  }
}