{
  "BTC": {
    "funding_hr_pct": -0.00064735,
    "open_interest": 27420.37556,
    "cvd_total": -2411.3832899999998,
    "cvd_12bars": -570.42184,
    "long_short_ratio": null
  },
  "ETH": {
    "funding_hr_pct": 0.00062713,
    "open_interest": 489843.5443999998,
    "cvd_total": -57019.87520000004,
    "cvd_12bars": 20874.821600000003,
    "long_short_ratio": null
  }
}