{
  "BTC": {
    "funding_hr_pct": 0.0006557500000000001,
    "open_interest": 30380.05682,
    "cvd_total": -1523.2125600000013,
    "cvd_12bars": -6668.674059999999,
    "long_short_ratio": null
  },
  "ETH": {
    "funding_hr_pct": 0.0008539800000000001,
    "open_interest": 760764.0732000002,
    "cvd_total": -39319.95039999999,
    "cvd_12bars": -36217.3591,
    "long_short_ratio": null
  }
}