{
  "BTC": {
    "funding_hr_pct": 0.00125,
    "open_interest": 27843.16734,
    "cvd_total": -2055.9345599999992,
    "cvd_12bars": 3260.76799,
    "long_short_ratio": null
  },
  "ETH": {
    "funding_hr_pct": 0.0009213699999999999,
    "open_interest": 569339.7204000002,
    "cvd_total": -81954.20260000002,
    "cvd_12bars": 41738.5259,
    "long_short_ratio": null
  }
}