{
  "BTC": {
    "funding_hr_pct": -6.915e-05,
    "open_interest": 29487.41154,
    "cvd_total": 6593.399970000002,
    "cvd_12bars": 50.26125000000003,
    "long_short_ratio": null
  },
  "ETH": {
    "funding_hr_pct": 0.00125,
    "open_interest": 551374.4446000002,
    "cvd_total": 37482.016299999996,
    "cvd_12bars": -2439.7437,
    "long_short_ratio": null
  }
}