{
  "BTC": {
    "funding_hr_pct": 0.00066751,
    "open_interest": 26452.36778,
    "cvd_total": 29.902919999999696,
    "cvd_12bars": 125.12776000000001,
    "long_short_ratio": null
  },
  "ETH": {
    "funding_hr_pct": 0.00056817,
    "open_interest": 571366.8706000005,
    "cvd_total": 23618.818699999996,
    "cvd_12bars": 5499.2846,
    "long_short_ratio": null
  }
}