{
  "BTC": {
    "funding_hr_pct": -0.00212417,
    "open_interest": 28526.22404,
    "cvd_total": -8129.470739999998,
    "cvd_12bars": -1331.6144599999998,
    "long_short_ratio": null
  },
  "ETH": {
    "funding_hr_pct": 2.584e-05,
    "open_interest": 548906.0624000005,
    "cvd_total": -94064.18029999998,
    "cvd_12bars": -19082.2158,
    "long_short_ratio": null
  }
}