{
  "BTC": {
    "funding_hr_pct": 0.00125,
    "open_interest": 36192.098,
    "cvd_total": -127.16714000000133,
    "cvd_12bars": -783.31382,
    "long_short_ratio": null
  },
  "ETH": {
    "funding_hr_pct": 0.00125,
    "open_interest": 927103.8197999976,
    "cvd_total": -8043.54890000004,
    "cvd_12bars": -39336.845799999996,
    "long_short_ratio": null
  }
}