{
  "BTC": {
    "funding_hr_pct": 0.00093443,
    "open_interest": 26988.91204,
    "cvd_total": 3890.5661600000003,
    "cvd_12bars": 623.1502099999999,
    "long_short_ratio": null
  },
  "ETH": {
    "funding_hr_pct": 0.00125,
    "open_interest": 559804.2401999999,
    "cvd_total": 72410.75099999999,
    "cvd_12bars": 3379.309300000001,
    "long_short_ratio": null
  }
}