{
  "BTC": {
    "funding_hr_pct": 0.00036036,
    "open_interest": 35091.1753799999,
    "cvd_total": 2352.27302,
    "cvd_12bars": 92.02142000000005,
    "long_short_ratio": null
  },
  "ETH": {
    "funding_hr_pct": 0.00125,
    "open_interest": 751735.4760000004,
    "cvd_total": 115888.94610000002,
    "cvd_12bars": 10857.7726,
    "long_short_ratio": null
  }
}