{
  "BTC": {
    "funding_hr_pct": 0.00037423,
    "open_interest": 37598.91388,
    "cvd_total": 971.6155399999997,
    "cvd_12bars": -185.68642000000006,
    "long_short_ratio": null
  },
  "ETH": {
    "funding_hr_pct": 0.00125,
    "open_interest": 1002145.6522000001,
    "cvd_total": 42456.13909999999,
    "cvd_12bars": -7074.487500000001,
    "long_short_ratio": null
  }
}