{
  "BTC": {
    "funding_hr_pct": 0.00125,
    "open_interest": 37186.99826,
    "cvd_total": 2220.67636,
    "cvd_12bars": 380.68321999999984,
    "long_short_ratio": null
  },
  "ETH": {
    "funding_hr_pct": 0.0005346400000000001,
    "open_interest": 1020817.3758000003,
    "cvd_total": -109993.70220000001,
    "cvd_12bars": 5886.190000000005,
    "long_short_ratio": null
  }
}