{
  "BTC": {
    "funding_hr_pct": 0.00106282,
    "open_interest": 36636.0473800001,
    "cvd_total": 8617.303239999997,
    "cvd_12bars": 1153.58328,
    "long_short_ratio": null
  },
  "ETH": {
    "funding_hr_pct": 0.00125,
    "open_interest": 1037780.6802000005,
    "cvd_total": 122259.26230000002,
    "cvd_12bars": -6738.387600000001,
    "long_short_ratio": null
  }
}