{
  "BTC": {
    "funding_hr_pct": -0.00130316,
    "open_interest": 26440.02498,
    "cvd_total": -1010.7237400000006,
    "cvd_12bars": -1011.0503800000001,
    "long_short_ratio": null
  },
  "ETH": {
    "funding_hr_pct": -0.00053434,
    "open_interest": 564171.1036000004,
    "cvd_total": 12756.335400000018,
    "cvd_12bars": -3067.4709999999995,
    "long_short_ratio": null
  }
}