{
  "BTC": {
    "funding_hr_pct": 0.00021967000000000002,
    "open_interest": 27441.38596,
    "cvd_total": -3048.396709999998,
    "cvd_12bars": -941.1261800000001,
    "long_short_ratio": null
  },
  "ETH": {
    "funding_hr_pct": -0.0022510900000000003,
    "open_interest": 456236.8839999999,
    "cvd_total": -147245.59429999988,
    "cvd_12bars": -2788.7086000000004,
    "long_short_ratio": null
  }
}