{
  "BTC": {
    "funding_hr_pct": -0.0010066300000000001,
    "open_interest": 30497.58832,
    "cvd_total": 7480.04995,
    "cvd_12bars": 4806.21851,
    "long_short_ratio": null
  },
  "ETH": {
    "funding_hr_pct": 0.00081545,
    "open_interest": 502835.0689999998,
    "cvd_total": 88690.4512,
    "cvd_12bars": 50524.431,
    "long_short_ratio": null
  }
}