{
  "BTC": {
    "funding_hr_pct": -0.00055809,
    "open_interest": 26342.8814999999,
    "cvd_total": 1930.9549200000013,
    "cvd_12bars": 2238.5890600000002,
    "long_short_ratio": null
  },
  "ETH": {
    "funding_hr_pct": 0.0010285700000000001,
    "open_interest": 555386.3125999995,
    "cvd_total": -42751.85979999999,
    "cvd_12bars": 30075.853499999994,
    "long_short_ratio": null
  }
}