{
  "BTC": {
    "funding_hr_pct": -0.00060159,
    "open_interest": 28452.73158,
    "cvd_total": -5523.239230000001,
    "cvd_12bars": -844.95233,
    "long_short_ratio": null
  },
  "ETH": {
    "funding_hr_pct": 0.00014409,
    "open_interest": 556574.846,
    "cvd_total": -170223.2309,
    "cvd_12bars": -3371.991600000001,
    "long_short_ratio": null
  }
}