{
  "BTC": {
    "funding_hr_pct": 0.00125,
    "open_interest": 40204.5226,
    "cvd_total": -9837.315100000005,
    "cvd_12bars": 677.09409,
    "long_short_ratio": null
  },
  "ETH": {
    "funding_hr_pct": 0.00125,
    "open_interest": 957585.3114000008,
    "cvd_total": -178296.54999999996,
    "cvd_12bars": -6793.1585,
    "long_short_ratio": null
  }
}