{
  "BTC": {
    "funding_hr_pct": 0.00125,
    "open_interest": 37239.52074,
    "cvd_total": -3035.2575199999997,
    "cvd_12bars": -732.8126700000001,
    "long_short_ratio": null
  },
  "ETH": {
    "funding_hr_pct": 0.00125,
    "open_interest": 807121.2542000001,
    "cvd_total": 46401.87850000001,
    "cvd_12bars": -8373.951300000002,
    "long_short_ratio": null
  }
}