{
  "BTC": {
    "funding_hr_pct": 0.00125,
    "open_interest": 36681.90906,
    "cvd_total": 4030.7257099999974,
    "cvd_12bars": -2554.6723,
    "long_short_ratio": null
  },
  "ETH": {
    "funding_hr_pct": 0.00125,
    "open_interest": 1056200.1051999999,
    "cvd_total": 44019.40020000001,
    "cvd_12bars": 19191.584799999997,
    "long_short_ratio": null
  }
}