{
  "BTC": {
    "funding_hr_pct": -0.0011599,
    "open_interest": 28301.08912,
    "cvd_total": -1954.78682,
    "cvd_12bars": -808.1605299999999,
    "long_short_ratio": null
  },
  "ETH": {
    "funding_hr_pct": 0.00021542,
    "open_interest": 514034.4842000003,
    "cvd_total": -138540.22229999996,
    "cvd_12bars": -26999.348199999997,
    "long_short_ratio": null
  }
}