{
  "BTC": {
    "funding_hr_pct": 0.00010853,
    "open_interest": 27877.2354,
    "cvd_total": 7176.423160000005,
    "cvd_12bars": -1861.17983,
    "long_short_ratio": null
  },
  "ETH": {
    "funding_hr_pct": 0.0005673200000000001,
    "open_interest": 571463.7895999987,
    "cvd_total": 85471.1544,
    "cvd_12bars": -27833.1708,
    "long_short_ratio": null
  }
}