{
  "BTC": {
    "funding_hr_pct": 6.795e-05,
    "open_interest": 27286.65066,
    "cvd_total": -7258.268899999998,
    "cvd_12bars": 443.4827299999999,
    "long_short_ratio": null
  },
  "ETH": {
    "funding_hr_pct": 0.00125,
    "open_interest": 587720.8247999998,
    "cvd_total": -230946.66729999997,
    "cvd_12bars": 29582.319899999995,
    "long_short_ratio": null
  }
}