{
  "BTC": {
    "funding_hr_pct": -0.0017765,
    "open_interest": 26726.96654,
    "cvd_total": -1804.871489999997,
    "cvd_12bars": -391.43142,
    "long_short_ratio": null
  },
  "ETH": {
    "funding_hr_pct": -0.0007973699999999999,
    "open_interest": 560235.3564,
    "cvd_total": -100179.72430000002,
    "cvd_12bars": -34951.27300000001,
    "long_short_ratio": null
  }
}