{
  "BTC": {
    "funding_hr_pct": 0.00125,
    "open_interest": 35952.52906,
    "cvd_total": -3245.6987199999985,
    "cvd_12bars": -588.70382,
    "long_short_ratio": null
  },
  "ETH": {
    "funding_hr_pct": 0.00125,
    "open_interest": 889961.2179999988,
    "cvd_total": -95131.63509999996,
    "cvd_12bars": 6311.173099999997,
    "long_short_ratio": null
  }
}