{
  "BTC": {
    "funding_hr_pct": -0.0010747600000000001,
    "open_interest": 27543.03514,
    "cvd_total": 17078.789749999985,
    "cvd_12bars": -625.4823100000001,
    "long_short_ratio": null
  },
  "ETH": {
    "funding_hr_pct": -0.0015842299999999998,
    "open_interest": 497078.7622,
    "cvd_total": 169227.44730000012,
    "cvd_12bars": -3040.2148999999995,
    "long_short_ratio": null
  }
}