{
  "BTC": {
    "funding_hr_pct": 0.00021052,
    "open_interest": 32846.0286599999,
    "cvd_total": -4153.694099999999,
    "cvd_12bars": 1213.8865399999997,
    "long_short_ratio": null
  },
  "ETH": {
    "funding_hr_pct": 0.00011728,
    "open_interest": 678078.9253999995,
    "cvd_total": -60376.067899999995,
    "cvd_12bars": 31539.151699999995,
    "long_short_ratio": null
  }
}