{
  "BTC": {
    "funding_hr_pct": 0.00042897,
    "open_interest": 27421.45066,
    "cvd_total": 13074.439540000005,
    "cvd_12bars": 347.5768499999999,
    "long_short_ratio": null
  },
  "ETH": {
    "funding_hr_pct": -0.00038986,
    "open_interest": 433686.3632,
    "cvd_total": 59989.853399999956,
    "cvd_12bars": 6829.4601999999995,
    "long_short_ratio": null
  }
}