{
  "BTC": {
    "funding_hr_pct": -0.0016820199999999998,
    "open_interest": 27890.78748,
    "cvd_total": 4231.49681,
    "cvd_12bars": 1530.9717099999998,
    "long_short_ratio": null
  },
  "ETH": {
    "funding_hr_pct": -0.00285333,
    "open_interest": 480362.52,
    "cvd_total": 356.7119999999907,
    "cvd_12bars": -1353.9570000000008,
    "long_short_ratio": null
  }
}