{
  "BTC": {
    "funding_hr_pct": -0.0009630700000000001,
    "open_interest": 26568.50334,
    "cvd_total": 2429.0993400000007,
    "cvd_12bars": 1648.5727,
    "long_short_ratio": null
  },
  "ETH": {
    "funding_hr_pct": -0.00057078,
    "open_interest": 570028.5784000001,
    "cvd_total": -122668.26970000003,
    "cvd_12bars": 11415.792099999999,
    "long_short_ratio": null
  }
}