{
  "BTC": {
    "funding_hr_pct": 0.00075138,
    "open_interest": 27266.11472,
    "cvd_total": -5903.739220000002,
    "cvd_12bars": -260.24242000000004,
    "long_short_ratio": null
  },
  "ETH": {
    "funding_hr_pct": 0.00016812,
    "open_interest": 572492.8916000004,
    "cvd_total": 4098.410799999985,
    "cvd_12bars": -2594.6520000000005,
    "long_short_ratio": null
  }
}