{
  "BTC": {
    "funding_hr_pct": 0.00125,
    "open_interest": 28113.28396,
    "cvd_total": -11319.504119999994,
    "cvd_12bars": 459.42680000000007,
    "long_short_ratio": null
  },
  "ETH": {
    "funding_hr_pct": 0.00125,
    "open_interest": 595640.613,
    "cvd_total": -129521.1969000001,
    "cvd_12bars": 3280.5050999999967,
    "long_short_ratio": null
  }
}