{
  "BTC": {
    "funding_hr_pct": 0.00125,
    "open_interest": 32650.34526,
    "cvd_total": -2791.5965399999964,
    "cvd_12bars": 285.57681,
    "long_short_ratio": null
  },
  "ETH": {
    "funding_hr_pct": 0.00123175,
    "open_interest": 725855.0313999997,
    "cvd_total": -300526.857,
    "cvd_12bars": 11820.6848,
    "long_short_ratio": null
  }
}