{
  "BTC": {
    "funding_hr_pct": -0.00024479,
    "open_interest": 33863.66264,
    "cvd_total": 1886.0108900000025,
    "cvd_12bars": -83.61233000000001,
    "long_short_ratio": null
  },
  "ETH": {
    "funding_hr_pct": -0.00038502,
    "open_interest": 710132.5437999996,
    "cvd_total": 77854.21519999998,
    "cvd_12bars": 3098.7849999999994,
    "long_short_ratio": null
  }
}