{
  "BTC": {
    "funding_hr_pct": -0.0006868,
    "open_interest": 28488.27312,
    "cvd_total": 221.81775999999948,
    "cvd_12bars": 341.67438000000004,
    "long_short_ratio": null
  },
  "ETH": {
    "funding_hr_pct": 0.00030321,
    "open_interest": 554595.0534000001,
    "cvd_total": 23871.87420000001,
    "cvd_12bars": -332.9799999999998,
    "long_short_ratio": null
  }
}