{
  "BTC": {
    "funding_hr_pct": -0.00070013,
    "open_interest": 28422.46316,
    "cvd_total": -2087.653149999998,
    "cvd_12bars": -800.1488400000001,
    "long_short_ratio": null
  },
  "ETH": {
    "funding_hr_pct": 0.00034845,
    "open_interest": 565938.7501999995,
    "cvd_total": -157150.27270000003,
    "cvd_12bars": 6812.657000000001,
    "long_short_ratio": null
  }
}