{
  "BTC": {
    "funding_hr_pct": 0.00016397999999999999,
    "open_interest": 27879.4546,
    "cvd_total": -5510.367899999999,
    "cvd_12bars": -521.19433,
    "long_short_ratio": null
  },
  "ETH": {
    "funding_hr_pct": 0.00086708,
    "open_interest": 577146.0966000009,
    "cvd_total": -3122.588800000007,
    "cvd_12bars": 602.8202000000001,
    "long_short_ratio": null
  }
}