{
  "BTC": {
    "funding_hr_pct": -0.00254057,
    "open_interest": 27718.86866,
    "cvd_total": 17509.42271999999,
    "cvd_12bars": 387.48518999999993,
    "long_short_ratio": null
  },
  "ETH": {
    "funding_hr_pct": -0.0019347999999999998,
    "open_interest": 503141.2322000001,
    "cvd_total": 174250.01750000002,
    "cvd_12bars": 14800.428799999996,
    "long_short_ratio": null
  }
}