{
  "BTC": {
    "funding_hr_pct": -0.00037695999999999997,
    "open_interest": 27805.11572,
    "cvd_total": -2659.029719999999,
    "cvd_12bars": -33.36367999999996,
    "long_short_ratio": null
  },
  "ETH": {
    "funding_hr_pct": -0.00235563,
    "open_interest": 397097.9346,
    "cvd_total": -55925.4806,
    "cvd_12bars": -14235.708100000002,
    "long_short_ratio": null
  }
}