{
  "BTC": {
    "funding_hr_pct": 0.00125,
    "open_interest": 31831.881,
    "cvd_total": -23471.95450999999,
    "cvd_12bars": 2505.08993,
    "long_short_ratio": null
  },
  "ETH": {
    "funding_hr_pct": 0.0003264,
    "open_interest": 662571.6138000004,
    "cvd_total": -319756.7644000001,
    "cvd_12bars": -18656.6322,
    "long_short_ratio": null
  }
}