{
  "BTC": {
    "funding_hr_pct": -0.00114828,
    "open_interest": 28297.50016,
    "cvd_total": 14392.40779,
    "cvd_12bars": -1608.8438599999997,
    "long_short_ratio": null
  },
  "ETH": {
    "funding_hr_pct": 0.00050778,
    "open_interest": 441690.7286,
    "cvd_total": 124306.5754,
    "cvd_12bars": -6845.220300000001,
    "long_short_ratio": null
  }
}