{
  "BTC": {
    "funding_hr_pct": -0.00155687,
    "open_interest": 26838.92042,
    "cvd_total": -3292.3815600000007,
    "cvd_12bars": 207.57824000000005,
    "long_short_ratio": null
  },
  "ETH": {
    "funding_hr_pct": -0.00037759,
    "open_interest": 553413.2688000001,
    "cvd_total": -107960.61920000003,
    "cvd_12bars": -760.3100000000007,
    "long_short_ratio": null
  }
}