{
  "BTC": {
    "funding_hr_pct": 0.00125,
    "open_interest": 41296.15182,
    "cvd_total": 8621.802930000002,
    "cvd_12bars": -130.90324000000004,
    "long_short_ratio": null
  },
  "ETH": {
    "funding_hr_pct": 0.00125,
    "open_interest": 989185.8915999999,
    "cvd_total": 46499.95510000001,
    "cvd_12bars": -125.22200000000029,
    "long_short_ratio": null
  }
}