{
  "BTC": {
    "funding_hr_pct": -0.00143625,
    "open_interest": 27963.06994,
    "cvd_total": -5822.3360600000005,
    "cvd_12bars": 321.6209,
    "long_short_ratio": null
  },
  "ETH": {
    "funding_hr_pct": -0.0012981,
    "open_interest": 582669.5388000001,
    "cvd_total": -1412.4742000000201,
    "cvd_12bars": 923.9972000000017,
    "long_short_ratio": null
  }
}