{
  "BTC": {
    "funding_hr_pct": 0.00045287,
    "open_interest": 25207.0216,
    "cvd_total": -1336.835150000004,
    "cvd_12bars": 485.87033999999994,
    "long_short_ratio": null
  },
  "ETH": {
    "funding_hr_pct": -0.0009428100000000001,
    "open_interest": 546932.7157999997,
    "cvd_total": -184261.67320000008,
    "cvd_12bars": -7532.824199999999,
    "long_short_ratio": null
  }
}