{
  "BTC": {
    "funding_hr_pct": 0.00039666999999999995,
    "open_interest": 31378.31906,
    "cvd_total": -9416.975299999995,
    "cvd_12bars": -520.3406999999996,
    "long_short_ratio": null
  },
  "ETH": {
    "funding_hr_pct": 0.00125,
    "open_interest": 634460.7181999999,
    "cvd_total": -130438.59459999994,
    "cvd_12bars": 428.17990000000304,
    "long_short_ratio": null
  }
}