{
  "BTC": {
    "funding_hr_pct": 0.00125,
    "open_interest": 27999.18594,
    "cvd_total": -4814.3219399999925,
    "cvd_12bars": 6.198200000000054,
    "long_short_ratio": null
  },
  "ETH": {
    "funding_hr_pct": 0.00125,
    "open_interest": 578590.595,
    "cvd_total": 28884.19230000001,
    "cvd_12bars": -4664.004899999999,
    "long_short_ratio": null
  }
}