{
  "BTC": {
    "funding_hr_pct": 0.00125,
    "open_interest": 29485.44882,
    "cvd_total": -3652.43591,
    "cvd_12bars": -387.83022,
    "long_short_ratio": null
  },
  "ETH": {
    "funding_hr_pct": 0.00125,
    "open_interest": 530219.5219999999,
    "cvd_total": -43661.73460000001,
    "cvd_12bars": -10813.7859,
    "long_short_ratio": null
  }
}