{
  "BTC": {
    "funding_hr_pct": 3.872e-05,
    "open_interest": 26423.80112,
    "cvd_total": 6243.44559,
    "cvd_12bars": 2442.38612,
    "long_short_ratio": null
  },
  "ETH": {
    "funding_hr_pct": -0.00059138,
    "open_interest": 411446.2513999998,
    "cvd_total": -21349.463199999984,
    "cvd_12bars": 9134.0781,
    "long_short_ratio": null
  }
}