{
  "BTC": {
    "funding_hr_pct": 0.00033218,
    "open_interest": 32239.46526,
    "cvd_total": 5006.54439,
    "cvd_12bars": 65.00184999999988,
    "long_short_ratio": null
  },
  "ETH": {
    "funding_hr_pct": -0.00139242,
    "open_interest": 704707.7558000003,
    "cvd_total": -27725.52750000003,
    "cvd_12bars": -26696.259599999998,
    "long_short_ratio": null
  }
}