{
  "BTC": {
    "funding_hr_pct": 0.00108466,
    "open_interest": 27604.0475,
    "cvd_total": 6691.934399999997,
    "cvd_12bars": 1360.102,
    "long_short_ratio": null
  },
  "ETH": {
    "funding_hr_pct": 0.00125,
    "open_interest": 559225.2254,
    "cvd_total": 84193.26259999996,
    "cvd_12bars": 33406.0523,
    "long_short_ratio": null
  }
}