{
  "BTC": {
    "funding_hr_pct": 0.00012175,
    "open_interest": 28247.42332,
    "cvd_total": 6654.073909999997,
    "cvd_12bars": 49.87364000000002,
    "long_short_ratio": null
  },
  "ETH": {
    "funding_hr_pct": -0.00203599,
    "open_interest": 395161.0038000002,
    "cvd_total": 5191.985099999982,
    "cvd_12bars": 1300.3742000000009,
    "long_short_ratio": null
  }
}