{
  "BTC": {
    "funding_hr_pct": -0.0005142500000000001,
    "open_interest": 26404.83178,
    "cvd_total": -1749.4758600000036,
    "cvd_12bars": 591.3333800000001,
    "long_short_ratio": null
  },
  "ETH": {
    "funding_hr_pct": 0.00048547999999999994,
    "open_interest": 436732.3302000001,
    "cvd_total": -108789.31229999999,
    "cvd_12bars": -13537.587899999997,
    "long_short_ratio": null
  }
}