{
  "BTC": {
    "funding_hr_pct": 9.146e-05,
    "open_interest": 26323.53038,
    "cvd_total": -986.4459800000002,
    "cvd_12bars": 27.432470000000027,
    "long_short_ratio": null
  },
  "ETH": {
    "funding_hr_pct": 4.697e-05,
    "open_interest": 566788.3776000002,
    "cvd_total": -8795.414900000012,
    "cvd_12bars": 4075.7245000000003,
    "long_short_ratio": null
  }
}