{
  "BTC": {
    "funding_hr_pct": 0.00125,
    "open_interest": 37648.50346,
    "cvd_total": 303.2423200000002,
    "cvd_12bars": 119.47737000000001,
    "long_short_ratio": null
  },
  "ETH": {
    "funding_hr_pct": 0.00125,
    "open_interest": 831536.7418000002,
    "cvd_total": 21148.5171,
    "cvd_12bars": -755.122,
    "long_short_ratio": null
  }
}