{
  "BTC": {
    "funding_hr_pct": 0.00125,
    "open_interest": 39115.29386,
    "cvd_total": -69.33811000000127,
    "cvd_12bars": 14.163769999999976,
    "long_short_ratio": null
  },
  "ETH": {
    "funding_hr_pct": 0.00125,
    "open_interest": 961828.2058000005,
    "cvd_total": -127663.11469999996,
    "cvd_12bars": 15662.2315,
    "long_short_ratio": null
  }
}