{
  "BTC": {
    "funding_hr_pct": -0.00104237,
    "open_interest": 28155.0477,
    "cvd_total": 4126.378240000003,
    "cvd_12bars": -3277.6565100000007,
    "long_short_ratio": null
  },
  "ETH": {
    "funding_hr_pct": -6.984e-05,
    "open_interest": 441308.5589999998,
    "cvd_total": -30143.480499999972,
    "cvd_12bars": -36004.5516,
    "long_short_ratio": null
  }
}