{
  "BTC": {
    "funding_hr_pct": -0.00041069999999999995,
    "open_interest": 29363.05074,
    "cvd_total": 4720.50428,
    "cvd_12bars": -194.11416000000003,
    "long_short_ratio": null
  },
  "ETH": {
    "funding_hr_pct": 0.00125,
    "open_interest": 513441.6538,
    "cvd_total": 8473.852899999996,
    "cvd_12bars": 9972.964,
    "long_short_ratio": null
  }
}