{
  "BTC": {
    "funding_hr_pct": 0.00125,
    "open_interest": 27478.13306,
    "cvd_total": -221.6996199999998,
    "cvd_12bars": -36.993930000000034,
    "long_short_ratio": null
  },
  "ETH": {
    "funding_hr_pct": 0.00026493,
    "open_interest": 434769.6742,
    "cvd_total": 37795.06979999999,
    "cvd_12bars": 3211.5519,
    "long_short_ratio": null
  }
}