{
  "BTC": {
    "funding_hr_pct": 0.0008117900000000001,
    "open_interest": 39060.56018,
    "cvd_total": -236.2551000000003,
    "cvd_12bars": -4397.48358,
    "long_short_ratio": null
  },
  "ETH": {
    "funding_hr_pct": 0.00125,
    "open_interest": 958733.9715999998,
    "cvd_total": 24494.71809999997,
    "cvd_12bars": -33183.7278,
    "long_short_ratio": null
  }
}