{
  "BTC": {
    "funding_hr_pct": -0.00104761,
    "open_interest": 30562.474,
    "cvd_total": 159.9212199999999,
    "cvd_12bars": 1007.7986200000001,
    "long_short_ratio": null
  },
  "ETH": {
    "funding_hr_pct": 0.0005423,
    "open_interest": 540911.9016,
    "cvd_total": 11149.302299999996,
    "cvd_12bars": 12017.9439,
    "long_short_ratio": null
  }
}