{
  "BTC": {
    "funding_hr_pct": -0.00075818,
    "open_interest": 27489.83116,
    "cvd_total": 1040.9637399999997,
    "cvd_12bars": -717.77252,
    "long_short_ratio": null
  },
  "ETH": {
    "funding_hr_pct": 0.0005047599999999999,
    "open_interest": 609687.4638000003,
    "cvd_total": -62905.39210000001,
    "cvd_12bars": -16242.569800000001,
    "long_short_ratio": null
  }
}