{
  "BTC": {
    "funding_hr_pct": 0.00015947999999999998,
    "open_interest": 27175.0489,
    "cvd_total": -1795.3736599999977,
    "cvd_12bars": -160.53905999999998,
    "long_short_ratio": null
  },
  "ETH": {
    "funding_hr_pct": 0.00125,
    "open_interest": 462013.1776,
    "cvd_total": 764.0875000000216,
    "cvd_12bars": -6576.4885,
    "long_short_ratio": null
  }
}