{
  "BTC": {
    "funding_hr_pct": 0.00057374,
    "open_interest": 30804.11092,
    "cvd_total": -7117.715250000002,
    "cvd_12bars": -3399.1608,
    "long_short_ratio": null
  },
  "ETH": {
    "funding_hr_pct": 0.00125,
    "open_interest": 584423.3988000002,
    "cvd_total": 7160.916199999998,
    "cvd_12bars": -25967.770200000003,
    "long_short_ratio": null
  }
}