{
  "BTC": {
    "funding_hr_pct": 0.00125,
    "open_interest": 27348.37012,
    "cvd_total": -9611.01081,
    "cvd_12bars": -138.91368000000006,
    "long_short_ratio": null
  },
  "ETH": {
    "funding_hr_pct": 0.00125,
    "open_interest": 539344.6624000003,
    "cvd_total": -154301.60770000002,
    "cvd_12bars": -19706.057399999998,
    "long_short_ratio": null
  }
}