{
  "BTC": {
    "funding_hr_pct": -0.00202465,
    "open_interest": 27821.79882,
    "cvd_total": 3886.7792800000007,
    "cvd_12bars": -3686.8003500000004,
    "long_short_ratio": null
  },
  "ETH": {
    "funding_hr_pct": 0.00125,
    "open_interest": 568460.933,
    "cvd_total": 49273.413300000015,
    "cvd_12bars": -14539.080100000003,
    "long_short_ratio": null
  }
}