{
  "BTC": {
    "funding_hr_pct": 0.0008968699999999999,
    "open_interest": 33346.19232,
    "cvd_total": -5506.636959999998,
    "cvd_12bars": 512.6889999999987,
    "long_short_ratio": null
  },
  "ETH": {
    "funding_hr_pct": 0.00033684,
    "open_interest": 669450.0763999994,
    "cvd_total": -105346.19469999998,
    "cvd_12bars": 4792.039500000008,
    "long_short_ratio": null
  }
}