{
  "BTC": {
    "funding_hr_pct": 0.00125,
    "open_interest": 31301.07608,
    "cvd_total": -11486.610160000002,
    "cvd_12bars": 150.97363999999976,
    "long_short_ratio": null
  },
  "ETH": {
    "funding_hr_pct": 0.00125,
    "open_interest": 630768.0556000002,
    "cvd_total": -172031.26010000004,
    "cvd_12bars": -4800.0261,
    "long_short_ratio": null
  }
}