{
  "BTC": {
    "funding_hr_pct": -0.00046278,
    "open_interest": 26722.35146,
    "cvd_total": -4131.794910000003,
    "cvd_12bars": -281.70671999999996,
    "long_short_ratio": null
  },
  "ETH": {
    "funding_hr_pct": 0.00024792,
    "open_interest": 541933.3096,
    "cvd_total": -118879.56209999995,
    "cvd_12bars": -2603.8752999999997,
    "long_short_ratio": null
  }
}