{
  "BTC": {
    "funding_hr_pct": -0.0005434999999999999,
    "open_interest": 27541.8153,
    "cvd_total": -6420.294599999998,
    "cvd_12bars": 716.1495300000003,
    "long_short_ratio": null
  },
  "ETH": {
    "funding_hr_pct": -0.0008328000000000001,
    "open_interest": 430055.4109999994,
    "cvd_total": -67952.43939999999,
    "cvd_12bars": 2901.1381,
    "long_short_ratio": null
  }
}