{
  "BTC": {
    "funding_hr_pct": 0.00110177,
    "open_interest": 33739.8297,
    "cvd_total": 587.0957399999993,
    "cvd_12bars": -425.06781,
    "long_short_ratio": null
  },
  "ETH": {
    "funding_hr_pct": -4.478e-05,
    "open_interest": 716583.3528000008,
    "cvd_total": 101768.84799999991,
    "cvd_12bars": 1076.3316999999986,
    "long_short_ratio": null
  }
}