{
  "BTC": {
    "funding_hr_pct": -0.0008790100000000001,
    "open_interest": 30069.86546,
    "cvd_total": 2425.371199999998,
    "cvd_12bars": 400.04096000000004,
    "long_short_ratio": null
  },
  "ETH": {
    "funding_hr_pct": -0.00062082,
    "open_interest": 808811.3566,
    "cvd_total": -22283.323199999995,
    "cvd_12bars": 6009.466100000001,
    "long_short_ratio": null
  }
}