{
  "BTC": {
    "funding_hr_pct": 0.00125,
    "open_interest": 36700.93324,
    "cvd_total": -2573.22242,
    "cvd_12bars": -2256.5703299999996,
    "long_short_ratio": null
  },
  "ETH": {
    "funding_hr_pct": 0.00125,
    "open_interest": 763363.8944000002,
    "cvd_total": -28072.499000000003,
    "cvd_12bars": -21056.556000000004,
    "long_short_ratio": null
  }
}