{
  "BTC": {
    "funding_hr_pct": -0.00261906,
    "open_interest": 29065.26212,
    "cvd_total": -16859.74165,
    "cvd_12bars": -2009.11528,
    "long_short_ratio": null
  },
  "ETH": {
    "funding_hr_pct": -0.00139318,
    "open_interest": 599566.4419999999,
    "cvd_total": -297470.9638000001,
    "cvd_12bars": -23374.184100000002,
    "long_short_ratio": null
  }
}