{
  "BTC": {
    "funding_hr_pct": -0.00023561000000000003,
    "open_interest": 27889.00672,
    "cvd_total": 4525.714969999998,
    "cvd_12bars": -178.98787,
    "long_short_ratio": null
  },
  "ETH": {
    "funding_hr_pct": -0.00043435,
    "open_interest": 558459.9834,
    "cvd_total": 46736.83459999999,
    "cvd_12bars": 921.4559999999998,
    "long_short_ratio": null
  }
}