{
  "BTC": {
    "funding_hr_pct": 0.00046693000000000006,
    "open_interest": 27770.15962,
    "cvd_total": -2819.4092599999976,
    "cvd_12bars": 75.63999999999987,
    "long_short_ratio": null
  },
  "ETH": {
    "funding_hr_pct": -0.00117967,
    "open_interest": 400028.3549999999,
    "cvd_total": -59030.860100000005,
    "cvd_12bars": -1680.6593000000012,
    "long_short_ratio": null
  }
}