{
  "BTC": {
    "funding_hr_pct": 0.00125,
    "open_interest": 32942.61652,
    "cvd_total": 4141.702650000003,
    "cvd_12bars": 1897.3598299999999,
    "long_short_ratio": null
  },
  "ETH": {
    "funding_hr_pct": 0.00125,
    "open_interest": 692975.1546000005,
    "cvd_total": -4625.494599999987,
    "cvd_12bars": 31937.4217,
    "long_short_ratio": null
  }
}