{
  "BTC": {
    "funding_hr_pct": -0.0007968999999999999,
    "open_interest": 26573.12024,
    "cvd_total": -4527.291020000004,
    "cvd_12bars": -203.91088000000008,
    "long_short_ratio": null
  },
  "ETH": {
    "funding_hr_pct": -0.00140841,
    "open_interest": 542040.5349999998,
    "cvd_total": -134733.97309999997,
    "cvd_12bars": -20128.9868,
    "long_short_ratio": null
  }
}