{
  "BTC": {
    "funding_hr_pct": -0.0001161,
    "open_interest": 27591.06206,
    "cvd_total": 7389.895009999997,
    "cvd_12bars": -677.66489,
    "long_short_ratio": null
  },
  "ETH": {
    "funding_hr_pct": 0.00069764,
    "open_interest": 614055.9836,
    "cvd_total": -48010.54599999999,
    "cvd_12bars": -5985.9756,
    "long_short_ratio": null
  }
}