{
  "BTC": {
    "funding_hr_pct": 0.00048908,
    "open_interest": 36331.44878,
    "cvd_total": 1595.9283499999988,
    "cvd_12bars": 670.4145400000001,
    "long_short_ratio": null
  },
  "ETH": {
    "funding_hr_pct": 0.00125,
    "open_interest": 1032668.113,
    "cvd_total": -21800.443799999968,
    "cvd_12bars": 22143.2168,
    "long_short_ratio": null
  }
}