{
  "BTC": {
    "funding_hr_pct": 0.00125,
    "open_interest": 35267.88136,
    "cvd_total": 9813.068369999999,
    "cvd_12bars": 2660.8176899999994,
    "long_short_ratio": null
  },
  "ETH": {
    "funding_hr_pct": 0.00125,
    "open_interest": 765522.6364000001,
    "cvd_total": 152240.16210000005,
    "cvd_12bars": -3076.9583999999995,
    "long_short_ratio": null
  }
}