{
  "BTC": {
    "funding_hr_pct": -0.00021778000000000002,
    "open_interest": 29204.0977,
    "cvd_total": 6513.2809000000025,
    "cvd_12bars": 108.73582999999999,
    "long_short_ratio": null
  },
  "ETH": {
    "funding_hr_pct": 0.00045927,
    "open_interest": 548644.9370000003,
    "cvd_total": 40424.437799999985,
    "cvd_12bars": 1828.9467,
    "long_short_ratio": null
  }
}