{
  "BTC": {
    "funding_hr_pct": 0.00075328,
    "open_interest": 27265.41662,
    "cvd_total": -1864.796369999998,
    "cvd_12bars": 585.2331100000001,
    "long_short_ratio": null
  },
  "ETH": {
    "funding_hr_pct": 0.00125,
    "open_interest": 463850.9086,
    "cvd_total": -4313.31289999997,
    "cvd_12bars": -7283.9962,
    "long_short_ratio": null
  }
}