{
  "BTC": {
    "funding_hr_pct": 0.00091343,
    "open_interest": 30525.29522,
    "cvd_total": -5305.946000000001,
    "cvd_12bars": 347.30018,
    "long_short_ratio": null
  },
  "ETH": {
    "funding_hr_pct": 0.00125,
    "open_interest": 771000.0275999999,
    "cvd_total": -66134.45680000009,
    "cvd_12bars": -16528.5485,
    "long_short_ratio": null
  }
}