{
  "BTC": {
    "funding_hr_pct": 0.00125,
    "open_interest": 30235.84288,
    "cvd_total": 2903.2103299999994,
    "cvd_12bars": -11.452350000000017,
    "long_short_ratio": null
  },
  "ETH": {
    "funding_hr_pct": 0.00125,
    "open_interest": 524519.8669999999,
    "cvd_total": 14292.210599999993,
    "cvd_12bars": 2833.7183,
    "long_short_ratio": null
  }
}