{
  "BTC": {
    "funding_hr_pct": -0.00041392,
    "open_interest": 26729.75442,
    "cvd_total": -4057.048750000002,
    "cvd_12bars": -146.59873999999996,
    "long_short_ratio": null
  },
  "ETH": {
    "funding_hr_pct": 2.8789999999999997e-05,
    "open_interest": 542773.7,
    "cvd_total": -113186.91489999995,
    "cvd_12bars": -3720.5412000000006,
    "long_short_ratio": null
  }
}