{
  "BTC": {
    "funding_hr_pct": 0.00125,
    "open_interest": 40097.45488,
    "cvd_total": -10119.078440000007,
    "cvd_12bars": -2443.06317,
    "long_short_ratio": null
  },
  "ETH": {
    "funding_hr_pct": 0.00125,
    "open_interest": 959849.8561999996,
    "cvd_total": -171362.23859999992,
    "cvd_12bars": -27524.788800000002,
    "long_short_ratio": null
  }
}