{
  "BTC": {
    "funding_hr_pct": 0.0012366,
    "open_interest": 26842.24504,
    "cvd_total": -6884.32373,
    "cvd_12bars": 317.05586999999997,
    "long_short_ratio": null
  },
  "ETH": {
    "funding_hr_pct": -3.3099999999999996e-06,
    "open_interest": 540014.3068000001,
    "cvd_total": -134379.99329999994,
    "cvd_12bars": 9413.0756,
    "long_short_ratio": null
  }
}