{
  "BTC": {
    "funding_hr_pct": 0.00125,
    "open_interest": 28412.7874,
    "cvd_total": -1093.5353100000013,
    "cvd_12bars": 26.998310000000018,
    "long_short_ratio": null
  },
  "ETH": {
    "funding_hr_pct": 0.00069282,
    "open_interest": 437013.7992000002,
    "cvd_total": -42144.48859999994,
    "cvd_12bars": 11215.2896,
    "long_short_ratio": null
  }
}