{
  "BTC": {
    "funding_hr_pct": -0.00035696999999999997,
    "open_interest": 33653.62862,
    "cvd_total": -233.74552000000006,
    "cvd_12bars": -402.64336,
    "long_short_ratio": null
  },
  "ETH": {
    "funding_hr_pct": -0.00112172,
    "open_interest": 722470.3494000003,
    "cvd_total": 10435.028200000004,
    "cvd_12bars": -625.7559000000003,
    "long_short_ratio": null
  }
}