{
  "BTC": {
    "funding_hr_pct": 0.00125,
    "open_interest": 27490.20164,
    "cvd_total": 2201.3598799999995,
    "cvd_12bars": -19.15662,
    "long_short_ratio": null
  },
  "ETH": {
    "funding_hr_pct": 0.00125,
    "open_interest": 563719.5125999999,
    "cvd_total": 85871.87479999999,
    "cvd_12bars": -5618.3973,
    "long_short_ratio": null
  }
}