{
  "BTC": {
    "funding_hr_pct": -0.00092307,
    "open_interest": 33008.0679999999,
    "cvd_total": -10425.926530000006,
    "cvd_12bars": -1894.4843100000003,
    "long_short_ratio": null
  },
  "ETH": {
    "funding_hr_pct": -0.00022734,
    "open_interest": 725992.7906000001,
    "cvd_total": -141669.90749999994,
    "cvd_12bars": -458.7539999999972,
    "long_short_ratio": null
  }
}