{
  "BTC": {
    "funding_hr_pct": -0.00048701,
    "open_interest": 27158.38358,
    "cvd_total": 559.4557900000002,
    "cvd_12bars": -530.44172,
    "long_short_ratio": null
  },
  "ETH": {
    "funding_hr_pct": 0.00106039,
    "open_interest": 433305.4415999999,
    "cvd_total": 51473.773100000006,
    "cvd_12bars": 5912.090700000001,
    "long_short_ratio": null
  }
}