{
  "BTC": {
    "funding_hr_pct": -0.00025808,
    "open_interest": 27737.736,
    "cvd_total": -9269.641780000005,
    "cvd_12bars": -411.59949000000006,
    "long_short_ratio": null
  },
  "ETH": {
    "funding_hr_pct": 0.00125,
    "open_interest": 604179.1786000003,
    "cvd_total": -253959.41689999995,
    "cvd_12bars": 15922.7804,
    "long_short_ratio": null
  }
}