{
  "BTC": {
    "funding_hr_pct": -0.0013861499999999998,
    "open_interest": 27527.70432,
    "cvd_total": 9485.849960000001,
    "cvd_12bars": 1215.07323,
    "long_short_ratio": null
  },
  "ETH": {
    "funding_hr_pct": -0.0018844100000000002,
    "open_interest": 414815.2759999999,
    "cvd_total": 9469.301600000003,
    "cvd_12bars": 7224.103900000001,
    "long_short_ratio": null
  }
}