{
  "BTC": {
    "funding_hr_pct": 0.00022518,
    "open_interest": 34947.82062,
    "cvd_total": 2726.77536,
    "cvd_12bars": -201.62745,
    "long_short_ratio": null
  },
  "ETH": {
    "funding_hr_pct": 6.396e-05,
    "open_interest": 745296.4319999996,
    "cvd_total": 114875.331,
    "cvd_12bars": -1821.3240999999987,
    "long_short_ratio": null
  }
}