{
  "BTC": {
    "funding_hr_pct": -0.00103719,
    "open_interest": 26667.42116,
    "cvd_total": 6512.960910000001,
    "cvd_12bars": 324.2679499999999,
    "long_short_ratio": null
  },
  "ETH": {
    "funding_hr_pct": 0.00125,
    "open_interest": 565851.7252000003,
    "cvd_total": 63472.18429999999,
    "cvd_12bars": -5282.389399999999,
    "long_short_ratio": null
  }
}