{
  "BTC": {
    "funding_hr_pct": -0.00097352,
    "open_interest": 27512.8574,
    "cvd_total": 5806.627989999998,
    "cvd_12bars": 273.58885,
    "long_short_ratio": null
  },
  "ETH": {
    "funding_hr_pct": -0.00484455,
    "open_interest": 642359.6799999997,
    "cvd_total": -41033.7626,
    "cvd_12bars": 4499.7175000000025,
    "long_short_ratio": null
  }
}