{
  "BTC": {
    "funding_hr_pct": -0.00010396,
    "open_interest": 36862.70014,
    "cvd_total": 8011.0833799999955,
    "cvd_12bars": -1874.60792,
    "long_short_ratio": null
  },
  "ETH": {
    "funding_hr_pct": 0.00125,
    "open_interest": 997182.4577999999,
    "cvd_total": 100632.58390000004,
    "cvd_12bars": -2528.471699999999,
    "long_short_ratio": null
  }
}