{
  "BTC": {
    "funding_hr_pct": 0.00125,
    "open_interest": 37900.6663,
    "cvd_total": 539.3251300000002,
    "cvd_12bars": 266.94207,
    "long_short_ratio": null
  },
  "ETH": {
    "funding_hr_pct": 0.00125,
    "open_interest": 832059.9112000003,
    "cvd_total": 21054.2012,
    "cvd_12bars": 234.10249999999965,
    "long_short_ratio": null
  }
}