{
  "BTC": {
    "funding_hr_pct": 0.00116735,
    "open_interest": 27876.50496,
    "cvd_total": -2240.279920000004,
    "cvd_12bars": -3136.7183799999993,
    "long_short_ratio": null
  },
  "ETH": {
    "funding_hr_pct": -0.00013748999999999999,
    "open_interest": 578281.2549999988,
    "cvd_total": -14218.142300000001,
    "cvd_12bars": -19455.15750000001,
    "long_short_ratio": null
  }
}