{
  "BTC": {
    "funding_hr_pct": 0.00014069,
    "open_interest": 33814.74724,
    "cvd_total": -1968.0766200000007,
    "cvd_12bars": 1353.73961,
    "long_short_ratio": null
  },
  "ETH": {
    "funding_hr_pct": -0.00204623,
    "open_interest": 687267.3303999999,
    "cvd_total": -78640.64280000002,
    "cvd_12bars": 16336.006499999996,
    "long_short_ratio": null
  }
}