{
  "BTC": {
    "funding_hr_pct": 0.00024775,
    "open_interest": 26723.18174,
    "cvd_total": -267.46435999999983,
    "cvd_12bars": -339.65183,
    "long_short_ratio": null
  },
  "ETH": {
    "funding_hr_pct": 0.0003748,
    "open_interest": 570062.3615999997,
    "cvd_total": 63162.890200000045,
    "cvd_12bars": 1261.6064999999999,
    "long_short_ratio": null
  }
}