{
  "BTC": {
    "funding_hr_pct": 0.00125,
    "open_interest": 36679.51384,
    "cvd_total": 16679.66529,
    "cvd_12bars": 1885.5578000000003,
    "long_short_ratio": null
  },
  "ETH": {
    "funding_hr_pct": 0.00125,
    "open_interest": 897530.4818000002,
    "cvd_total": 82384.40680000004,
    "cvd_12bars": -40959.631199999996,
    "long_short_ratio": null
  }
}