{
  "BTC": {
    "funding_hr_pct": 0.00020873,
    "open_interest": 24991.45966,
    "cvd_total": -2177.669850000003,
    "cvd_12bars": -1060.6003099999996,
    "long_short_ratio": null
  },
  "ETH": {
    "funding_hr_pct": -0.00112619,
    "open_interest": 556970.4073999999,
    "cvd_total": -189370.6845000001,
    "cvd_12bars": -9297.1129,
    "long_short_ratio": null
  }
}