{
  "BTC": {
    "funding_hr_pct": 0.00125,
    "open_interest": 37266.81202,
    "cvd_total": 6031.99368,
    "cvd_12bars": -647.8408000000002,
    "long_short_ratio": null
  },
  "ETH": {
    "funding_hr_pct": 0.00125,
    "open_interest": 1060025.272400002,
    "cvd_total": 52359.78750000001,
    "cvd_12bars": -28856.425200000005,
    "long_short_ratio": null
  }
}