{
  "BTC": {
    "funding_hr_pct": -0.00024370000000000001,
    "open_interest": 27554.13592,
    "cvd_total": 4255.341570000001,
    "cvd_12bars": 522.9927500000001,
    "long_short_ratio": null
  },
  "ETH": {
    "funding_hr_pct": -0.00104528,
    "open_interest": 485144.7394,
    "cvd_total": -37010.204499999985,
    "cvd_12bars": 781.4352999999992,
    "long_short_ratio": null
  }
}