{
  "BTC": {
    "funding_hr_pct": 0.00022509,
    "open_interest": 29908.1505,
    "cvd_total": -11576.336820000002,
    "cvd_12bars": -5221.940789999999,
    "long_short_ratio": null
  },
  "ETH": {
    "funding_hr_pct": 0.00059718,
    "open_interest": 575630.1837999999,
    "cvd_total": -191297.0931,
    "cvd_12bars": -153937.8775,
    "long_short_ratio": null
  }
}