{
  "BTC": {
    "funding_hr_pct": 1.3969999999999998e-05,
    "open_interest": 28395.59624,
    "cvd_total": -4275.358379999999,
    "cvd_12bars": 297.5146099999999,
    "long_short_ratio": null
  },
  "ETH": {
    "funding_hr_pct": 7.986999999999999e-05,
    "open_interest": 568546.4482,
    "cvd_total": -140992.4906000001,
    "cvd_12bars": 7617.8442,
    "long_short_ratio": null
  }
}