{
  "BTC": {
    "funding_hr_pct": -0.00090039,
    "open_interest": 28985.41886,
    "cvd_total": 7417.228250000007,
    "cvd_12bars": -13.007420000000046,
    "long_short_ratio": null
  },
  "ETH": {
    "funding_hr_pct": -0.00073424,
    "open_interest": 574355.4996,
    "cvd_total": 102244.74759999999,
    "cvd_12bars": 8285.6467,
    "long_short_ratio": null
  }
}