{
  "BTC": {
    "funding_hr_pct": -0.00100622,
    "open_interest": 30505.09514,
    "cvd_total": -4335.78218,
    "cvd_12bars": 675.78256,
    "long_short_ratio": null
  },
  "ETH": {
    "funding_hr_pct": 0.00125,
    "open_interest": 596865.2577999998,
    "cvd_total": 23449.828900000037,
    "cvd_12bars": 7629.7444,
    "long_short_ratio": null
  }
}