{
  "BTC": {
    "funding_hr_pct": 0.00125,
    "open_interest": 28646.9973,
    "cvd_total": -14561.097420000002,
    "cvd_12bars": 343.86635000000024,
    "long_short_ratio": null
  },
  "ETH": {
    "funding_hr_pct": 0.00121073,
    "open_interest": 586943.0926,
    "cvd_total": -265668.4717000001,
    "cvd_12bars": 3381.244799999999,
    "long_short_ratio": null
  }
}