{
  "BTC": {
    "funding_hr_pct": 0.00125,
    "open_interest": 26570.84108,
    "cvd_total": 4361.505540000004,
    "cvd_12bars": -507.36519999999996,
    "long_short_ratio": null
  },
  "ETH": {
    "funding_hr_pct": 0.00097661,
    "open_interest": 554941.8875999999,
    "cvd_total": 11383.895299999976,
    "cvd_12bars": -8746.200100000004,
    "long_short_ratio": null
  }
}