{
  "BTC": {
    "funding_hr_pct": 0.00061288,
    "open_interest": 28524.79204,
    "cvd_total": -868.4264199999992,
    "cvd_12bars": 37.60577000000002,
    "long_short_ratio": null
  },
  "ETH": {
    "funding_hr_pct": 0.00125,
    "open_interest": 601451.8824,
    "cvd_total": 19867.380500000043,
    "cvd_12bars": -5109.9947,
    "long_short_ratio": null
  }
}