{
  "BTC": {
    "funding_hr_pct": 0.00035784,
    "open_interest": 24326.97668,
    "cvd_total": 7596.600310000002,
    "cvd_12bars": 179.80677000000003,
    "long_short_ratio": null
  },
  "ETH": {
    "funding_hr_pct": -5.252e-05,
    "open_interest": 556290.6652000002,
    "cvd_total": 11228.463899999952,
    "cvd_12bars": 3792.5243999999993,
    "long_short_ratio": null
  }
}