{
  "BTC": {
    "funding_hr_pct": -0.00242128,
    "open_interest": 29521.34024,
    "cvd_total": 7088.405299999999,
    "cvd_12bars": 3536.6143400000005,
    "long_short_ratio": null
  },
  "ETH": {
    "funding_hr_pct": 0.00016124,
    "open_interest": 604667.4446000002,
    "cvd_total": 116747.83599999998,
    "cvd_12bars": 67632.76969999999,
    "long_short_ratio": null
  }
}