{
  "BTC": {
    "funding_hr_pct": -0.0009171600000000001,
    "open_interest": 28772.87182,
    "cvd_total": 520.3759299999992,
    "cvd_12bars": -220.50096,
    "long_short_ratio": null
  },
  "ETH": {
    "funding_hr_pct": 0.00098357,
    "open_interest": 553673.7363999998,
    "cvd_total": 12810.444300000006,
    "cvd_12bars": -6756.229099999999,
    "long_short_ratio": null
  }
}