{
  "BTC": {
    "funding_hr_pct": -0.00048574999999999996,
    "open_interest": 27786.22388,
    "cvd_total": -5657.7513599999975,
    "cvd_12bars": 134.90796,
    "long_short_ratio": null
  },
  "ETH": {
    "funding_hr_pct": -0.00104718,
    "open_interest": 577726.1602000003,
    "cvd_total": -12865.606200000006,
    "cvd_12bars": 4881.482,
    "long_short_ratio": null
  }
}