{
  "BTC": {
    "funding_hr_pct": 0.00125,
    "open_interest": 28244.03442,
    "cvd_total": 1380.6120399999995,
    "cvd_12bars": -990.73508,
    "long_short_ratio": null
  },
  "ETH": {
    "funding_hr_pct": 0.00065532,
    "open_interest": 429336.773,
    "cvd_total": -56114.25629999997,
    "cvd_12bars": -21065.637800000004,
    "long_short_ratio": null
  }
}