{
  "BTC": {
    "funding_hr_pct": -0.00017882,
    "open_interest": 27861.56988,
    "cvd_total": -3789.8465699999983,
    "cvd_12bars": 1247.91315,
    "long_short_ratio": null
  },
  "ETH": {
    "funding_hr_pct": 0.0012198999999999999,
    "open_interest": 565486.8616000002,
    "cvd_total": -90600.75830000003,
    "cvd_12bars": 22549.129200000003,
    "long_short_ratio": null
  }
}