{
  "BTC": {
    "funding_hr_pct": 0.00125,
    "open_interest": 26952.4509,
    "cvd_total": -9097.668079999996,
    "cvd_12bars": 355.14043,
    "long_short_ratio": null
  },
  "ETH": {
    "funding_hr_pct": -0.00031404999999999996,
    "open_interest": 566223.0992,
    "cvd_total": -59802.544299999965,
    "cvd_12bars": 6290.5779999999995,
    "long_short_ratio": null
  }
}