{
  "BTC": {
    "funding_hr_pct": 6.36e-06,
    "open_interest": 27365.56824,
    "cvd_total": 9611.733909999997,
    "cvd_12bars": 1129.60497,
    "long_short_ratio": null
  },
  "ETH": {
    "funding_hr_pct": 0.00101131,
    "open_interest": 598162.5275999999,
    "cvd_total": 182123.97379999983,
    "cvd_12bars": 13719.0613,
    "long_short_ratio": null
  }
}