{
  "BTC": {
    "funding_hr_pct": 0.00087358,
    "open_interest": 30903.87708,
    "cvd_total": -13495.229509999997,
    "cvd_12bars": 1883.7221800000004,
    "long_short_ratio": null
  },
  "ETH": {
    "funding_hr_pct": 0.00125,
    "open_interest": 626240.6431999998,
    "cvd_total": -152564.50289999993,
    "cvd_12bars": -4101.727499999999,
    "long_short_ratio": null
  }
}