{
  "BTC": {
    "funding_hr_pct": -0.0002087,
    "open_interest": 28730.84632,
    "cvd_total": -351.32358000000033,
    "cvd_12bars": -1295.7916500000001,
    "long_short_ratio": null
  },
  "ETH": {
    "funding_hr_pct": -0.00066884,
    "open_interest": 571066.5334,
    "cvd_total": -49282.17699999997,
    "cvd_12bars": -3456.0289000000002,
    "long_short_ratio": null
  }
}