{
  "BTC": {
    "funding_hr_pct": 0.00092803,
    "open_interest": 29814.1125,
    "cvd_total": 3667.60021,
    "cvd_12bars": -87.01086,
    "long_short_ratio": null
  },
  "ETH": {
    "funding_hr_pct": 0.00125,
    "open_interest": 642815.6856,
    "cvd_total": 128324.33349999992,
    "cvd_12bars": -3933.6282000000006,
    "long_short_ratio": null
  }
}