{
  "BTC": {
    "funding_hr_pct": -0.00053853,
    "open_interest": 26165.29828,
    "cvd_total": -1311.9310400000008,
    "cvd_12bars": 257.43746999999996,
    "long_short_ratio": null
  },
  "ETH": {
    "funding_hr_pct": 8.142e-05,
    "open_interest": 565520.2882,
    "cvd_total": 1488.4064999999991,
    "cvd_12bars": 18295.626699999997,
    "long_short_ratio": null
  }
}