{
  "BTC": {
    "funding_hr_pct": 0.00062024,
    "open_interest": 29983.05982,
    "cvd_total": 154.05885999999973,
    "cvd_12bars": -124.67312999999999,
    "long_short_ratio": null
  },
  "ETH": {
    "funding_hr_pct": 0.00105449,
    "open_interest": 633650.2056000003,
    "cvd_total": -15435.176299999996,
    "cvd_12bars": -5616.897599999999,
    "long_short_ratio": null
  }
}