{
  "BTC": {
    "funding_hr_pct": 0.00016222,
    "open_interest": 27466.63092,
    "cvd_total": -3458.3200800000013,
    "cvd_12bars": -320.33285,
    "long_short_ratio": null
  },
  "ETH": {
    "funding_hr_pct": 0.00071669,
    "open_interest": 594533.1410000004,
    "cvd_total": -115192.0149,
    "cvd_12bars": 5633.756799999999,
    "long_short_ratio": null
  }
}