{
  "BTC": {
    "funding_hr_pct": 0.00125,
    "open_interest": 35010.38746,
    "cvd_total": 7849.272800000002,
    "cvd_12bars": 3236.33774,
    "long_short_ratio": null
  },
  "ETH": {
    "funding_hr_pct": 0.00125,
    "open_interest": 786883.2997999999,
    "cvd_total": 142104.85230000006,
    "cvd_12bars": 18008.8235,
    "long_short_ratio": null
  }
}