{
  "BTC": {
    "funding_hr_pct": 0.00043442,
    "open_interest": 24799.9858,
    "cvd_total": 13031.033929999992,
    "cvd_12bars": 3097.4355200000005,
    "long_short_ratio": null
  },
  "ETH": {
    "funding_hr_pct": 0.0009023799999999999,
    "open_interest": 426201.8734,
    "cvd_total": 117234.94360000004,
    "cvd_12bars": 35199.54980000001,
    "long_short_ratio": null
  }
}