{
  "BTC": {
    "funding_hr_pct": 0.00086912,
    "open_interest": 31253.39118,
    "cvd_total": 10344.431830000003,
    "cvd_12bars": -1030.0785500000002,
    "long_short_ratio": null
  },
  "ETH": {
    "funding_hr_pct": 0.00041965000000000004,
    "open_interest": 495678.6315999996,
    "cvd_total": 57727.2573,
    "cvd_12bars": -4055.8877999999995,
    "long_short_ratio": null
  }
}