{
  "BTC": {
    "funding_hr_pct": -0.00014234,
    "open_interest": 37117.1347,
    "cvd_total": -1224.4327900000003,
    "cvd_12bars": 604.6129300000001,
    "long_short_ratio": null
  },
  "ETH": {
    "funding_hr_pct": 0.00106433,
    "open_interest": 1022400.8041999999,
    "cvd_total": -7943.485999999973,
    "cvd_12bars": 7743.5919,
    "long_short_ratio": null
  }
}