{
  "BTC": {
    "funding_hr_pct": -0.00126972,
    "open_interest": 27126.31776,
    "cvd_total": 4226.184349999998,
    "cvd_12bars": -3676.14403,
    "long_short_ratio": null
  },
  "ETH": {
    "funding_hr_pct": -0.0026925,
    "open_interest": 590554.0608000001,
    "cvd_total": -80573.99200000001,
    "cvd_12bars": -77887.4282,
    "long_short_ratio": null
  }
}