{
  "BTC": {
    "funding_hr_pct": -0.00194557,
    "open_interest": 28397.27194,
    "cvd_total": 4567.15866,
    "cvd_12bars": -1571.9892800000002,
    "long_short_ratio": null
  },
  "ETH": {
    "funding_hr_pct": -0.00243419,
    "open_interest": 385519.0342000001,
    "cvd_total": -6942.3580999999995,
    "cvd_12bars": -7851.2844000000005,
    "long_short_ratio": null
  }
}