{
  "BTC": {
    "funding_hr_pct": 0.00125,
    "open_interest": 30322.18602,
    "cvd_total": -7109.358940000004,
    "cvd_12bars": 760.7770600000001,
    "long_short_ratio": null
  },
  "ETH": {
    "funding_hr_pct": 0.00125,
    "open_interest": 762608.6082,
    "cvd_total": -51907.55220000008,
    "cvd_12bars": 12545.822699999999,
    "long_short_ratio": null
  }
}