{
  "BTC": {
    "funding_hr_pct": -0.00068983,
    "open_interest": 29064.6436,
    "cvd_total": 7761.412600000004,
    "cvd_12bars": 894.41266,
    "long_short_ratio": null
  },
  "ETH": {
    "funding_hr_pct": -0.0002431,
    "open_interest": 573904.8063999993,
    "cvd_total": 105600.74789999999,
    "cvd_12bars": 11318.8187,
    "long_short_ratio": null
  }
}