{
  "BTC": {
    "funding_hr_pct": -0.0016719600000000001,
    "open_interest": 28526.18484,
    "cvd_total": -2430.275309999999,
    "cvd_12bars": -1600.1694800000002,
    "long_short_ratio": null
  },
  "ETH": {
    "funding_hr_pct": 0.00039851000000000003,
    "open_interest": 564487.5062000004,
    "cvd_total": -117704.62509999999,
    "cvd_12bars": -7089.171900000001,
    "long_short_ratio": null
  }
}