{
  "BTC": {
    "funding_hr_pct": 0.00114166,
    "open_interest": 30226.16102,
    "cvd_total": 814.1435200000017,
    "cvd_12bars": 2240.01337,
    "long_short_ratio": null
  },
  "ETH": {
    "funding_hr_pct": 0.00125,
    "open_interest": 684765.8838000003,
    "cvd_total": 34454.674699999996,
    "cvd_12bars": 13429.954600000001,
    "long_short_ratio": null
  }
}