{
  "BTC": {
    "funding_hr_pct": 0.00125,
    "open_interest": 25802.28816,
    "cvd_total": -5127.174699999999,
    "cvd_12bars": -1179.17442,
    "long_short_ratio": null
  },
  "ETH": {
    "funding_hr_pct": 0.00071813,
    "open_interest": 567998.4745999997,
    "cvd_total": -17483.00160000003,
    "cvd_12bars": 6356.075400000003,
    "long_short_ratio": null
  }
}