{
  "BTC": {
    "funding_hr_pct": 0.00125,
    "open_interest": 31798.51182,
    "cvd_total": 2579.0844699999993,
    "cvd_12bars": -2319.41781,
    "long_short_ratio": null
  },
  "ETH": {
    "funding_hr_pct": 0.00125,
    "open_interest": 536581.2642000011,
    "cvd_total": 14596.110000000026,
    "cvd_12bars": -52055.386000000006,
    "long_short_ratio": null
  }
}