{
  "BTC": {
    "funding_hr_pct": -0.00020941,
    "open_interest": 25936.48442,
    "cvd_total": -2432.691620000001,
    "cvd_12bars": 419.2715099999999,
    "long_short_ratio": null
  },
  "ETH": {
    "funding_hr_pct": -0.00011538000000000001,
    "open_interest": 422290.3862,
    "cvd_total": -72405.4028999999,
    "cvd_12bars": 17283.369499999997,
    "long_short_ratio": null
  }
}