{
  "BTC": {
    "funding_hr_pct": -0.00106522,
    "open_interest": 30432.38246,
    "cvd_total": 7724.343589999996,
    "cvd_12bars": -406.19921,
    "long_short_ratio": null
  },
  "ETH": {
    "funding_hr_pct": 0.00066285,
    "open_interest": 635586.1212,
    "cvd_total": 190645.01369999998,
    "cvd_12bars": -2720.6274000000008,
    "long_short_ratio": null
  }
}