{
  "BTC": {
    "funding_hr_pct": 0.00057738,
    "open_interest": 36145.21014,
    "cvd_total": -758.4672300000004,
    "cvd_12bars": 565.9545300000001,
    "long_short_ratio": null
  },
  "ETH": {
    "funding_hr_pct": 0.00075269,
    "open_interest": 707991.0730000004,
    "cvd_total": 75715.42089999997,
    "cvd_12bars": -4186.3798,
    "long_short_ratio": null
  }
}