{
  "BTC": {
    "funding_hr_pct": 4.658e-05,
    "open_interest": 27267.6694,
    "cvd_total": -4538.961850000004,
    "cvd_12bars": 2349.0946799999997,
    "long_short_ratio": null
  },
  "ETH": {
    "funding_hr_pct": 0.0008141299999999999,
    "open_interest": 577708.7600000001,
    "cvd_total": 7069.883199999994,
    "cvd_12bars": 12994.6903,
    "long_short_ratio": null
  }
}