{
  "BTC": {
    "funding_hr_pct": 0.00074989,
    "open_interest": 29545.85336,
    "cvd_total": -2013.6221000000044,
    "cvd_12bars": 93.04912999999998,
    "long_short_ratio": null
  },
  "ETH": {
    "funding_hr_pct": 0.00125,
    "open_interest": 592548.0157999998,
    "cvd_total": -48365.9686,
    "cvd_12bars": 414.1757000000001,
    "long_short_ratio": null
  }
}