{
  "BTC": {
    "funding_hr_pct": 0.00125,
    "open_interest": 26350.62892,
    "cvd_total": -2792.4290099999994,
    "cvd_12bars": -5286.87312,
    "long_short_ratio": null
  },
  "ETH": {
    "funding_hr_pct": 0.00113835,
    "open_interest": 578539.0564000008,
    "cvd_total": -133807.4819,
    "cvd_12bars": -132487.52180000002,
    "long_short_ratio": null
  }
}