{
  "BTC": {
    "funding_hr_pct": 0.00061206,
    "open_interest": 30682.7996,
    "cvd_total": -2819.6789300000028,
    "cvd_12bars": -746.8871399999999,
    "long_short_ratio": null
  },
  "ETH": {
    "funding_hr_pct": -0.001775,
    "open_interest": 683010.8772000009,
    "cvd_total": -32811.62620000001,
    "cvd_12bars": 1603.6891000000023,
    "long_short_ratio": null
  }
}