{
  "BTC": {
    "funding_hr_pct": 0.00125,
    "open_interest": 28680.0996,
    "cvd_total": 2807.4791599999994,
    "cvd_12bars": 1615.9472299999998,
    "long_short_ratio": null
  },
  "ETH": {
    "funding_hr_pct": 0.00125,
    "open_interest": 602424.4843999997,
    "cvd_total": 107430.54860000001,
    "cvd_12bars": 45580.1143,
    "long_short_ratio": null
  }
}