{
  "BTC": {
    "funding_hr_pct": 0.00125,
    "open_interest": 27026.7423,
    "cvd_total": -203.88451999999893,
    "cvd_12bars": 307.60219,
    "long_short_ratio": null
  },
  "ETH": {
    "funding_hr_pct": 0.0008463499999999999,
    "open_interest": 431282.8234,
    "cvd_total": 1471.1317999999978,
    "cvd_12bars": 1382.7585,
    "long_short_ratio": null
  }
}