{
  "BTC": {
    "funding_hr_pct": 0.00104001,
    "open_interest": 31969.9794,
    "cvd_total": 10897.666660000004,
    "cvd_12bars": -426.2344799999998,
    "long_short_ratio": null
  },
  "ETH": {
    "funding_hr_pct": 0.00078889,
    "open_interest": 504347.5504000002,
    "cvd_total": 87138.2171,
    "cvd_12bars": -4434.2673,
    "long_short_ratio": null
  }
}