{
  "BTC": {
    "funding_hr_pct": -0.00016568,
    "open_interest": 27720.02464,
    "cvd_total": 859.2362600000014,
    "cvd_12bars": -1951.1591200000003,
    "long_short_ratio": null
  },
  "ETH": {
    "funding_hr_pct": -0.0009405899999999999,
    "open_interest": 562975.0382,
    "cvd_total": -15701.39059999998,
    "cvd_12bars": -49552.49720000001,
    "long_short_ratio": null
  }
}