{
  "BTC": {
    "funding_hr_pct": 0.00030773000000000004,
    "open_interest": 29446.90404,
    "cvd_total": 3367.322039999997,
    "cvd_12bars": 32.66016000000002,
    "long_short_ratio": null
  },
  "ETH": {
    "funding_hr_pct": 0.00125,
    "open_interest": 523765.1583999999,
    "cvd_total": 47033.6471,
    "cvd_12bars": 25907.101199999997,
    "long_short_ratio": null
  }
}