{
  "BTC": {
    "funding_hr_pct": 0.00020501999999999999,
    "open_interest": 27526.428,
    "cvd_total": 8089.9003699999985,
    "cvd_12bars": -1163.00596,
    "long_short_ratio": null
  },
  "ETH": {
    "funding_hr_pct": 0.00125,
    "open_interest": 602347.2298000001,
    "cvd_total": 167782.9444999999,
    "cvd_12bars": -11285.905900000003,
    "long_short_ratio": null
  }
}