{
  "BTC": {
    "funding_hr_pct": 0.00023974,
    "open_interest": 33357.30464,
    "cvd_total": 1308.2910600000027,
    "cvd_12bars": 46.35353000000009,
    "long_short_ratio": null
  },
  "ETH": {
    "funding_hr_pct": 0.00111519,
    "open_interest": 676173.5779999996,
    "cvd_total": -178633.91370000006,
    "cvd_12bars": 15665.711099999995,
    "long_short_ratio": null
  }
}