{
  "BTC": {
    "funding_hr_pct": -0.00023813,
    "open_interest": 27549.994,
    "cvd_total": -6230.709930000004,
    "cvd_12bars": 1582.5513300000002,
    "long_short_ratio": null
  },
  "ETH": {
    "funding_hr_pct": -0.00030734,
    "open_interest": 627722.0032000004,
    "cvd_total": -128668.27170000004,
    "cvd_12bars": 35223.189600000005,
    "long_short_ratio": null
  }
}