{
  "BTC": {
    "funding_hr_pct": -0.00123462,
    "open_interest": 28273.36958,
    "cvd_total": 3558.7201900000005,
    "cvd_12bars": -4247.54719,
    "long_short_ratio": null
  },
  "ETH": {
    "funding_hr_pct": -0.00038134000000000003,
    "open_interest": 556117.5248000004,
    "cvd_total": 53484.521199999974,
    "cvd_12bars": -39289.5521,
    "long_short_ratio": null
  }
}