{
  "BTC": {
    "funding_hr_pct": -0.00021735,
    "open_interest": 28679.93546,
    "cvd_total": 574.8757200000008,
    "cvd_12bars": -771.6706700000001,
    "long_short_ratio": null
  },
  "ETH": {
    "funding_hr_pct": -0.00020363,
    "open_interest": 556728.7241999998,
    "cvd_total": -8456.830599999994,
    "cvd_12bars": 5191.438800000001,
    "long_short_ratio": null
  }
}