{
  "BTC": {
    "funding_hr_pct": 0.00125,
    "open_interest": 27669.98988,
    "cvd_total": 6214.82516,
    "cvd_12bars": -811.58107,
    "long_short_ratio": null
  },
  "ETH": {
    "funding_hr_pct": 0.00125,
    "open_interest": 573927.1216000001,
    "cvd_total": 126352.533,
    "cvd_12bars": -1502.337,
    "long_short_ratio": null
  }
}