{
  "BTC": {
    "funding_hr_pct": 0.00035497,
    "open_interest": 26936.10024,
    "cvd_total": -6632.844110000003,
    "cvd_12bars": 67.90582000000006,
    "long_short_ratio": null
  },
  "ETH": {
    "funding_hr_pct": 0.00036265,
    "open_interest": 573444.3750000001,
    "cvd_total": -11362.7684,
    "cvd_12bars": -8228.097699999998,
    "long_short_ratio": null
  }
}