{
  "BTC": {
    "funding_hr_pct": 0.00125,
    "open_interest": 37649.2380999999,
    "cvd_total": 1646.980189999998,
    "cvd_12bars": 256.02772000000004,
    "long_short_ratio": null
  },
  "ETH": {
    "funding_hr_pct": 0.00125,
    "open_interest": 804332.2700000001,
    "cvd_total": -15069.830400000046,
    "cvd_12bars": -136.26940000000013,
    "long_short_ratio": null
  }
}