{
  "BTC": {
    "funding_hr_pct": 0.00125,
    "open_interest": 39029.9843,
    "cvd_total": -50.47711000000008,
    "cvd_12bars": -192.29595,
    "long_short_ratio": null
  },
  "ETH": {
    "funding_hr_pct": 0.00125,
    "open_interest": 969540.8402000001,
    "cvd_total": -86603.69559999998,
    "cvd_12bars": 20164.3144,
    "long_short_ratio": null
  }
}