{
  "BTC": {
    "funding_hr_pct": -0.00030234,
    "open_interest": 26808.88108,
    "cvd_total": 6804.866420000002,
    "cvd_12bars": -84.70681000000009,
    "long_short_ratio": null
  },
  "ETH": {
    "funding_hr_pct": 0.00044369,
    "open_interest": 569190.7771999999,
    "cvd_total": 76273.83719999997,
    "cvd_12bars": 528.1663999999996,
    "long_short_ratio": null
  }
}