{
  "BTC": {
    "funding_hr_pct": 0.00125,
    "open_interest": 33268.90994,
    "cvd_total": -3640.410090000002,
    "cvd_12bars": -1076.4183600000001,
    "long_short_ratio": null
  },
  "ETH": {
    "funding_hr_pct": -0.00167811,
    "open_interest": 688739.9687999997,
    "cvd_total": -10063.76439999999,
    "cvd_12bars": -17459.055900000003,
    "long_short_ratio": null
  }
}