{
  "BTC": {
    "funding_hr_pct": 0.00125,
    "open_interest": 40055.03708,
    "cvd_total": 4206.186399999999,
    "cvd_12bars": 906.4307400000001,
    "long_short_ratio": null
  },
  "ETH": {
    "funding_hr_pct": 0.00125,
    "open_interest": 985772.9710000003,
    "cvd_total": -2253.563800000088,
    "cvd_12bars": 38872.52420000001,
    "long_short_ratio": null
  }
}