{
  "BTC": {
    "funding_hr_pct": 0.00031318,
    "open_interest": 27451.75806,
    "cvd_total": 1744.0690800000004,
    "cvd_12bars": -16.41860000000002,
    "long_short_ratio": null
  },
  "ETH": {
    "funding_hr_pct": 0.00125,
    "open_interest": 612393.8480000001,
    "cvd_total": -47160.40930000001,
    "cvd_12bars": 20961.0428,
    "long_short_ratio": null
  }
}