{
  "BTC": {
    "funding_hr_pct": -0.0008430299999999999,
    "open_interest": 27714.965,
    "cvd_total": -5645.376579999997,
    "cvd_12bars": 1499.26293,
    "long_short_ratio": null
  },
  "ETH": {
    "funding_hr_pct": -0.00017106,
    "open_interest": 430902.9612,
    "cvd_total": -54706.23269999998,
    "cvd_12bars": 11039.665599999998,
    "long_short_ratio": null
  }
}