{
  "BTC": {
    "funding_hr_pct": 0.00125,
    "open_interest": 38208.1769,
    "cvd_total": -3701.2003299999997,
    "cvd_12bars": -975.51172,
    "long_short_ratio": null
  },
  "ETH": {
    "funding_hr_pct": 0.00125,
    "open_interest": 856574.5798000004,
    "cvd_total": -59953.502599999985,
    "cvd_12bars": -18344.872400000004,
    "long_short_ratio": null
  }
}