{
  "BTC": {
    "funding_hr_pct": 0.00125,
    "open_interest": 28428.33312,
    "cvd_total": -3240.7371700000003,
    "cvd_12bars": 640.78366,
    "long_short_ratio": null
  },
  "ETH": {
    "funding_hr_pct": 0.00125,
    "open_interest": 542686.6712000006,
    "cvd_total": 48814.37319999998,
    "cvd_12bars": -1352.4772000000003,
    "long_short_ratio": null
  }
}