{
  "BTC": {
    "funding_hr_pct": 0.00040298,
    "open_interest": 28110.34732,
    "cvd_total": -1972.1775700000005,
    "cvd_12bars": -559.1811400000001,
    "long_short_ratio": null
  },
  "ETH": {
    "funding_hr_pct": 0.00125,
    "open_interest": 590019.7102000006,
    "cvd_total": -12220.289299999997,
    "cvd_12bars": 2997.1255000000006,
    "long_short_ratio": null
  }
}