{
  "BTC": {
    "funding_hr_pct": 0.0011412100000000001,
    "open_interest": 27227.5179,
    "cvd_total": -7225.085440000002,
    "cvd_12bars": 212.48184000000003,
    "long_short_ratio": null
  },
  "ETH": {
    "funding_hr_pct": 0.00012549,
    "open_interest": 578125.1343999997,
    "cvd_total": -68504.52649999999,
    "cvd_12bars": -16275.319499999998,
    "long_short_ratio": null
  }
}