{
  "BTC": {
    "funding_hr_pct": -0.00028429,
    "open_interest": 27192.16518,
    "cvd_total": 3906.018380000002,
    "cvd_12bars": 966.2127099999999,
    "long_short_ratio": null
  },
  "ETH": {
    "funding_hr_pct": 0.00035786,
    "open_interest": 611508.7434000002,
    "cvd_total": 7907.430500000055,
    "cvd_12bars": 1545.1037999999999,
    "long_short_ratio": null
  }
}