{
  "BTC": {
    "funding_hr_pct": -0.0021766000000000003,
    "open_interest": 29199.21018,
    "cvd_total": -9060.93889,
    "cvd_12bars": -1700.18724,
    "long_short_ratio": null
  },
  "ETH": {
    "funding_hr_pct": 0.00085859,
    "open_interest": 557605.4801999999,
    "cvd_total": -120211.38139999994,
    "cvd_12bars": -23889.520399999998,
    "long_short_ratio": null
  }
}