{
  "BTC": {
    "funding_hr_pct": 6.662e-05,
    "open_interest": 25595.27246,
    "cvd_total": 6609.472340000001,
    "cvd_12bars": 1435.6711599999999,
    "long_short_ratio": null
  },
  "ETH": {
    "funding_hr_pct": 0.00017371000000000002,
    "open_interest": 445370.9366000002,
    "cvd_total": 127906.54949999996,
    "cvd_12bars": 34755.8855,
    "long_short_ratio": null
  }
}