{
  "BTC": {
    "funding_hr_pct": -0.00130785,
    "open_interest": 28773.09492,
    "cvd_total": -77.99705000000002,
    "cvd_12bars": 816.3177699999999,
    "long_short_ratio": null
  },
  "ETH": {
    "funding_hr_pct": 0.00117744,
    "open_interest": 551425.6643999999,
    "cvd_total": 24916.84850000002,
    "cvd_12bars": 6496.2413,
    "long_short_ratio": null
  }
}