{
  "BTC": {
    "funding_hr_pct": 0.00032513,
    "open_interest": 33332.2214,
    "cvd_total": -8257.666269999996,
    "cvd_12bars": 6211.733270000001,
    "long_short_ratio": null
  },
  "ETH": {
    "funding_hr_pct": -0.00011520999999999999,
    "open_interest": 666112.2986,
    "cvd_total": -218212.50740000006,
    "cvd_12bars": 55919.7814,
    "long_short_ratio": null
  }
}