{
  "BTC": {
    "funding_hr_pct": 0.00059292,
    "open_interest": 27520.25204,
    "cvd_total": -388.2406799999999,
    "cvd_12bars": -207.57642,
    "long_short_ratio": null
  },
  "ETH": {
    "funding_hr_pct": -0.00064733,
    "open_interest": 434640.15,
    "cvd_total": 35278.982199999984,
    "cvd_12bars": -4628.1183,
    "long_short_ratio": null
  }
}