{
  "BTC": {
    "funding_hr_pct": 0.00040369,
    "open_interest": 27199.64472,
    "cvd_total": -3332.966830000002,
    "cvd_12bars": 81.73162000000005,
    "long_short_ratio": null
  },
  "ETH": {
    "funding_hr_pct": 0.00015868,
    "open_interest": 581834.0986,
    "cvd_total": -102937.72079999997,
    "cvd_12bars": 13640.9725,
    "long_short_ratio": null
  }
}