{
  "BTC": {
    "funding_hr_pct": 0.00125,
    "open_interest": 34710.3282199997,
    "cvd_total": 4510.407710000001,
    "cvd_12bars": 1267.9322799999998,
    "long_short_ratio": null
  },
  "ETH": {
    "funding_hr_pct": 0.00125,
    "open_interest": 794561.1502,
    "cvd_total": 103475.05530000005,
    "cvd_12bars": 16876.0193,
    "long_short_ratio": null
  }
}