{
  "BTC": {
    "funding_hr_pct": 0.00125,
    "open_interest": 29475.86412,
    "cvd_total": -2719.07372,
    "cvd_12bars": -767.3359499999999,
    "long_short_ratio": null
  },
  "ETH": {
    "funding_hr_pct": 0.00125,
    "open_interest": 531963.9578,
    "cvd_total": -27243.133800000018,
    "cvd_12bars": -8012.0589,
    "long_short_ratio": null
  }
}