{
  "BTC": {
    "funding_hr_pct": 0.0010596100000000001,
    "open_interest": 28580.76702,
    "cvd_total": 1812.411419999999,
    "cvd_12bars": 546.48249,
    "long_short_ratio": null
  },
  "ETH": {
    "funding_hr_pct": -0.0007857799999999999,
    "open_interest": 439895.0528000001,
    "cvd_total": -38445.432899999985,
    "cvd_12bars": 5144.1507,
    "long_short_ratio": null
  }
}