{
  "BTC": {
    "funding_hr_pct": 0.00125,
    "open_interest": 29736.0073,
    "cvd_total": -2254.818419999999,
    "cvd_12bars": -559.7420299999999,
    "long_short_ratio": null
  },
  "ETH": {
    "funding_hr_pct": 0.00125,
    "open_interest": 646388.3483999996,
    "cvd_total": -26991.460699999992,
    "cvd_12bars": -807.9383000000007,
    "long_short_ratio": null
  }
}