{
  "BTC": {
    "funding_hr_pct": 0.00077753,
    "open_interest": 27197.08124,
    "cvd_total": 5589.726270000001,
    "cvd_12bars": 1428.6577200000002,
    "long_short_ratio": null
  },
  "ETH": {
    "funding_hr_pct": 0.00125,
    "open_interest": 616999.6703999998,
    "cvd_total": 44563.319500000005,
    "cvd_12bars": 65930.114,
    "long_short_ratio": null
  }
}