{
  "BTC": {
    "funding_hr_pct": -0.0007067800000000001,
    "open_interest": 29779.27762,
    "cvd_total": 3588.2218300000004,
    "cvd_12bars": 877.52586,
    "long_short_ratio": null
  },
  "ETH": {
    "funding_hr_pct": 0.00104278,
    "open_interest": 554787.5717999997,
    "cvd_total": -9304.77030000002,
    "cvd_12bars": 3812.9806000000003,
    "long_short_ratio": null
  }
}