{
  "BTC": {
    "funding_hr_pct": -0.00128381,
    "open_interest": 27887.28362,
    "cvd_total": 8598.80413,
    "cvd_12bars": -1725.8242500000001,
    "long_short_ratio": null
  },
  "ETH": {
    "funding_hr_pct": -0.00085324,
    "open_interest": 396117.3547999999,
    "cvd_total": 28937.387899999987,
    "cvd_12bars": -23510.828700000002,
    "long_short_ratio": null
  }
}