{
  "BTC": {
    "funding_hr_pct": 0.00125,
    "open_interest": 27040.9391199999,
    "cvd_total": -10146.745009999995,
    "cvd_12bars": -843.8344700000002,
    "long_short_ratio": null
  },
  "ETH": {
    "funding_hr_pct": 0.00099327,
    "open_interest": 584180.9216,
    "cvd_total": -110164.76479999993,
    "cvd_12bars": 10272.0517,
    "long_short_ratio": null
  }
}