{
  "BTC": {
    "funding_hr_pct": 0.00125,
    "open_interest": 37681.82224,
    "cvd_total": 219.05892000000026,
    "cvd_12bars": -127.56060000000005,
    "long_short_ratio": null
  },
  "ETH": {
    "funding_hr_pct": 0.00125,
    "open_interest": 833947.1070000001,
    "cvd_total": 4256.061399999979,
    "cvd_12bars": 14601.851700000001,
    "long_short_ratio": null
  }
}