{
  "BTC": {
    "funding_hr_pct": -0.00060978,
    "open_interest": 28431.84256,
    "cvd_total": -3319.149569999999,
    "cvd_12bars": -1526.0511699999997,
    "long_short_ratio": null
  },
  "ETH": {
    "funding_hr_pct": 0.00018617,
    "open_interest": 556669.8940000006,
    "cvd_total": -136429.46820000003,
    "cvd_12bars": -12611.050300000003,
    "long_short_ratio": null
  }
}