{
  "BTC": {
    "funding_hr_pct": -0.00102209,
    "open_interest": 28597.44596,
    "cvd_total": -8691.06851,
    "cvd_12bars": 152.73059,
    "long_short_ratio": null
  },
  "ETH": {
    "funding_hr_pct": 0.00125,
    "open_interest": 582891.8040000001,
    "cvd_total": -116425.67889999998,
    "cvd_12bars": 9725.4274,
    "long_short_ratio": null
  }
}