{
  "BTC": {
    "funding_hr_pct": -0.00088852,
    "open_interest": 29381.86496,
    "cvd_total": 5007.927780000001,
    "cvd_12bars": 929.8535800000001,
    "long_short_ratio": null
  },
  "ETH": {
    "funding_hr_pct": 0.00125,
    "open_interest": 512952.2291999999,
    "cvd_total": 3856.3370000000054,
    "cvd_12bars": 19477.2402,
    "long_short_ratio": null
  }
}