{
  "BTC": {
    "funding_hr_pct": -0.0017368799999999999,
    "open_interest": 27773.03752,
    "cvd_total": -13196.615700000002,
    "cvd_12bars": -2289.1151700000005,
    "long_short_ratio": null
  },
  "ETH": {
    "funding_hr_pct": 0.00051744,
    "open_interest": 586876.8280000006,
    "cvd_total": -274925.58309999993,
    "cvd_12bars": 983.0801999999985,
    "long_short_ratio": null
  }
}