{
  "BTC": {
    "funding_hr_pct": 0.00058126,
    "open_interest": 25521.76832,
    "cvd_total": -5638.65537,
    "cvd_12bars": -3178.07752,
    "long_short_ratio": null
  },
  "ETH": {
    "funding_hr_pct": -0.00034181,
    "open_interest": 571331.9215999999,
    "cvd_total": -87950.92309999996,
    "cvd_12bars": -15551.732799999996,
    "long_short_ratio": null
  }
}