{
  "BTC": {
    "funding_hr_pct": -0.00133168,
    "open_interest": 28759.96652,
    "cvd_total": 724.1941299999997,
    "cvd_12bars": -13.826199999999972,
    "long_short_ratio": null
  },
  "ETH": {
    "funding_hr_pct": 0.00125,
    "open_interest": 553588.9408000001,
    "cvd_total": 955.9022000000041,
    "cvd_12bars": -7677.954899999997,
    "long_short_ratio": null
  }
}