{
  "BTC": {
    "funding_hr_pct": -4.864e-05,
    "open_interest": 24463.83624,
    "cvd_total": 7450.894070000003,
    "cvd_12bars": 16.17422,
    "long_short_ratio": null
  },
  "ETH": {
    "funding_hr_pct": -6.964e-05,
    "open_interest": 555850.6312,
    "cvd_total": 10594.90009999994,
    "cvd_12bars": -5642.7244,
    "long_short_ratio": null
  }
}