{
  "BTC": {
    "funding_hr_pct": 0.00125,
    "open_interest": 34521.37562,
    "cvd_total": 3053.7920900000004,
    "cvd_12bars": 561.0085499999999,
    "long_short_ratio": null
  },
  "ETH": {
    "funding_hr_pct": 0.00125,
    "open_interest": 780315.7431999998,
    "cvd_total": 87342.43610000004,
    "cvd_12bars": 44767.1958,
    "long_short_ratio": null
  }
}