{
  "BTC": {
    "funding_hr_pct": 0.0008706899999999999,
    "open_interest": 36352.02204,
    "cvd_total": -6219.873260000001,
    "cvd_12bars": -617.7653899999998,
    "long_short_ratio": null
  },
  "ETH": {
    "funding_hr_pct": 0.00087978,
    "open_interest": 724292.3930000003,
    "cvd_total": -16897.152199999997,
    "cvd_12bars": 8066.614000000001,
    "long_short_ratio": null
  }
}