{
  "BTC": {
    "funding_hr_pct": -0.00205195,
    "open_interest": 28710.9909999999,
    "cvd_total": -1484.347919999999,
    "cvd_12bars": -570.1183000000001,
    "long_short_ratio": null
  },
  "ETH": {
    "funding_hr_pct": 0.00046779,
    "open_interest": 550600.5812,
    "cvd_total": 5629.2693000000045,
    "cvd_12bars": -70.96669999999926,
    "long_short_ratio": null
  }
}