{
  "BTC": {
    "funding_hr_pct": 0.00125,
    "open_interest": 38221.74838,
    "cvd_total": -6000.095240000001,
    "cvd_12bars": 348.5831,
    "long_short_ratio": null
  },
  "ETH": {
    "funding_hr_pct": 0.00125,
    "open_interest": 783748.1416000002,
    "cvd_total": -91418.28929999996,
    "cvd_12bars": -15234.567300000002,
    "long_short_ratio": null
  }
}