{
  "BTC": {
    "funding_hr_pct": 0.00125,
    "open_interest": 40105.65786,
    "cvd_total": 3435.516340000001,
    "cvd_12bars": 985.8334600000001,
    "long_short_ratio": null
  },
  "ETH": {
    "funding_hr_pct": 0.00125,
    "open_interest": 988264.231,
    "cvd_total": 68368.25749999996,
    "cvd_12bars": 10777.8957,
    "long_short_ratio": null
  }
}