{
  "BTC": {
    "funding_hr_pct": -0.00226698,
    "open_interest": 28051.94666,
    "cvd_total": 9406.039090000002,
    "cvd_12bars": -654.7607200000001,
    "long_short_ratio": null
  },
  "ETH": {
    "funding_hr_pct": -0.0036510400000000004,
    "open_interest": 415172.2786,
    "cvd_total": 13694.246600000004,
    "cvd_12bars": 150.89320000000058,
    "long_short_ratio": null
  }
}