{
  "BTC": {
    "funding_hr_pct": 0.00125,
    "open_interest": 38181.15692,
    "cvd_total": 5789.510390000001,
    "cvd_12bars": 5211.6197,
    "long_short_ratio": null
  },
  "ETH": {
    "funding_hr_pct": 0.00125,
    "open_interest": 794546.8685999991,
    "cvd_total": 18243.605199999995,
    "cvd_12bars": 52834.610400000005,
    "long_short_ratio": null
  }
}