{
  "BTC": {
    "funding_hr_pct": -0.00105219,
    "open_interest": 28564.36118,
    "cvd_total": -1816.088189999998,
    "cvd_12bars": 1402.01327,
    "long_short_ratio": null
  },
  "ETH": {
    "funding_hr_pct": 0.00061039,
    "open_interest": 566122.2307999997,
    "cvd_total": -122042.20269999997,
    "cvd_12bars": -13.028999999999542,
    "long_short_ratio": null
  }
}