{
  "BTC": {
    "funding_hr_pct": -0.0018172199999999998,
    "open_interest": 28829.7857,
    "cvd_total": -578.7894499999998,
    "cvd_12bars": -181.05933,
    "long_short_ratio": null
  },
  "ETH": {
    "funding_hr_pct": 0.00031212,
    "open_interest": 556335.0296,
    "cvd_total": -4145.657999999996,
    "cvd_12bars": -2428.1257,
    "long_short_ratio": null
  }
}