{
  "BTC": {
    "funding_hr_pct": 0.00125,
    "open_interest": 33423.1862,
    "cvd_total": 9602.260349999997,
    "cvd_12bars": 9304.131410000002,
    "long_short_ratio": null
  },
  "ETH": {
    "funding_hr_pct": 0.00105525,
    "open_interest": 665535.3258000002,
    "cvd_total": -118750.39930000006,
    "cvd_12bars": 44733.88449999999,
    "long_short_ratio": null
  }
}