{
  "BTC": {
    "funding_hr_pct": -0.00043473,
    "open_interest": 27988.2653199999,
    "cvd_total": 8219.067879999999,
    "cvd_12bars": 228.34726999999992,
    "long_short_ratio": null
  },
  "ETH": {
    "funding_hr_pct": 0.00125,
    "open_interest": 617866.8444000003,
    "cvd_total": -58123.86519999999,
    "cvd_12bars": 12171.240600000003,
    "long_short_ratio": null
  }
}