{
  "BTC": {
    "funding_hr_pct": -0.00015102,
    "open_interest": 27950.2013,
    "cvd_total": 2202.523670000001,
    "cvd_12bars": -522.1998,
    "long_short_ratio": null
  },
  "ETH": {
    "funding_hr_pct": 0.00098589,
    "open_interest": 591701.3738,
    "cvd_total": 25063.18930000001,
    "cvd_12bars": -1593.336500000001,
    "long_short_ratio": null
  }
}