{
  "BTC": {
    "funding_hr_pct": -0.00014395,
    "open_interest": 28510.13924,
    "cvd_total": 3313.1930500000044,
    "cvd_12bars": -4549.82257,
    "long_short_ratio": null
  },
  "ETH": {
    "funding_hr_pct": -0.00030707,
    "open_interest": 559457.8411999998,
    "cvd_total": 44469.88039999998,
    "cvd_12bars": -53996.1946,
    "long_short_ratio": null
  }
}