{
  "BTC": {
    "funding_hr_pct": 0.00125,
    "open_interest": 39054.43316,
    "cvd_total": -1621.969890000002,
    "cvd_12bars": -1053.92703,
    "long_short_ratio": null
  },
  "ETH": {
    "funding_hr_pct": 0.00125,
    "open_interest": 960489.3482000001,
    "cvd_total": -200037.3735999999,
    "cvd_12bars": 1917.3399000000009,
    "long_short_ratio": null
  }
}