{
  "BTC": {
    "funding_hr_pct": 0.00125,
    "open_interest": 33142.6014,
    "cvd_total": 10978.679170000003,
    "cvd_12bars": 14616.605270000002,
    "long_short_ratio": null
  },
  "ETH": {
    "funding_hr_pct": 0.00107907,
    "open_interest": 675863.3415999995,
    "cvd_total": -111674.45240000004,
    "cvd_12bars": 101910.75150000001,
    "long_short_ratio": null
  }
}