{
  "BTC": {
    "funding_hr_pct": -0.0017158899999999999,
    "open_interest": 28117.5245200002,
    "cvd_total": 4372.56133,
    "cvd_12bars": 270.99574000000007,
    "long_short_ratio": null
  },
  "ETH": {
    "funding_hr_pct": -0.0016745899999999999,
    "open_interest": 386465.5948000001,
    "cvd_total": -3340.1640000000043,
    "cvd_12bars": -792.7274000000006,
    "long_short_ratio": null
  }
}