{
  "BTC": {
    "funding_hr_pct": 0.00020713,
    "open_interest": 26485.16752,
    "cvd_total": 811.4310499999997,
    "cvd_12bars": 295.31330999999994,
    "long_short_ratio": null
  },
  "ETH": {
    "funding_hr_pct": 0.00032994999999999997,
    "open_interest": 570266.8874000001,
    "cvd_total": 62372.855700000044,
    "cvd_12bars": 5309.3811,
    "long_short_ratio": null
  }
}