{
  "BTC": {
    "funding_hr_pct": 0.00125,
    "open_interest": 27967.7098400001,
    "cvd_total": 389.01854000000054,
    "cvd_12bars": 65.99603,
    "long_short_ratio": null
  },
  "ETH": {
    "funding_hr_pct": 0.00025919,
    "open_interest": 595321.2768000003,
    "cvd_total": 64515.4054,
    "cvd_12bars": 6610.271900000001,
    "long_short_ratio": null
  }
}