{
  "BTC": {
    "funding_hr_pct": 0.00125,
    "open_interest": 32726.02188,
    "cvd_total": 11804.131430000001,
    "cvd_12bars": 5106.495330000001,
    "long_short_ratio": null
  },
  "ETH": {
    "funding_hr_pct": 0.00060611,
    "open_interest": 724163.0089999998,
    "cvd_total": 305968.4624000002,
    "cvd_12bars": 138881.46209999998,
    "long_short_ratio": null
  }
}