{
  "BTC": {
    "funding_hr_pct": 0.00125,
    "open_interest": 37641.74384,
    "cvd_total": -3805.21534,
    "cvd_12bars": -950.81028,
    "long_short_ratio": null
  },
  "ETH": {
    "funding_hr_pct": 0.00125,
    "open_interest": 967933.1665999999,
    "cvd_total": -67362.17239999997,
    "cvd_12bars": -7092.804300000001,
    "long_short_ratio": null
  }
}