{
  "BTC": {
    "funding_hr_pct": 0.00125,
    "open_interest": 31775.02802,
    "cvd_total": -36666.960599999984,
    "cvd_12bars": -8273.926039999998,
    "long_short_ratio": null
  },
  "ETH": {
    "funding_hr_pct": 0.00125,
    "open_interest": 648031.8967999996,
    "cvd_total": -371892.6499999999,
    "cvd_12bars": -92732.6569,
    "long_short_ratio": null
  }
}