{
  "BTC": {
    "funding_hr_pct": -0.00139656,
    "open_interest": 27141.63104,
    "cvd_total": 5477.96588,
    "cvd_12bars": 1934.6423900000002,
    "long_short_ratio": null
  },
  "ETH": {
    "funding_hr_pct": -0.00143001,
    "open_interest": 412469.5325999998,
    "cvd_total": -39322.356999999996,
    "cvd_12bars": 6038.436000000001,
    "long_short_ratio": null
  }
}