{
  "BTC": {
    "funding_hr_pct": 0.00125,
    "open_interest": 27833.02576,
    "cvd_total": 2562.0680300000026,
    "cvd_12bars": 6286.344370000001,
    "long_short_ratio": null
  },
  "ETH": {
    "funding_hr_pct": 0.00125,
    "open_interest": 567230.0819999997,
    "cvd_total": -21554.825600000037,
    "cvd_12bars": 75735.341,
    "long_short_ratio": null
  }
}