{
  "BTC": {
    "funding_hr_pct": -0.00106689,
    "open_interest": 28904.87664,
    "cvd_total": 6735.406550000005,
    "cvd_12bars": 235.41915,
    "long_short_ratio": null
  },
  "ETH": {
    "funding_hr_pct": 0.00035951,
    "open_interest": 571792.7053999999,
    "cvd_total": 85608.36170000001,
    "cvd_12bars": -5771.768499999999,
    "long_short_ratio": null
  }
}