{
  "BTC": {
    "funding_hr_pct": -0.00093808,
    "open_interest": 26293.66208,
    "cvd_total": -3563.239020000002,
    "cvd_12bars": 639.1500199999999,
    "long_short_ratio": null
  },
  "ETH": {
    "funding_hr_pct": -0.0023960599999999998,
    "open_interest": 549033.8927999996,
    "cvd_total": -165258.0805,
    "cvd_12bars": -43037.5785,
    "long_short_ratio": null
  }
}