{
  "BTC": {
    "funding_hr_pct": -0.00136755,
    "open_interest": 29315.22286,
    "cvd_total": 3249.358100000002,
    "cvd_12bars": 496.05439,
    "long_short_ratio": null
  },
  "ETH": {
    "funding_hr_pct": 0.00075095,
    "open_interest": 539826.9552,
    "cvd_total": -19903.98880000001,
    "cvd_12bars": -664.9427000000003,
    "long_short_ratio": null
  }
}