{
  "BTC": {
    "funding_hr_pct": -0.00111459,
    "open_interest": 27135.5878,
    "cvd_total": -7390.814709999997,
    "cvd_12bars": 303.71621,
    "long_short_ratio": null
  },
  "ETH": {
    "funding_hr_pct": 0.00125,
    "open_interest": 590319.7020000004,
    "cvd_total": -240147.69710000002,
    "cvd_12bars": 5882.468199999996,
    "long_short_ratio": null
  }
}