{
  "BTC": {
    "funding_hr_pct": 6.881e-05,
    "open_interest": 28371.91912,
    "cvd_total": 1581.773889999999,
    "cvd_12bars": -1367.4607399999995,
    "long_short_ratio": null
  },
  "ETH": {
    "funding_hr_pct": -0.00208536,
    "open_interest": 429026.8709999999,
    "cvd_total": -62572.72709999999,
    "cvd_12bars": -34750.575000000004,
    "long_short_ratio": null
  }
}