{
  "BTC": {
    "funding_hr_pct": 0.00032146000000000003,
    "open_interest": 30184.4103,
    "cvd_total": 72.09251000000073,
    "cvd_12bars": -2521.39455,
    "long_short_ratio": null
  },
  "ETH": {
    "funding_hr_pct": 0.00125,
    "open_interest": 515238.3664000001,
    "cvd_total": 19186.830400000003,
    "cvd_12bars": -26912.5647,
    "long_short_ratio": null
  }
}