{
  "BTC": {
    "funding_hr_pct": 7.227999999999999e-05,
    "open_interest": 27352.8032,
    "cvd_total": -2855.950030000002,
    "cvd_12bars": -390.0619499999999,
    "long_short_ratio": null
  },
  "ETH": {
    "funding_hr_pct": -0.00120067,
    "open_interest": 598782.0731999993,
    "cvd_total": -113858.8195,
    "cvd_12bars": -6898.534999999999,
    "long_short_ratio": null
  }
}