{
  "BTC": {
    "funding_hr_pct": -0.00017958,
    "open_interest": 29267.56398,
    "cvd_total": 1049.193210000001,
    "cvd_12bars": -38.15870999999997,
    "long_short_ratio": null
  },
  "ETH": {
    "funding_hr_pct": 0.00095983,
    "open_interest": 534106.0271999999,
    "cvd_total": 4397.1627000000035,
    "cvd_12bars": -6048.1002,
    "long_short_ratio": null
  }
}