{
  "BTC": {
    "funding_hr_pct": 0.0005494499999999999,
    "open_interest": 28674.53588,
    "cvd_total": -2731.1342299999997,
    "cvd_12bars": -371.5091600000001,
    "long_short_ratio": null
  },
  "ETH": {
    "funding_hr_pct": -0.00068819,
    "open_interest": 563714.1203999994,
    "cvd_total": -121443.34270000001,
    "cvd_12bars": -9457.2932,
    "long_short_ratio": null
  }
}