{
  "BTC": {
    "funding_hr_pct": -0.0013634,
    "open_interest": 27411.92792,
    "cvd_total": 1810.0342,
    "cvd_12bars": 916.57505,
    "long_short_ratio": null
  },
  "ETH": {
    "funding_hr_pct": 0.00112327,
    "open_interest": 608379.0019999999,
    "cvd_total": -48273.735199999996,
    "cvd_12bars": 28243.6776,
    "long_short_ratio": null
  }
}