{
  "BTC": {
    "funding_hr_pct": 0.00125,
    "open_interest": 26899.96546,
    "cvd_total": -9274.205730000001,
    "cvd_12bars": -64.97900000000007,
    "long_short_ratio": null
  },
  "ETH": {
    "funding_hr_pct": 0.00125,
    "open_interest": 595734.4428000002,
    "cvd_total": -249350.13590000002,
    "cvd_12bars": 12380.2503,
    "long_short_ratio": null
  }
}