{
  "BTC": {
    "funding_hr_pct": 0.00125,
    "open_interest": 27666.88168,
    "cvd_total": 10887.078179999999,
    "cvd_12bars": 2627.8147400000003,
    "long_short_ratio": null
  },
  "ETH": {
    "funding_hr_pct": 0.00125,
    "open_interest": 612543.8367999998,
    "cvd_total": 177466.9754999999,
    "cvd_12bars": 25055.2236,
    "long_short_ratio": null
  }
}