{
  "BTC": {
    "funding_hr_pct": 0.00125,
    "open_interest": 32791.97468,
    "cvd_total": 6217.15116,
    "cvd_12bars": 815.73166,
    "long_short_ratio": null
  },
  "ETH": {
    "funding_hr_pct": 0.00095121,
    "open_interest": 724859.6414,
    "cvd_total": 180063.66980000012,
    "cvd_12bars": 6805.3699,
    "long_short_ratio": null
  }
}