{
  "BTC": {
    "funding_hr_pct": 0.00125,
    "open_interest": 36017.0749,
    "cvd_total": 7168.114409999996,
    "cvd_12bars": 90.1095,
    "long_short_ratio": null
  },
  "ETH": {
    "funding_hr_pct": 0.00125,
    "open_interest": 1051177.9571999998,
    "cvd_total": 34920.4906,
    "cvd_12bars": -1148.5508000000002,
    "long_short_ratio": null
  }
}