{
  "BTC": {
    "funding_hr_pct": -7.984e-05,
    "open_interest": 27272.18164,
    "cvd_total": 2388.9218799999967,
    "cvd_12bars": -766.9043399999999,
    "long_short_ratio": null
  },
  "ETH": {
    "funding_hr_pct": 0.0005279799999999999,
    "open_interest": 574740.257799999,
    "cvd_total": 2147.0340999999985,
    "cvd_12bars": -8078.717100000002,
    "long_short_ratio": null
  }
}