{
  "BTC": {
    "funding_hr_pct": -0.0009365700000000001,
    "open_interest": 27955.7569,
    "cvd_total": 5277.76258,
    "cvd_12bars": -654.0414400000001,
    "long_short_ratio": null
  },
  "ETH": {
    "funding_hr_pct": -0.00190121,
    "open_interest": 387826.083,
    "cvd_total": -2795.111300000005,
    "cvd_12bars": -2353.7884999999997,
    "long_short_ratio": null
  }
}