{
  "BTC": {
    "funding_hr_pct": 0.00025663,
    "open_interest": 28666.57344,
    "cvd_total": -5712.513130000001,
    "cvd_12bars": 1160.86809,
    "long_short_ratio": null
  },
  "ETH": {
    "funding_hr_pct": 0.00125,
    "open_interest": 572222.6400000002,
    "cvd_total": -97377.94600000001,
    "cvd_12bars": -814.5849000000001,
    "long_short_ratio": null
  }
}