{
  "BTC": {
    "funding_hr_pct": -0.0016457800000000001,
    "open_interest": 29419.6728,
    "cvd_total": 1808.7918699999987,
    "cvd_12bars": 128.39030000000005,
    "long_short_ratio": null
  },
  "ETH": {
    "funding_hr_pct": 0.00125,
    "open_interest": 589476.5063999998,
    "cvd_total": 24685.43250000002,
    "cvd_12bars": -1043.3013999999994,
    "long_short_ratio": null
  }
}