{
  "BTC": {
    "funding_hr_pct": 0.00125,
    "open_interest": 35325.28534,
    "cvd_total": 4706.411170000004,
    "cvd_12bars": -167.85124999999996,
    "long_short_ratio": null
  },
  "ETH": {
    "funding_hr_pct": 0.00125,
    "open_interest": 779871.1266000001,
    "cvd_total": 82359.28929999996,
    "cvd_12bars": 6632.7206,
    "long_short_ratio": null
  }
}