{
  "BTC": {
    "funding_hr_pct": -0.0018162500000000002,
    "open_interest": 27916.4513,
    "cvd_total": 6513.14567,
    "cvd_12bars": 697.1094499999998,
    "long_short_ratio": null
  },
  "ETH": {
    "funding_hr_pct": -0.00093911,
    "open_interest": 599938.6356000004,
    "cvd_total": -37456.13079999999,
    "cvd_12bars": 36465.55819999999,
    "long_short_ratio": null
  }
}