{
  "BTC": {
    "funding_hr_pct": 0.00125,
    "open_interest": 30806.36942,
    "cvd_total": -10446.656670000006,
    "cvd_12bars": -3323.99731,
    "long_short_ratio": null
  },
  "ETH": {
    "funding_hr_pct": 0.00028953000000000003,
    "open_interest": 598654.1204,
    "cvd_total": -43024.167100000006,
    "cvd_12bars": -5793.515899999996,
    "long_short_ratio": null
  }
}