{
  "BTC": {
    "funding_hr_pct": -3.3719999999999996e-05,
    "open_interest": 33784.078,
    "cvd_total": 1792.145990000001,
    "cvd_12bars": -232.10511999999997,
    "long_short_ratio": null
  },
  "ETH": {
    "funding_hr_pct": -0.00109819,
    "open_interest": 711193.4033999996,
    "cvd_total": 81922.14309999993,
    "cvd_12bars": 1671.2652,
    "long_short_ratio": null
  }
}