{
  "BTC": {
    "funding_hr_pct": -0.0008509699999999999,
    "open_interest": 26637.38638,
    "cvd_total": 2568.797959999999,
    "cvd_12bars": 2153.38535,
    "long_short_ratio": null
  },
  "ETH": {
    "funding_hr_pct": -0.00123653,
    "open_interest": 574775.4689999991,
    "cvd_total": -128130.11330000001,
    "cvd_12bars": 2491.4891000000007,
    "long_short_ratio": null
  }
}