{
  "BTC": {
    "funding_hr_pct": 0.00125,
    "open_interest": 27107.95552,
    "cvd_total": 4775.072089999998,
    "cvd_12bars": 425.81992999999994,
    "long_short_ratio": null
  },
  "ETH": {
    "funding_hr_pct": 0.00125,
    "open_interest": 568166.9434,
    "cvd_total": 37975.65600000002,
    "cvd_12bars": 8870.6069,
    "long_short_ratio": null
  }
}