{
  "BTC": {
    "funding_hr_pct": 0.00068354,
    "open_interest": 33795.33228,
    "cvd_total": -3820.4349000000007,
    "cvd_12bars": -2386.5239399999996,
    "long_short_ratio": null
  },
  "ETH": {
    "funding_hr_pct": -0.00043408,
    "open_interest": 729567.6110000001,
    "cvd_total": 16008.602000000019,
    "cvd_12bars": 5236.783,
    "long_short_ratio": null
  }
}