{
  "BTC": {
    "funding_hr_pct": -0.0018442999999999999,
    "open_interest": 30743.3877,
    "cvd_total": 3098.6270299999987,
    "cvd_12bars": 1404.28806,
    "long_short_ratio": null
  },
  "ETH": {
    "funding_hr_pct": 0.0002662,
    "open_interest": 760704.0458000001,
    "cvd_total": -58053.125900000014,
    "cvd_12bars": 11286.672400000007,
    "long_short_ratio": null
  }
}