{
  "BTC": {
    "funding_hr_pct": 0.00014267000000000001,
    "open_interest": 26597.52608,
    "cvd_total": 7761.678590000003,
    "cvd_12bars": 1825.81088,
    "long_short_ratio": null
  },
  "ETH": {
    "funding_hr_pct": 0.00125,
    "open_interest": 564758.2907999994,
    "cvd_total": 110864.49889999999,
    "cvd_12bars": 25833.6126,
    "long_short_ratio": null
  }
}