{
  "BTC": {
    "funding_hr_pct": 0.00125,
    "open_interest": 28845.14066,
    "cvd_total": 2712.0996199999995,
    "cvd_12bars": 173.74871999999968,
    "long_short_ratio": null
  },
  "ETH": {
    "funding_hr_pct": 0.00125,
    "open_interest": 602808.7019999998,
    "cvd_total": 107277.57099999998,
    "cvd_12bars": -6244.415000000001,
    "long_short_ratio": null
  }
}