{
  "BTC": {
    "funding_hr_pct": 0.00015669,
    "open_interest": 27287.57506,
    "cvd_total": -6862.451630000001,
    "cvd_12bars": 1306.0773399999998,
    "long_short_ratio": null
  },
  "ETH": {
    "funding_hr_pct": 0.00125,
    "open_interest": 472467.4086000001,
    "cvd_total": -66977.59279999998,
    "cvd_12bars": 26104.7313,
    "long_short_ratio": null
  }
}