{
  "BTC": {
    "funding_hr_pct": 0.00020903000000000002,
    "open_interest": 26650.19844,
    "cvd_total": -544.2978400000005,
    "cvd_12bars": 142.67648999999997,
    "long_short_ratio": null
  },
  "ETH": {
    "funding_hr_pct": -0.00030407,
    "open_interest": 565292.0942,
    "cvd_total": -12217.232900000014,
    "cvd_12bars": -7464.066199999999,
    "long_short_ratio": null
  }
}