{
  "BTC": {
    "funding_hr_pct": 0.00022328999999999998,
    "open_interest": 27126.2862,
    "cvd_total": -7932.260769999996,
    "cvd_12bars": 250.09051000000002,
    "long_short_ratio": null
  },
  "ETH": {
    "funding_hr_pct": 0.00068469,
    "open_interest": 572760.4110000002,
    "cvd_total": -62470.7517,
    "cvd_12bars": -5617.699100000001,
    "long_short_ratio": null
  }
}