{
  "BTC": {
    "funding_hr_pct": 0.00046269,
    "open_interest": 28014.7319,
    "cvd_total": 3777.3307399999967,
    "cvd_12bars": -1689.8650900000002,
    "long_short_ratio": null
  },
  "ETH": {
    "funding_hr_pct": 0.00066465,
    "open_interest": 586212.9399999996,
    "cvd_total": 86744.28810000003,
    "cvd_12bars": -5365.938700000001,
    "long_short_ratio": null
  }
}