{
  "BTC": {
    "funding_hr_pct": -0.00045592,
    "open_interest": 26760.64702,
    "cvd_total": -1426.987820000001,
    "cvd_12bars": 4.910330000000016,
    "long_short_ratio": null
  },
  "ETH": {
    "funding_hr_pct": -0.00017682,
    "open_interest": 564972.2172,
    "cvd_total": -11614.834100000002,
    "cvd_12bars": -2751.7418999999995,
    "long_short_ratio": null
  }
}