{
  "BTC": {
    "funding_hr_pct": 0.00040402,
    "open_interest": 28707.55896,
    "cvd_total": 9436.47219,
    "cvd_12bars": 336.73945999999995,
    "long_short_ratio": null
  },
  "ETH": {
    "funding_hr_pct": 0.0009095300000000001,
    "open_interest": 558420.0057999999,
    "cvd_total": 101788.74469999998,
    "cvd_12bars": 11144.9122,
    "long_short_ratio": null
  }
}