{
  "BTC": {
    "funding_hr_pct": 0.00125,
    "open_interest": 30754.67128,
    "cvd_total": -5328.60596,
    "cvd_12bars": 502.35880000000003,
    "long_short_ratio": null
  },
  "ETH": {
    "funding_hr_pct": 0.00125,
    "open_interest": 795398.1947999995,
    "cvd_total": -26003.429200000064,
    "cvd_12bars": 4946.3608,
    "long_short_ratio": null
  }
}