{
  "BTC": {
    "funding_hr_pct": 0.00125,
    "open_interest": 27400.80402,
    "cvd_total": 7540.901759999996,
    "cvd_12bars": -637.7849899999999,
    "long_short_ratio": null
  },
  "ETH": {
    "funding_hr_pct": 0.00053765,
    "open_interest": 566944.2707999999,
    "cvd_total": 67402.54340000002,
    "cvd_12bars": 4864.105100000001,
    "long_short_ratio": null
  }
}