{
  "BTC": {
    "funding_hr_pct": -0.00039443,
    "open_interest": 29178.20534,
    "cvd_total": 6779.555950000004,
    "cvd_12bars": 70.46841999999998,
    "long_short_ratio": null
  },
  "ETH": {
    "funding_hr_pct": 0.00125,
    "open_interest": 549323.873,
    "cvd_total": 44526.30500000001,
    "cvd_12bars": 2787.7431999999994,
    "long_short_ratio": null
  }
}