{
  "BTC": {
    "funding_hr_pct": -0.00037059,
    "open_interest": 29327.80078,
    "cvd_total": 4601.0017100000005,
    "cvd_12bars": -504.43275999999986,
    "long_short_ratio": null
  },
  "ETH": {
    "funding_hr_pct": 0.00125,
    "open_interest": 513314.5168000001,
    "cvd_total": 9166.623800000007,
    "cvd_12bars": -2936.3437,
    "long_short_ratio": null
  }
}