{
  "BTC": {
    "funding_hr_pct": -0.00028967,
    "open_interest": 30514.87742,
    "cvd_total": 1248.5381200000006,
    "cvd_12bars": -1512.0100699999998,
    "long_short_ratio": null
  },
  "ETH": {
    "funding_hr_pct": 0.00125,
    "open_interest": 518018.1948,
    "cvd_total": 30469.34749999999,
    "cvd_12bars": -20442.4617,
    "long_short_ratio": null
  }
}