{
  "BTC": {
    "funding_hr_pct": 0.0009662,
    "open_interest": 27802.18506,
    "cvd_total": -6938.8894299999965,
    "cvd_12bars": 662.95463,
    "long_short_ratio": null
  },
  "ETH": {
    "funding_hr_pct": -0.00093654,
    "open_interest": 431707.0548,
    "cvd_total": -60764.18629999998,
    "cvd_12bars": 9829.564799999998,
    "long_short_ratio": null
  }
}