{
  "BTC": {
    "funding_hr_pct": -0.00053538,
    "open_interest": 28794.72664,
    "cvd_total": -2033.4224700000018,
    "cvd_12bars": -1809.3095000000003,
    "long_short_ratio": null
  },
  "ETH": {
    "funding_hr_pct": 0.00125,
    "open_interest": 589745.3113999997,
    "cvd_total": -48337.10259999999,
    "cvd_12bars": -16202.631600000002,
    "long_short_ratio": null
  }
}