{
  "BTC": {
    "funding_hr_pct": 0.00125,
    "open_interest": 27921.65952,
    "cvd_total": 502.9962500000008,
    "cvd_12bars": 280.55720999999994,
    "long_short_ratio": null
  },
  "ETH": {
    "funding_hr_pct": 0.00046035,
    "open_interest": 592981.9334000001,
    "cvd_total": 55022.3158,
    "cvd_12bars": 5428.369500000001,
    "long_short_ratio": null
  }
}