{
  "BTC": {
    "funding_hr_pct": 0.00125,
    "open_interest": 39259.92756,
    "cvd_total": 2045.2043799999979,
    "cvd_12bars": 80.86796999999999,
    "long_short_ratio": null
  },
  "ETH": {
    "funding_hr_pct": 0.00125,
    "open_interest": 965884.4637999999,
    "cvd_total": -67212.95220000003,
    "cvd_12bars": 1340.0465000000002,
    "long_short_ratio": null
  }
}