{
  "BTC": {
    "funding_hr_pct": 0.00125,
    "open_interest": 37701.0760199999,
    "cvd_total": 161.9009400000001,
    "cvd_12bars": -266.94407,
    "long_short_ratio": null
  },
  "ETH": {
    "funding_hr_pct": 0.00125,
    "open_interest": 830222.0310000001,
    "cvd_total": 22909.302499999998,
    "cvd_12bars": -5968.778600000001,
    "long_short_ratio": null
  }
}