{
  "BTC": {
    "funding_hr_pct": -3.84e-05,
    "open_interest": 25261.90048,
    "cvd_total": 5523.5519099999965,
    "cvd_12bars": -247.01513,
    "long_short_ratio": null
  },
  "ETH": {
    "funding_hr_pct": -0.00031492,
    "open_interest": 444789.1404,
    "cvd_total": 80108.54579999993,
    "cvd_12bars": -31834.063199999993,
    "long_short_ratio": null
  }
}