{
  "BTC": {
    "funding_hr_pct": -2.462e-05,
    "open_interest": 27404.97444,
    "cvd_total": -6447.795609999999,
    "cvd_12bars": -2205.63643,
    "long_short_ratio": null
  },
  "ETH": {
    "funding_hr_pct": -0.00169735,
    "open_interest": 449863.6138000002,
    "cvd_total": -167191.15169999996,
    "cvd_12bars": -49205.17830000001,
    "long_short_ratio": null
  }
}