{
  "BTC": {
    "funding_hr_pct": 0.00125,
    "open_interest": 39995.88782,
    "cvd_total": -9368.831950000003,
    "cvd_12bars": 244.2272099999999,
    "long_short_ratio": null
  },
  "ETH": {
    "funding_hr_pct": 0.00125,
    "open_interest": 957302.354,
    "cvd_total": -186037.73139999996,
    "cvd_12bars": -5992.394200000001,
    "long_short_ratio": null
  }
}