{
  "BTC": {
    "funding_hr_pct": -0.00066103,
    "open_interest": 32647.36882,
    "cvd_total": -5097.761710000001,
    "cvd_12bars": -259.8473200000001,
    "long_short_ratio": null
  },
  "ETH": {
    "funding_hr_pct": -0.00048038999999999997,
    "open_interest": 667411.5757999999,
    "cvd_total": -116886.02210000002,
    "cvd_12bars": -7397.182700000001,
    "long_short_ratio": null
  }
}