{
  "BTC": {
    "funding_hr_pct": 0.00125,
    "open_interest": 25305.90246,
    "cvd_total": 1179.08448,
    "cvd_12bars": 1794.5078899999994,
    "long_short_ratio": null
  },
  "ETH": {
    "funding_hr_pct": -0.00071428,
    "open_interest": 574126.2775999998,
    "cvd_total": 23868.328399999926,
    "cvd_12bars": 16583.0843,
    "long_short_ratio": null
  }
}