{
  "BTC": {
    "funding_hr_pct": -0.00075879,
    "open_interest": 29081.1123,
    "cvd_total": -7352.673770000004,
    "cvd_12bars": 1620.8947799999999,
    "long_short_ratio": null
  },
  "ETH": {
    "funding_hr_pct": -0.00031355,
    "open_interest": 587270.3078000001,
    "cvd_total": -160173.15170000007,
    "cvd_12bars": 21667.6213,
    "long_short_ratio": null
  }
}