{
  "BTC": {
    "funding_hr_pct": 0.00062645,
    "open_interest": 28912.64154,
    "cvd_total": -1954.8972500000013,
    "cvd_12bars": 279.7857,
    "long_short_ratio": null
  },
  "ETH": {
    "funding_hr_pct": 0.00125,
    "open_interest": 560625.2287999998,
    "cvd_total": -45795.431700000016,
    "cvd_12bars": 6463.519700000001,
    "long_short_ratio": null
  }
}