{
  "BTC": {
    "funding_hr_pct": 0.0010110499999999999,
    "open_interest": 27601.05384,
    "cvd_total": 2120.3477599999987,
    "cvd_12bars": 105.49852000000001,
    "long_short_ratio": null
  },
  "ETH": {
    "funding_hr_pct": 0.00125,
    "open_interest": 565578.9871999997,
    "cvd_total": 67143.72499999998,
    "cvd_12bars": -550.3467999999995,
    "long_short_ratio": null
  }
}