{
  "BTC": {
    "funding_hr_pct": 0.00108348,
    "open_interest": 31109.42712,
    "cvd_total": 104.13186999999954,
    "cvd_12bars": -793.7781399999999,
    "long_short_ratio": null
  },
  "ETH": {
    "funding_hr_pct": 0.00125,
    "open_interest": 824664.0336000003,
    "cvd_total": -126015.80910000001,
    "cvd_12bars": 1301.8307999999993,
    "long_short_ratio": null
  }
}