{
  "BTC": {
    "funding_hr_pct": 0.00125,
    "open_interest": 27937.35384,
    "cvd_total": 4304.885010000001,
    "cvd_12bars": 76.4366,
    "long_short_ratio": null
  },
  "ETH": {
    "funding_hr_pct": 0.00040855000000000004,
    "open_interest": 428797.0857999999,
    "cvd_total": -13040.237600000022,
    "cvd_12bars": -8897.906200000001,
    "long_short_ratio": null
  }
}