{
  "BTC": {
    "funding_hr_pct": -0.00124227,
    "open_interest": 28330.7868,
    "cvd_total": 15180.436559999998,
    "cvd_12bars": -294.28864000000004,
    "long_short_ratio": null
  },
  "ETH": {
    "funding_hr_pct": -0.00042363000000000004,
    "open_interest": 443726.3808,
    "cvd_total": 126109.33239999997,
    "cvd_12bars": -4451.368399999999,
    "long_short_ratio": null
  }
}