{
  "BTC": {
    "funding_hr_pct": -0.0018846,
    "open_interest": 26624.33778,
    "cvd_total": -1760.3123399999977,
    "cvd_12bars": -367.17199,
    "long_short_ratio": null
  },
  "ETH": {
    "funding_hr_pct": -0.00115949,
    "open_interest": 561385.6192000003,
    "cvd_total": -87401.01430000004,
    "cvd_12bars": -23844.2516,
    "long_short_ratio": null
  }
}