{
  "BTC": {
    "funding_hr_pct": 0.00125,
    "open_interest": 28035.93908,
    "cvd_total": 1251.7707900000005,
    "cvd_12bars": -234.88636000000002,
    "long_short_ratio": null
  },
  "ETH": {
    "funding_hr_pct": 0.00125,
    "open_interest": 593171.3326,
    "cvd_total": 54934.42330000002,
    "cvd_12bars": -4152.6996,
    "long_short_ratio": null
  }
}