{
  "BTC": {
    "funding_hr_pct": -0.0021468900000000003,
    "open_interest": 28016.57802,
    "cvd_total": 4868.147820000003,
    "cvd_12bars": 799.7229799999999,
    "long_short_ratio": null
  },
  "ETH": {
    "funding_hr_pct": -0.00166195,
    "open_interest": 386092.3951999999,
    "cvd_total": 828.2794999999898,
    "cvd_12bars": 8502.4436,
    "long_short_ratio": null
  }
}