{
  "BTC": {
    "funding_hr_pct": 9.944e-05,
    "open_interest": 27242.6606,
    "cvd_total": 3399.74975,
    "cvd_12bars": 121.50274000000002,
    "long_short_ratio": null
  },
  "ETH": {
    "funding_hr_pct": 0.00125,
    "open_interest": 566727.2367999998,
    "cvd_total": 68269.80049999997,
    "cvd_12bars": 772.0979999999977,
    "long_short_ratio": null
  }
}