{
  "BTC": {
    "funding_hr_pct": -0.00056807,
    "open_interest": 27147.102,
    "cvd_total": 5237.078520000001,
    "cvd_12bars": -99.65988000000004,
    "long_short_ratio": null
  },
  "ETH": {
    "funding_hr_pct": -0.00263088,
    "open_interest": 461608.9470000007,
    "cvd_total": -49908.15899999996,
    "cvd_12bars": -28176.660199999995,
    "long_short_ratio": null
  }
}