{
  "BTC": {
    "funding_hr_pct": -0.00106518,
    "open_interest": 27608.62076,
    "cvd_total": -3449.8162199999997,
    "cvd_12bars": -1332.9387200000003,
    "long_short_ratio": null
  },
  "ETH": {
    "funding_hr_pct": 0.00052788,
    "open_interest": 514636.5155999999,
    "cvd_total": -150958.8178,
    "cvd_12bars": -12867.9269,
    "long_short_ratio": null
  }
}