{
  "BTC": {
    "funding_hr_pct": -0.00013595,
    "open_interest": 26599.86824,
    "cvd_total": -8513.525110000002,
    "cvd_12bars": -1478.15458,
    "long_short_ratio": null
  },
  "ETH": {
    "funding_hr_pct": -0.0011978099999999999,
    "open_interest": 576022.0828000002,
    "cvd_total": -54849.909699999975,
    "cvd_12bars": -23122.2856,
    "long_short_ratio": null
  }
}