{
  "BTC": {
    "funding_hr_pct": -0.00072553,
    "open_interest": 28394.02994,
    "cvd_total": -15759.758130000002,
    "cvd_12bars": 231.31484000000006,
    "long_short_ratio": null
  },
  "ETH": {
    "funding_hr_pct": -3.927e-05,
    "open_interest": 585039.2203999999,
    "cvd_total": -331172.8658000001,
    "cvd_12bars": -21070.5673,
    "long_short_ratio": null
  }
}