{
  "BTC": {
    "funding_hr_pct": 0.00125,
    "open_interest": 36717.76798,
    "cvd_total": 2951.4296300000024,
    "cvd_12bars": 16.11633999999995,
    "long_short_ratio": null
  },
  "ETH": {
    "funding_hr_pct": 0.00113611,
    "open_interest": 1019260.7979999996,
    "cvd_total": -20328.0787,
    "cvd_12bars": 8270.822400000001,
    "long_short_ratio": null
  }
}