{
  "BTC": {
    "funding_hr_pct": -5.6160000000000004e-05,
    "open_interest": 28970.78276,
    "cvd_total": 6069.935680000003,
    "cvd_12bars": 603.0446000000001,
    "long_short_ratio": null
  },
  "ETH": {
    "funding_hr_pct": 0.00125,
    "open_interest": 544312.2913999998,
    "cvd_total": 20824.574699999994,
    "cvd_12bars": 5516.573100000001,
    "long_short_ratio": null
  }
}