{
  "BTC": {
    "funding_hr_pct": -1.614e-05,
    "open_interest": 27592.67352,
    "cvd_total": -10197.954849999998,
    "cvd_12bars": -2152.69661,
    "long_short_ratio": null
  },
  "ETH": {
    "funding_hr_pct": 0.00098503,
    "open_interest": 449424.1964,
    "cvd_total": -98768.88669999997,
    "cvd_12bars": 6563.4486,
    "long_short_ratio": null
  }
}