{
  "BTC": {
    "funding_hr_pct": -0.00033566,
    "open_interest": 26332.61148,
    "cvd_total": -801.94199,
    "cvd_12bars": -835.2843699999999,
    "long_short_ratio": null
  },
  "ETH": {
    "funding_hr_pct": -6.366e-05,
    "open_interest": 566751.4404,
    "cvd_total": -6091.450100000011,
    "cvd_12bars": -2918.6592,
    "long_short_ratio": null
  }
}