{
  "BTC": {
    "funding_hr_pct": -0.00014721,
    "open_interest": 28332.91712,
    "cvd_total": -334.16906999999946,
    "cvd_12bars": -42.29198000000002,
    "long_short_ratio": null
  },
  "ETH": {
    "funding_hr_pct": 0.00063842,
    "open_interest": 556448.8417999999,
    "cvd_total": 4546.434299999996,
    "cvd_12bars": -4059.0704,
    "long_short_ratio": null
  }
}