{
  "BTC": {
    "funding_hr_pct": 0.00070554,
    "open_interest": 29890.9927,
    "cvd_total": -1873.2358100000008,
    "cvd_12bars": -1085.20149,
    "long_short_ratio": null
  },
  "ETH": {
    "funding_hr_pct": 0.00125,
    "open_interest": 763825.3670000002,
    "cvd_total": 89662.08080000003,
    "cvd_12bars": -3930.8777999999998,
    "long_short_ratio": null
  }
}