{
  "BTC": {
    "funding_hr_pct": -0.00105273,
    "open_interest": 29118.59078,
    "cvd_total": 3187.8745699999995,
    "cvd_12bars": 151.70339000000007,
    "long_short_ratio": null
  },
  "ETH": {
    "funding_hr_pct": -0.00070559,
    "open_interest": 541647.1278000001,
    "cvd_total": -27773.420900000016,
    "cvd_12bars": -18192.4045,
    "long_short_ratio": null
  }
}