{
  "BTC": {
    "funding_hr_pct": 0.00114551,
    "open_interest": 30342.75156,
    "cvd_total": -5956.685299999999,
    "cvd_12bars": -681.1301199999999,
    "long_short_ratio": null
  },
  "ETH": {
    "funding_hr_pct": 0.00125,
    "open_interest": 747746.6586,
    "cvd_total": -44074.05620000009,
    "cvd_12bars": -8524.707,
    "long_short_ratio": null
  }
}