{
  "BTC": {
    "funding_hr_pct": 0.00065171,
    "open_interest": 25090.90896,
    "cvd_total": -1266.4123900000009,
    "cvd_12bars": -582.0591000000002,
    "long_short_ratio": null
  },
  "ETH": {
    "funding_hr_pct": -0.00031428,
    "open_interest": 554640.3448,
    "cvd_total": -183366.2882,
    "cvd_12bars": -23023.4561,
    "long_short_ratio": null
  }
}