{
  "BTC": {
    "funding_hr_pct": 0.00125,
    "open_interest": 31583.09806,
    "cvd_total": 9507.876480000006,
    "cvd_12bars": 44.97834,
    "long_short_ratio": null
  },
  "ETH": {
    "funding_hr_pct": 0.00125,
    "open_interest": 499592.8947999999,
    "cvd_total": 68439.15870000001,
    "cvd_12bars": 13121.2408,
    "long_short_ratio": null
  }
}