{
  "BTC": {
    "funding_hr_pct": 0.00116654,
    "open_interest": 29149.00612,
    "cvd_total": -6637.557370000001,
    "cvd_12bars": -175.88951000000006,
    "long_short_ratio": null
  },
  "ETH": {
    "funding_hr_pct": 0.0005745199999999999,
    "open_interest": 534839.2474000005,
    "cvd_total": -81905.62219999995,
    "cvd_12bars": -152.66590000000008,
    "long_short_ratio": null
  }
}