{
  "BTC": {
    "funding_hr_pct": 0.0004242,
    "open_interest": 32480.70746,
    "cvd_total": -1464.4332099999997,
    "cvd_12bars": 103.57960999999995,
    "long_short_ratio": null
  },
  "ETH": {
    "funding_hr_pct": 0.00125,
    "open_interest": 768567.5952,
    "cvd_total": -201969.75540000008,
    "cvd_12bars": 29729.603199999998,
    "long_short_ratio": null
  }
}