{
  "BTC": {
    "funding_hr_pct": 0.00125,
    "open_interest": 39277.1672,
    "cvd_total": -1114.8504000000005,
    "cvd_12bars": -210.91685,
    "long_short_ratio": null
  },
  "ETH": {
    "funding_hr_pct": 0.00125,
    "open_interest": 965317.0772,
    "cvd_total": -135934.63759999993,
    "cvd_12bars": -2310.0667000000003,
    "long_short_ratio": null
  }
}