{
  "BTC": {
    "funding_hr_pct": -0.00147359,
    "open_interest": 30656.0145,
    "cvd_total": -4545.968130000001,
    "cvd_12bars": -2540.6640799999996,
    "long_short_ratio": null
  },
  "ETH": {
    "funding_hr_pct": -0.00022960000000000002,
    "open_interest": 598290.1932,
    "cvd_total": 36248.398399999955,
    "cvd_12bars": -13048.782900000004,
    "long_short_ratio": null
  }
}