{
  "BTC": {
    "funding_hr_pct": 0.00125,
    "open_interest": 41170.82588,
    "cvd_total": 7897.965689999999,
    "cvd_12bars": 196.99398,
    "long_short_ratio": null
  },
  "ETH": {
    "funding_hr_pct": 0.00125,
    "open_interest": 992454.291,
    "cvd_total": 103890.02020000001,
    "cvd_12bars": 1135.7086,
    "long_short_ratio": null
  }
}