{
  "BTC": {
    "funding_hr_pct": 0.00071716,
    "open_interest": 31083.3109,
    "cvd_total": 822.0071400000013,
    "cvd_12bars": 50.443650000000076,
    "long_short_ratio": null
  },
  "ETH": {
    "funding_hr_pct": 0.00124814,
    "open_interest": 529844.1629999992,
    "cvd_total": -18472.283699999978,
    "cvd_12bars": -18242.184400000006,
    "long_short_ratio": null
  }
}