{
  "BTC": {
    "funding_hr_pct": 0.00061088,
    "open_interest": 31296.39818,
    "cvd_total": -12992.37795,
    "cvd_12bars": -5481.441290000001,
    "long_short_ratio": null
  },
  "ETH": {
    "funding_hr_pct": 0.00125,
    "open_interest": 633034.8889999997,
    "cvd_total": -176049.07259999998,
    "cvd_12bars": -33523.2895,
    "long_short_ratio": null
  }
}