{
  "BTC": {
    "funding_hr_pct": -0.0007392,
    "open_interest": 30787.96674,
    "cvd_total": -894.0523399999993,
    "cvd_12bars": -2150.91455,
    "long_short_ratio": null
  },
  "ETH": {
    "funding_hr_pct": 0.00100446,
    "open_interest": 808802.6029999994,
    "cvd_total": -63683.19230000001,
    "cvd_12bars": -29024.663500000002,
    "long_short_ratio": null
  }
}