{
  "BTC": {
    "funding_hr_pct": 0.00125,
    "open_interest": 32345.06274,
    "cvd_total": 7402.12835,
    "cvd_12bars": 8391.918580000001,
    "long_short_ratio": null
  },
  "ETH": {
    "funding_hr_pct": 0.00125,
    "open_interest": 771585.1250000001,
    "cvd_total": -31508.945200000046,
    "cvd_12bars": 161644.7132,
    "long_short_ratio": null
  }
}