{
  "BTC": {
    "funding_hr_pct": 0.00125,
    "open_interest": 29821.02534,
    "cvd_total": -2810.75143,
    "cvd_12bars": -72.76035999999999,
    "long_short_ratio": null
  },
  "ETH": {
    "funding_hr_pct": 0.00125,
    "open_interest": 635921.9315999999,
    "cvd_total": -74799.16620000007,
    "cvd_12bars": -6447.677099999999,
    "long_short_ratio": null
  }
}