{
  "BTC": {
    "funding_hr_pct": 0.00066211,
    "open_interest": 24883.41372,
    "cvd_total": 8245.762120000001,
    "cvd_12bars": 955.6185000000003,
    "long_short_ratio": null
  },
  "ETH": {
    "funding_hr_pct": 0.00125,
    "open_interest": 565645.8596000001,
    "cvd_total": -9568.536799999976,
    "cvd_12bars": 1572.0433000000012,
    "long_short_ratio": null
  }
}