{
  "BTC": {
    "funding_hr_pct": 0.00125,
    "open_interest": 36006.97746,
    "cvd_total": 7615.99476,
    "cvd_12bars": 16.29862999999989,
    "long_short_ratio": null
  },
  "ETH": {
    "funding_hr_pct": 0.00125,
    "open_interest": 1007091.4443999999,
    "cvd_total": 83183.60800000007,
    "cvd_12bars": -29203.1748,
    "long_short_ratio": null
  }
}