{
  "BTC": {
    "funding_hr_pct": 0.00125,
    "open_interest": 37532.77126,
    "cvd_total": -930.2634300000034,
    "cvd_12bars": -80.79389000000002,
    "long_short_ratio": null
  },
  "ETH": {
    "funding_hr_pct": 0.00125,
    "open_interest": 966651.1155999999,
    "cvd_total": -50268.68099999998,
    "cvd_12bars": 3047.4621000000006,
    "long_short_ratio": null
  }
}