{
  "BTC": {
    "funding_hr_pct": 0.00125,
    "open_interest": 28889.6147,
    "cvd_total": -8863.43136,
    "cvd_12bars": 515.6297400000001,
    "long_short_ratio": null
  },
  "ETH": {
    "funding_hr_pct": 0.00125,
    "open_interest": 566499.2740000002,
    "cvd_total": -39005.80109999996,
    "cvd_12bars": 55775.906899999994,
    "long_short_ratio": null
  }
}