{
  "BTC": {
    "funding_hr_pct": 0.00125,
    "open_interest": 29950.06826,
    "cvd_total": 1452.772689999999,
    "cvd_12bars": 573.27687,
    "long_short_ratio": null
  },
  "ETH": {
    "funding_hr_pct": 0.00125,
    "open_interest": 624347.4985999999,
    "cvd_total": 111511.83200000002,
    "cvd_12bars": 8533.5058,
    "long_short_ratio": null
  }
}