{
  "BTC": {
    "funding_hr_pct": -0.0016738299999999998,
    "open_interest": 27974.361,
    "cvd_total": 4082.0056599999984,
    "cvd_12bars": 1044.38804,
    "long_short_ratio": null
  },
  "ETH": {
    "funding_hr_pct": -0.00355775,
    "open_interest": 478089.8362000001,
    "cvd_total": -3632.3103000000083,
    "cvd_12bars": -9131.1695,
    "long_short_ratio": null
  }
}