{
  "BTC": {
    "funding_hr_pct": -0.0020724700000000003,
    "open_interest": 28621.1479,
    "cvd_total": -3758.397009999996,
    "cvd_12bars": 2536.8708300000003,
    "long_short_ratio": null
  },
  "ETH": {
    "funding_hr_pct": -0.00016133,
    "open_interest": 559077.8782000005,
    "cvd_total": -153470.03350000008,
    "cvd_12bars": 3330.3679,
    "long_short_ratio": null
  }
}