{
  "BTC": {
    "funding_hr_pct": 0.00090915,
    "open_interest": 30439.04892,
    "cvd_total": 267.6312200000003,
    "cvd_12bars": -49.95961000000001,
    "long_short_ratio": null
  },
  "ETH": {
    "funding_hr_pct": 0.00125,
    "open_interest": 776826.6025999998,
    "cvd_total": 219.91780000000233,
    "cvd_12bars": 2122.2828,
    "long_short_ratio": null
  }
}