{
  "BTC": {
    "funding_hr_pct": 0.00053889,
    "open_interest": 31165.4847,
    "cvd_total": 9237.261890000003,
    "cvd_12bars": 86.23828999999998,
    "long_short_ratio": null
  },
  "ETH": {
    "funding_hr_pct": -0.00017681,
    "open_interest": 679930.5318000001,
    "cvd_total": 176554.2672,
    "cvd_12bars": 1454.3066000000022,
    "long_short_ratio": null
  }
}