{
  "BTC": {
    "funding_hr_pct": -3.217e-05,
    "open_interest": 30778.41026,
    "cvd_total": 10772.0087,
    "cvd_12bars": 874.8143199999998,
    "long_short_ratio": null
  },
  "ETH": {
    "funding_hr_pct": 0.0007922500000000001,
    "open_interest": 500476.8703999998,
    "cvd_total": 60602.6561,
    "cvd_12bars": 8657.175800000003,
    "long_short_ratio": null
  }
}