{
  "BTC": {
    "funding_hr_pct": -5.051e-05,
    "open_interest": 31449.27808,
    "cvd_total": -5590.675669999999,
    "cvd_12bars": -78.25643000000004,
    "long_short_ratio": null
  },
  "ETH": {
    "funding_hr_pct": 0.00125,
    "open_interest": 647246.8745999999,
    "cvd_total": -11569.640999999994,
    "cvd_12bars": 762.0954000000008,
    "long_short_ratio": null
  }
}