{
  "BTC": {
    "funding_hr_pct": 0.00013365,
    "open_interest": 27427.38006,
    "cvd_total": -4959.540110000001,
    "cvd_12bars": -4016.89118,
    "long_short_ratio": null
  },
  "ETH": {
    "funding_hr_pct": -0.00021001,
    "open_interest": 539613.5223999997,
    "cvd_total": -187773.59279999995,
    "cvd_12bars": -116292.60740000001,
    "long_short_ratio": null
  }
}