{
  "BTC": {
    "funding_hr_pct": -0.00082961,
    "open_interest": 28778.49592,
    "cvd_total": -834.9079300000009,
    "cvd_12bars": -960.3853699999997,
    "long_short_ratio": null
  },
  "ETH": {
    "funding_hr_pct": 0.00125,
    "open_interest": 530301.3471999998,
    "cvd_total": -1169.509500000005,
    "cvd_12bars": -5425.9469,
    "long_short_ratio": null
  }
}