{
  "BTC": {
    "funding_hr_pct": 0.00069462,
    "open_interest": 26110.94378,
    "cvd_total": 3396.640920000001,
    "cvd_12bars": 1857.6705300000003,
    "long_short_ratio": null
  },
  "ETH": {
    "funding_hr_pct": -0.0006453699999999999,
    "open_interest": 427092.5816000002,
    "cvd_total": 20323.05019999998,
    "cvd_12bars": 311.74419999999975,
    "long_short_ratio": null
  }
}