{
  "BTC": {
    "funding_hr_pct": 0.00016795,
    "open_interest": 32274.51618,
    "cvd_total": -23721.08420000001,
    "cvd_12bars": -4839.94123,
    "long_short_ratio": null
  },
  "ETH": {
    "funding_hr_pct": -0.00037853,
    "open_interest": 606198.5897999998,
    "cvd_total": -175900.77049999998,
    "cvd_12bars": -32923.559700000005,
    "long_short_ratio": null
  }
}