{
  "BTC": {
    "funding_hr_pct": 0.0006945,
    "open_interest": 27227.63236,
    "cvd_total": -2568.093969999999,
    "cvd_12bars": 762.2561400000001,
    "long_short_ratio": null
  },
  "ETH": {
    "funding_hr_pct": 0.00042081000000000003,
    "open_interest": 417664.4262,
    "cvd_total": -11296.45700000001,
    "cvd_12bars": 7432.3455,
    "long_short_ratio": null
  }
}