{
  "BTC": {
    "funding_hr_pct": -0.00119218,
    "open_interest": 25173.49076,
    "cvd_total": 7247.714099999997,
    "cvd_12bars": -1483.47307,
    "long_short_ratio": null
  },
  "ETH": {
    "funding_hr_pct": 0.00013362,
    "open_interest": 549349.2154000001,
    "cvd_total": 24122.666399999976,
    "cvd_12bars": -5075.7227,
    "long_short_ratio": null
  }
}