{
  "BTC": {
    "funding_hr_pct": 0.00022679,
    "open_interest": 31403.50374,
    "cvd_total": 3843.3104100000023,
    "cvd_12bars": -1361.76919,
    "long_short_ratio": null
  },
  "ETH": {
    "funding_hr_pct": 0.00117658,
    "open_interest": 506098.6195999999,
    "cvd_total": 39247.287599999974,
    "cvd_12bars": -2616.062899999997,
    "long_short_ratio": null
  }
}