{
  "BTC": {
    "funding_hr_pct": -0.00127266,
    "open_interest": 27577.84944,
    "cvd_total": -4845.215660000001,
    "cvd_12bars": -3122.67823,
    "long_short_ratio": null
  },
  "ETH": {
    "funding_hr_pct": -0.00277565,
    "open_interest": 451385.477,
    "cvd_total": -135887.08089999997,
    "cvd_12bars": -91190.89259999999,
    "long_short_ratio": null
  }
}