{
  "BTC": {
    "funding_hr_pct": -0.0008459499999999999,
    "open_interest": 28267.93664,
    "cvd_total": 8819.014029999998,
    "cvd_12bars": -1081.5035500000001,
    "long_short_ratio": null
  },
  "ETH": {
    "funding_hr_pct": -0.00148997,
    "open_interest": 395422.9916,
    "cvd_total": 28475.181999999983,
    "cvd_12bars": -22695.7891,
    "long_short_ratio": null
  }
}