{
  "BTC": {
    "funding_hr_pct": 0.0007441899999999999,
    "open_interest": 27562.8461,
    "cvd_total": -2879.5878400000015,
    "cvd_12bars": 208.05392000000012,
    "long_short_ratio": null
  },
  "ETH": {
    "funding_hr_pct": -0.00045829,
    "open_interest": 585506.7516,
    "cvd_total": -91909.6161,
    "cvd_12bars": 1388.8572000000008,
    "long_short_ratio": null
  }
}