{
  "BTC": {
    "funding_hr_pct": -0.00068218,
    "open_interest": 28904.473,
    "cvd_total": 2273.1744900000035,
    "cvd_12bars": 1301.6050699999998,
    "long_short_ratio": null
  },
  "ETH": {
    "funding_hr_pct": 0.00125,
    "open_interest": 540210.0171999997,
    "cvd_total": -57128.91269999999,
    "cvd_12bars": 8481.9244,
    "long_short_ratio": null
  }
}