{
  "BTC": {
    "funding_hr_pct": -0.00102965,
    "open_interest": 26812.10432,
    "cvd_total": 12811.831089999998,
    "cvd_12bars": -388.75038,
    "long_short_ratio": null
  },
  "ETH": {
    "funding_hr_pct": 0.00064445,
    "open_interest": 443992.4424000001,
    "cvd_total": 133875.53220000005,
    "cvd_12bars": -1455.9461,
    "long_short_ratio": null
  }
}