{
  "BTC": {
    "funding_hr_pct": -0.00270409,
    "open_interest": 28001.31392,
    "cvd_total": 10882.832419999997,
    "cvd_12bars": 2308.84834,
    "long_short_ratio": null
  },
  "ETH": {
    "funding_hr_pct": -0.0027484700000000003,
    "open_interest": 441352.873,
    "cvd_total": 20894.26750000001,
    "cvd_12bars": 35237.918399999995,
    "long_short_ratio": null
  }
}