{
  "BTC": {
    "funding_hr_pct": -0.0016384000000000001,
    "open_interest": 27232.69836,
    "cvd_total": 12762.843289999984,
    "cvd_12bars": 923.03289,
    "long_short_ratio": null
  },
  "ETH": {
    "funding_hr_pct": -0.00106874,
    "open_interest": 484030.4523999999,
    "cvd_total": 121163.63450000004,
    "cvd_12bars": -9185.7564,
    "long_short_ratio": null
  }
}