{
  "BTC": {
    "funding_hr_pct": 0.00015660999999999998,
    "open_interest": 26209.84454,
    "cvd_total": -2346.1924599999993,
    "cvd_12bars": 199.28275000000002,
    "long_short_ratio": null
  },
  "ETH": {
    "funding_hr_pct": 0.00068898,
    "open_interest": 443424.8696,
    "cvd_total": -101691.04439999997,
    "cvd_12bars": 627.2983999999997,
    "long_short_ratio": null
  }
}