{
  "BTC": {
    "funding_hr_pct": 0.00125,
    "open_interest": 35759.14188,
    "cvd_total": 364.981549999997,
    "cvd_12bars": 2922.8569000000007,
    "long_short_ratio": null
  },
  "ETH": {
    "funding_hr_pct": 0.00125,
    "open_interest": 744026.815,
    "cvd_total": 50936.335399999974,
    "cvd_12bars": 44212.4272,
    "long_short_ratio": null
  }
}