{
  "BTC": {
    "funding_hr_pct": 0.00089773,
    "open_interest": 26631.95068,
    "cvd_total": -822.3313,
    "cvd_12bars": -503.00982,
    "long_short_ratio": null
  },
  "ETH": {
    "funding_hr_pct": 0.00047238000000000005,
    "open_interest": 567483.9321999999,
    "cvd_total": 65338.167700000035,
    "cvd_12bars": -497.38559999999995,
    "long_short_ratio": null
  }
}