{
  "BTC": {
    "funding_hr_pct": -0.00078991,
    "open_interest": 28146.8534,
    "cvd_total": 2306.3784800000003,
    "cvd_12bars": 1337.53666,
    "long_short_ratio": null
  },
  "ETH": {
    "funding_hr_pct": 0.00122551,
    "open_interest": 601498.954,
    "cvd_total": 46241.8798,
    "cvd_12bars": 14300.468200000001,
    "long_short_ratio": null
  }
}