{
  "BTC": {
    "funding_hr_pct": 0.00125,
    "open_interest": 39640.52632,
    "cvd_total": 4874.4823099999985,
    "cvd_12bars": 1325.25511,
    "long_short_ratio": null
  },
  "ETH": {
    "funding_hr_pct": 0.00125,
    "open_interest": 977326.7788,
    "cvd_total": -23320.59890000007,
    "cvd_12bars": 13301.2782,
    "long_short_ratio": null
  }
}