{
  "BTC": {
    "funding_hr_pct": 0.00125,
    "open_interest": 28795.54316,
    "cvd_total": 3022.5738100000003,
    "cvd_12bars": 2189.94954,
    "long_short_ratio": null
  },
  "ETH": {
    "funding_hr_pct": 0.00125,
    "open_interest": 601894.9654,
    "cvd_total": 105787.7564,
    "cvd_12bars": 49157.2318,
    "long_short_ratio": null
  }
}