{
  "BTC": {
    "funding_hr_pct": 0.00125,
    "open_interest": 35890.42274,
    "cvd_total": 4417.6894600000005,
    "cvd_12bars": 1818.5158299999998,
    "long_short_ratio": null
  },
  "ETH": {
    "funding_hr_pct": 0.0006899,
    "open_interest": 751951.895,
    "cvd_total": -983.9238000000178,
    "cvd_12bars": -22131.5327,
    "long_short_ratio": null
  }
}