{
  "BTC": {
    "funding_hr_pct": 0.00125,
    "open_interest": 27377.63824,
    "cvd_total": -5462.296110000003,
    "cvd_12bars": 101.06262000000001,
    "long_short_ratio": null
  },
  "ETH": {
    "funding_hr_pct": 0.00125,
    "open_interest": 597574.1706000002,
    "cvd_total": -5507.068899999995,
    "cvd_12bars": -7500.544000000002,
    "long_short_ratio": null
  }
}