{
  "BTC": {
    "funding_hr_pct": 0.00021612,
    "open_interest": 27109.68924,
    "cvd_total": -409.6091899999991,
    "cvd_12bars": 519.8480300000001,
    "long_short_ratio": null
  },
  "ETH": {
    "funding_hr_pct": 0.00028602,
    "open_interest": 434115.6040000001,
    "cvd_total": -3889.385599999999,
    "cvd_12bars": 4218.984899999999,
    "long_short_ratio": null
  }
}