{
  "BTC": {
    "funding_hr_pct": -0.00017255,
    "open_interest": 27869.2395,
    "cvd_total": -6586.757259999999,
    "cvd_12bars": -824.69782,
    "long_short_ratio": null
  },
  "ETH": {
    "funding_hr_pct": 0.00019569,
    "open_interest": 577448.1307999998,
    "cvd_total": -107.69300000001738,
    "cvd_12bars": -1601.680299999999,
    "long_short_ratio": null
  }
}