{
  "BTC": {
    "funding_hr_pct": 0.00072797,
    "open_interest": 30664.1491,
    "cvd_total": -2457.252240000001,
    "cvd_12bars": -332.13779999999986,
    "long_short_ratio": null
  },
  "ETH": {
    "funding_hr_pct": -0.00087442,
    "open_interest": 676525.9244000001,
    "cvd_total": -16049.063999999998,
    "cvd_12bars": 22552.737999999998,
    "long_short_ratio": null
  }
}