{
  "BTC": {
    "funding_hr_pct": -0.00170205,
    "open_interest": 27250.06982,
    "cvd_total": 4963.769589999997,
    "cvd_12bars": 591.2445399999999,
    "long_short_ratio": null
  },
  "ETH": {
    "funding_hr_pct": -0.00162273,
    "open_interest": 632561.8634,
    "cvd_total": 48324.53700000009,
    "cvd_12bars": -4596.192299999999,
    "long_short_ratio": null
  }
}