{
  "BTC": {
    "funding_hr_pct": -0.00067334,
    "open_interest": 33848.00846,
    "cvd_total": -21674.23105,
    "cvd_12bars": -10203.99104,
    "long_short_ratio": null
  },
  "ETH": {
    "funding_hr_pct": -0.00248448,
    "open_interest": 680800.1993999999,
    "cvd_total": -333949.5507999999,
    "cvd_12bars": -154362.5301,
    "long_short_ratio": null
  }
}