{
  "BTC": {
    "funding_hr_pct": -0.0025879400000000004,
    "open_interest": 26843.62612,
    "cvd_total": -3419.01654,
    "cvd_12bars": 308.58034,
    "long_short_ratio": null
  },
  "ETH": {
    "funding_hr_pct": -0.00051295,
    "open_interest": 550981.4500000001,
    "cvd_total": -106423.27680000008,
    "cvd_12bars": 15100.043300000001,
    "long_short_ratio": null
  }
}