{
  "BTC": {
    "funding_hr_pct": -0.0009150100000000001,
    "open_interest": 28815.24268,
    "cvd_total": 1041.6570599999993,
    "cvd_12bars": 295.32547999999997,
    "long_short_ratio": null
  },
  "ETH": {
    "funding_hr_pct": 0.00125,
    "open_interest": 558265.5358000001,
    "cvd_total": 3271.058200000011,
    "cvd_12bars": 1661.9082000000005,
    "long_short_ratio": null
  }
}