{
  "BTC": {
    "funding_hr_pct": -0.0023420900000000002,
    "open_interest": 28117.22064,
    "cvd_total": 4705.615789999999,
    "cvd_12bars": -1302.63021,
    "long_short_ratio": null
  },
  "ETH": {
    "funding_hr_pct": -0.00197629,
    "open_interest": 387712.2036,
    "cvd_total": -2678.1789000000185,
    "cvd_12bars": -4387.4473,
    "long_short_ratio": null
  }
}