{
  "BTC": {
    "funding_hr_pct": 0.00046465000000000005,
    "open_interest": 27923.1438199999,
    "cvd_total": 2039.36156,
    "cvd_12bars": 1506.52254,
    "long_short_ratio": null
  },
  "ETH": {
    "funding_hr_pct": 0.00064846,
    "open_interest": 440834.9297999999,
    "cvd_total": 64375.5242,
    "cvd_12bars": 9191.012999999999,
    "long_short_ratio": null
  }
}