{
  "BTC": {
    "funding_hr_pct": 0.00036866,
    "open_interest": 29012.20744,
    "cvd_total": -2042.080060000002,
    "cvd_12bars": -331.34421999999995,
    "long_short_ratio": null
  },
  "ETH": {
    "funding_hr_pct": 0.00113678,
    "open_interest": 553193.9152000003,
    "cvd_total": -55674.56189999998,
    "cvd_12bars": 1718.1234,
    "long_short_ratio": null
  }
}