{
  "BTC": {
    "funding_hr_pct": 0.00026446,
    "open_interest": 28021.3289,
    "cvd_total": 3756.1736499999975,
    "cvd_12bars": -1488.23669,
    "long_short_ratio": null
  },
  "ETH": {
    "funding_hr_pct": 0.00105199,
    "open_interest": 586225.8047999996,
    "cvd_total": 82143.39890000003,
    "cvd_12bars": -8172.734400000001,
    "long_short_ratio": null
  }
}