{
  "BTC": {
    "funding_hr_pct": 0.0005261,
    "open_interest": 27378.2388,
    "cvd_total": -6347.138670000001,
    "cvd_12bars": -1911.47514,
    "long_short_ratio": null
  },
  "ETH": {
    "funding_hr_pct": -0.00046069,
    "open_interest": 580322.2763999999,
    "cvd_total": -15003.281800000012,
    "cvd_12bars": -14296.6415,
    "long_short_ratio": null
  }
}