{
  "BTC": {
    "funding_hr_pct": 0.00054843,
    "open_interest": 27487.60152,
    "cvd_total": -6600.244980000002,
    "cvd_12bars": -165.70957,
    "long_short_ratio": null
  },
  "ETH": {
    "funding_hr_pct": 0.001128,
    "open_interest": 465289.1601999999,
    "cvd_total": -70589.61749999998,
    "cvd_12bars": 2790.4703,
    "long_short_ratio": null
  }
}