{
  "BTC": {
    "funding_hr_pct": 0.00125,
    "open_interest": 35612.39254,
    "cvd_total": 4404.361020000001,
    "cvd_12bars": -136.12524999999997,
    "long_short_ratio": null
  },
  "ETH": {
    "funding_hr_pct": 0.00125,
    "open_interest": 783729.5348,
    "cvd_total": -5365.575800000036,
    "cvd_12bars": -1624.0999000000004,
    "long_short_ratio": null
  }
}