{
  "BTC": {
    "funding_hr_pct": 0.00125,
    "open_interest": 29207.00158,
    "cvd_total": 1552.8845399999996,
    "cvd_12bars": 948.16778,
    "long_short_ratio": null
  },
  "ETH": {
    "funding_hr_pct": 0.00125,
    "open_interest": 597624.2552000002,
    "cvd_total": 85966.4296,
    "cvd_12bars": 36569.4862,
    "long_short_ratio": null
  }
}