{
  "BTC": {
    "funding_hr_pct": 0.00125,
    "open_interest": 37127.18498,
    "cvd_total": 1441.4697099999994,
    "cvd_12bars": 1592.43276,
    "long_short_ratio": null
  },
  "ETH": {
    "funding_hr_pct": 0.00125,
    "open_interest": 1033350.5310000001,
    "cvd_total": -89007.57750000004,
    "cvd_12bars": 14458.036,
    "long_short_ratio": null
  }
}