{
  "BTC": {
    "funding_hr_pct": 0.00125,
    "open_interest": 30091.59606,
    "cvd_total": 3176.0665499999996,
    "cvd_12bars": 1017.6693100000001,
    "long_short_ratio": null
  },
  "ETH": {
    "funding_hr_pct": 0.00125,
    "open_interest": 514942.7856000001,
    "cvd_total": 59971.763999999996,
    "cvd_12bars": 15207.450400000002,
    "long_short_ratio": null
  }
}