{
  "BTC": {
    "funding_hr_pct": -0.00108183,
    "open_interest": 27540.31582,
    "cvd_total": -8619.387019999998,
    "cvd_12bars": -3789.199539999999,
    "long_short_ratio": null
  },
  "ETH": {
    "funding_hr_pct": 0.00020572,
    "open_interest": 464332.9644000003,
    "cvd_total": -189299.76209999996,
    "cvd_12bars": -59312.293000000005,
    "long_short_ratio": null
  }
}