{
  "BTC": {
    "funding_hr_pct": -0.00054166,
    "open_interest": 27421.07994,
    "cvd_total": -9469.9794,
    "cvd_12bars": -1010.6960999999998,
    "long_short_ratio": null
  },
  "ETH": {
    "funding_hr_pct": -0.00031805,
    "open_interest": 581597.5976,
    "cvd_total": -237152.4187,
    "cvd_12bars": 6356.193,
    "long_short_ratio": null
  }
}