{
  "BTC": {
    "funding_hr_pct": 0.00059905,
    "open_interest": 29685.4764,
    "cvd_total": 2649.1028099999994,
    "cvd_12bars": -205.40983,
    "long_short_ratio": null
  },
  "ETH": {
    "funding_hr_pct": 0.00125,
    "open_interest": 637463.4302,
    "cvd_total": 103319.51369999998,
    "cvd_12bars": -7869.573500000001,
    "long_short_ratio": null
  }
}