{
  "BTC": {
    "funding_hr_pct": -0.00157498,
    "open_interest": 29534.09304,
    "cvd_total": 6951.66659,
    "cvd_12bars": 3538.312610000001,
    "long_short_ratio": null
  },
  "ETH": {
    "funding_hr_pct": 0.00049,
    "open_interest": 605164.2874,
    "cvd_total": 115153.22439999999,
    "cvd_12bars": 63851.401699999995,
    "long_short_ratio": null
  }
}