{
  "BTC": {
    "funding_hr_pct": -0.00044307,
    "open_interest": 27889.26606,
    "cvd_total": 4626.951869999999,
    "cvd_12bars": -712.5752000000001,
    "long_short_ratio": null
  },
  "ETH": {
    "funding_hr_pct": 0.00104704,
    "open_interest": 584747.2602,
    "cvd_total": 92394.01370000004,
    "cvd_12bars": -653.3721999999991,
    "long_short_ratio": null
  }
}