{
  "BTC": {
    "funding_hr_pct": 0.00125,
    "open_interest": 27409.99034,
    "cvd_total": -9359.136449999995,
    "cvd_12bars": 142.05502000000004,
    "long_short_ratio": null
  },
  "ETH": {
    "funding_hr_pct": -0.00029653,
    "open_interest": 570556.7767999999,
    "cvd_total": -94102.8637999999,
    "cvd_12bars": 6780.3072999999995,
    "long_short_ratio": null
  }
}