{
  "BTC": {
    "funding_hr_pct": 0.00026136,
    "open_interest": 27049.71144,
    "cvd_total": 9637.452289999996,
    "cvd_12bars": 1465.17477,
    "long_short_ratio": null
  },
  "ETH": {
    "funding_hr_pct": 0.0007222,
    "open_interest": 596567.7564000002,
    "cvd_total": 176835.29479999986,
    "cvd_12bars": 15829.253599999996,
    "long_short_ratio": null
  }
}