{
  "BTC": {
    "funding_hr_pct": -0.00014441,
    "open_interest": 27035.46876,
    "cvd_total": -5467.369069999998,
    "cvd_12bars": 744.7811500000001,
    "long_short_ratio": null
  },
  "ETH": {
    "funding_hr_pct": -0.0003476,
    "open_interest": 583016.7957999998,
    "cvd_total": -41916.98779999998,
    "cvd_12bars": 3481.438700000004,
    "long_short_ratio": null
  }
}