{
  "BTC": {
    "funding_hr_pct": 0.00029029,
    "open_interest": 24770.95038,
    "cvd_total": 9006.51261,
    "cvd_12bars": -28.483800000000087,
    "long_short_ratio": null
  },
  "ETH": {
    "funding_hr_pct": -0.00017982,
    "open_interest": 541582.4938000002,
    "cvd_total": 23972.649799999992,
    "cvd_12bars": -7667.4481000000005,
    "long_short_ratio": null
  }
}