{
  "BTC": {
    "funding_hr_pct": -0.00025577,
    "open_interest": 28342.04028,
    "cvd_total": 961.2907600000003,
    "cvd_12bars": 109.11665000000002,
    "long_short_ratio": null
  },
  "ETH": {
    "funding_hr_pct": 0.0003774,
    "open_interest": 556441.6129999998,
    "cvd_total": 2254.6425999999888,
    "cvd_12bars": -342.36130000000014,
    "long_short_ratio": null
  }
}