{
  "BTC": {
    "funding_hr_pct": 0.0003085,
    "open_interest": 29290.57322,
    "cvd_total": 1314.7953100000013,
    "cvd_12bars": 219.70084999999997,
    "long_short_ratio": null
  },
  "ETH": {
    "funding_hr_pct": 0.00090769,
    "open_interest": 532452.1702000002,
    "cvd_total": -17332.9027,
    "cvd_12bars": 1925.3613,
    "long_short_ratio": null
  }
}