{
  "BTC": {
    "funding_hr_pct": 0.00125,
    "open_interest": 32880.56734,
    "cvd_total": 2831.9522300000003,
    "cvd_12bars": 1173.8126100000002,
    "long_short_ratio": null
  },
  "ETH": {
    "funding_hr_pct": 0.00125,
    "open_interest": 728765.3629999998,
    "cvd_total": 93139.90629999994,
    "cvd_12bars": 420.07389999999987,
    "long_short_ratio": null
  }
}