{
  "BTC": {
    "funding_hr_pct": 0.00125,
    "open_interest": 37314.2491999999,
    "cvd_total": 1255.9658399999998,
    "cvd_12bars": 402.37600000000003,
    "long_short_ratio": null
  },
  "ETH": {
    "funding_hr_pct": 0.00125,
    "open_interest": 801911.4598000004,
    "cvd_total": -3804.7107000000356,
    "cvd_12bars": 492.7931999999999,
    "long_short_ratio": null
  }
}