{
  "BTC": {
    "funding_hr_pct": 0.00125,
    "open_interest": 27539.94872,
    "cvd_total": -16223.472670000001,
    "cvd_12bars": 320.39242000000036,
    "long_short_ratio": null
  },
  "ETH": {
    "funding_hr_pct": 0.00125,
    "open_interest": 577776.1075999999,
    "cvd_total": -282096.55800000014,
    "cvd_12bars": 55032.615399999995,
    "long_short_ratio": null
  }
}