{
  "BTC": {
    "funding_hr_pct": -0.0007858499999999999,
    "open_interest": 27594.7048,
    "cvd_total": 10198.93091,
    "cvd_12bars": 469.3536099999999,
    "long_short_ratio": null
  },
  "ETH": {
    "funding_hr_pct": -0.0009541099999999999,
    "open_interest": 587485.0668000011,
    "cvd_total": 241179.73129999964,
    "cvd_12bars": 2421.1506000000027,
    "long_short_ratio": null
  }
}