{
  "BTC": {
    "funding_hr_pct": 0.00026771,
    "open_interest": 25691.51012,
    "cvd_total": 3280.521659999998,
    "cvd_12bars": -2783.13843,
    "long_short_ratio": null
  },
  "ETH": {
    "funding_hr_pct": 0.0010302,
    "open_interest": 433203.4734,
    "cvd_total": 102078.65999999996,
    "cvd_12bars": 25369.8461,
    "long_short_ratio": null
  }
}