{
  "BTC": {
    "funding_hr_pct": 0.00050743,
    "open_interest": 27279.7635,
    "cvd_total": -6566.658049999998,
    "cvd_12bars": 167.06892999999985,
    "long_short_ratio": null
  },
  "ETH": {
    "funding_hr_pct": 0.00125,
    "open_interest": 586093.5892,
    "cvd_total": -234519.7725,
    "cvd_12bars": -3877.015400000003,
    "long_short_ratio": null
  }
}