{
  "BTC": {
    "funding_hr_pct": 0.00070606,
    "open_interest": 27000.1538,
    "cvd_total": -8367.588640000002,
    "cvd_12bars": 951.8860500000001,
    "long_short_ratio": null
  },
  "ETH": {
    "funding_hr_pct": 0.00086739,
    "open_interest": 578975.1236,
    "cvd_total": -79819.22859999994,
    "cvd_12bars": 9475.492,
    "long_short_ratio": null
  }
}