{
  "BTC": {
    "funding_hr_pct": -0.00139569,
    "open_interest": 29272.6494,
    "cvd_total": -270.8898500000031,
    "cvd_12bars": 1183.19377,
    "long_short_ratio": null
  },
  "ETH": {
    "funding_hr_pct": 0.00024335999999999997,
    "open_interest": 570312.0769999999,
    "cvd_total": -22362.03580000001,
    "cvd_12bars": -5249.9085,
    "long_short_ratio": null
  }
}