{
  "BTC": {
    "funding_hr_pct": 0.00067688,
    "open_interest": 24794.92636,
    "cvd_total": 8554.655720000006,
    "cvd_12bars": -113.38833999999986,
    "long_short_ratio": null
  },
  "ETH": {
    "funding_hr_pct": 9.423999999999999e-05,
    "open_interest": 568618.2755999999,
    "cvd_total": -22917.541499999974,
    "cvd_12bars": -21028.172799999997,
    "long_short_ratio": null
  }
}