{
  "BTC": {
    "funding_hr_pct": 0.00122666,
    "open_interest": 33076.98654,
    "cvd_total": 4354.828930000001,
    "cvd_12bars": 5587.55506,
    "long_short_ratio": null
  },
  "ETH": {
    "funding_hr_pct": 0.00125,
    "open_interest": 740882.3413999999,
    "cvd_total": -94210.10290000004,
    "cvd_12bars": 98686.2484,
    "long_short_ratio": null
  }
}