{
  "BTC": {
    "funding_hr_pct": -0.0008876099999999999,
    "open_interest": 25532.6075,
    "cvd_total": 8391.007830000004,
    "cvd_12bars": 596.29479,
    "long_short_ratio": null
  },
  "ETH": {
    "funding_hr_pct": 0.00125,
    "open_interest": 552515.3353999996,
    "cvd_total": 10162.981300000043,
    "cvd_12bars": 18303.799700000003,
    "long_short_ratio": null
  }
}