{
  "BTC": {
    "funding_hr_pct": 0.00125,
    "open_interest": 27437.34104,
    "cvd_total": 6688.415560000003,
    "cvd_12bars": -511.1883700000004,
    "long_short_ratio": null
  },
  "ETH": {
    "funding_hr_pct": 0.00125,
    "open_interest": 602517.9686000004,
    "cvd_total": 159846.37999999998,
    "cvd_12bars": -4143.6402,
    "long_short_ratio": null
  }
}