{
  "BTC": {
    "funding_hr_pct": -0.00093335,
    "open_interest": 28846.61284,
    "cvd_total": -1348.6106300000024,
    "cvd_12bars": -29.34371,
    "long_short_ratio": null
  },
  "ETH": {
    "funding_hr_pct": 0.0002811,
    "open_interest": 559407.0234000001,
    "cvd_total": -9303.252599999996,
    "cvd_12bars": -6000.0489,
    "long_short_ratio": null
  }
}