{
  "BTC": {
    "funding_hr_pct": 0.00125,
    "open_interest": 30156.95354,
    "cvd_total": -26325.63420000001,
    "cvd_12bars": -1381.81712,
    "long_short_ratio": null
  },
  "ETH": {
    "funding_hr_pct": 0.00125,
    "open_interest": 676284.4774000001,
    "cvd_total": -93111.4269,
    "cvd_12bars": 9275.9299,
    "long_short_ratio": null
  }
}