{
  "BTC": {
    "funding_hr_pct": -0.0021174,
    "open_interest": 27928.34216,
    "cvd_total": 7898.566850000001,
    "cvd_12bars": -2371.65536,
    "long_short_ratio": null
  },
  "ETH": {
    "funding_hr_pct": -0.0035837399999999998,
    "open_interest": 438636.9826000003,
    "cvd_total": -4350.427999999989,
    "cvd_12bars": 5229.837000000003,
    "long_short_ratio": null
  }
}