{
  "BTC": {
    "funding_hr_pct": -0.00030509,
    "open_interest": 29790.01032,
    "cvd_total": -2098.500840000001,
    "cvd_12bars": -193.8637799999999,
    "long_short_ratio": null
  },
  "ETH": {
    "funding_hr_pct": 0.00125,
    "open_interest": 767400.5342,
    "cvd_total": 11068.549599999998,
    "cvd_12bars": -16218.124899999997,
    "long_short_ratio": null
  }
}