{
  "BTC": {
    "funding_hr_pct": -8.783e-05,
    "open_interest": 28295.70864,
    "cvd_total": 278.8271900000002,
    "cvd_12bars": 868.7673100000001,
    "long_short_ratio": null
  },
  "ETH": {
    "funding_hr_pct": 0.00125,
    "open_interest": 582331.9838,
    "cvd_total": 592.0775999999839,
    "cvd_12bars": 5525.3274,
    "long_short_ratio": null
  }
}