{
  "BTC": {
    "funding_hr_pct": -1.337e-05,
    "open_interest": 25652.92922,
    "cvd_total": 1508.5802600000015,
    "cvd_12bars": 296.28895,
    "long_short_ratio": null
  },
  "ETH": {
    "funding_hr_pct": 0.00019363,
    "open_interest": 552379.4503999999,
    "cvd_total": -5556.795000000029,
    "cvd_12bars": -3516.0714999999946,
    "long_short_ratio": null
  }
}