{
  "BTC": {
    "funding_hr_pct": -0.00012054,
    "open_interest": 31614.5288,
    "cvd_total": -7430.645800000003,
    "cvd_12bars": -1.493359999999882,
    "long_short_ratio": null
  },
  "ETH": {
    "funding_hr_pct": 0.00035664,
    "open_interest": 587988.8053999996,
    "cvd_total": -42702.876599999996,
    "cvd_12bars": 6100.1579999999985,
    "long_short_ratio": null
  }
}