{
  "BTC": {
    "funding_hr_pct": -0.00036683,
    "open_interest": 29004.61666,
    "cvd_total": -5590.884869999997,
    "cvd_12bars": -319.54425000000003,
    "long_short_ratio": null
  },
  "ETH": {
    "funding_hr_pct": 0.00098491,
    "open_interest": 574900.5861999998,
    "cvd_total": -137093.56050000008,
    "cvd_12bars": 1304.0751000000027,
    "long_short_ratio": null
  }
}