{
  "BTC": {
    "funding_hr_pct": 0.00125,
    "open_interest": 36537.66564,
    "cvd_total": 963.5488199999986,
    "cvd_12bars": 8420.20393,
    "long_short_ratio": null
  },
  "ETH": {
    "funding_hr_pct": 0.00125,
    "open_interest": 753730.3915999996,
    "cvd_total": 30864.09029999999,
    "cvd_12bars": 48762.77070000001,
    "long_short_ratio": null
  }
}