{
  "BTC": {
    "funding_hr_pct": -0.00117958,
    "open_interest": 30579.9551,
    "cvd_total": -1014.3170899999998,
    "cvd_12bars": -928.1291700000002,
    "long_short_ratio": null
  },
  "ETH": {
    "funding_hr_pct": 0.00045927,
    "open_interest": 548069.3642,
    "cvd_total": -3249.868999999998,
    "cvd_12bars": -1095.110999999998,
    "long_short_ratio": null
  }
}