{
  "BTC": {
    "funding_hr_pct": -0.00132642,
    "open_interest": 31576.14924,
    "cvd_total": 8841.935650000001,
    "cvd_12bars": -203.02808999999996,
    "long_short_ratio": null
  },
  "ETH": {
    "funding_hr_pct": -0.00010403,
    "open_interest": 499588.9662000001,
    "cvd_total": 75508.49909999996,
    "cvd_12bars": -3832.9747,
    "long_short_ratio": null
  }
}