{
  "BTC": {
    "funding_hr_pct": -0.00056654,
    "open_interest": 33640.88298,
    "cvd_total": 550.4971900000052,
    "cvd_12bars": -301.79779999999965,
    "long_short_ratio": null
  },
  "ETH": {
    "funding_hr_pct": -0.00012197,
    "open_interest": 672564.0894,
    "cvd_total": -211637.44280000014,
    "cvd_12bars": -3256.025899999997,
    "long_short_ratio": null
  }
}