{
  "BTC": {
    "funding_hr_pct": -0.00015497,
    "open_interest": 27806.14294,
    "cvd_total": 16466.743789999993,
    "cvd_12bars": 3386.2783400000003,
    "long_short_ratio": null
  },
  "ETH": {
    "funding_hr_pct": 0.00070932,
    "open_interest": 440634.0232,
    "cvd_total": 153695.55870000008,
    "cvd_12bars": 2995.0638000000054,
    "long_short_ratio": null
  }
}