{
  "BTC": {
    "funding_hr_pct": -0.00297657,
    "open_interest": 31065.3036,
    "cvd_total": 0.5070400000003019,
    "cvd_12bars": 853.5181200000001,
    "long_short_ratio": null
  },
  "ETH": {
    "funding_hr_pct": 0.00015874000000000001,
    "open_interest": 540800.3892,
    "cvd_total": 11559.6167,
    "cvd_12bars": 7487.1366,
    "long_short_ratio": null
  }
}