{
  "BTC": {
    "funding_hr_pct": 5.0809999999999996e-05,
    "open_interest": 38023.0739,
    "cvd_total": 1089.81703,
    "cvd_12bars": 72.44662000000008,
    "long_short_ratio": null
  },
  "ETH": {
    "funding_hr_pct": 0.00125,
    "open_interest": 1026606.3474000002,
    "cvd_total": -61344.93540000003,
    "cvd_12bars": -2757.4727999999977,
    "long_short_ratio": null
  }
}