{
  "BTC": {
    "funding_hr_pct": 0.00032669,
    "open_interest": 30289.77572,
    "cvd_total": 3278.1001699999993,
    "cvd_12bars": -2454.51493,
    "long_short_ratio": null
  },
  "ETH": {
    "funding_hr_pct": 0.00042917,
    "open_interest": 511399.8031999998,
    "cvd_total": 25080.94919999998,
    "cvd_12bars": -36926.95680000001,
    "long_short_ratio": null
  }
}