{
  "BTC": {
    "funding_hr_pct": 0.00125,
    "open_interest": 27684.07114,
    "cvd_total": 6797.830060000002,
    "cvd_12bars": -384.84122999999994,
    "long_short_ratio": null
  },
  "ETH": {
    "funding_hr_pct": 0.00125,
    "open_interest": 617092.3139999998,
    "cvd_total": 171718.72549999997,
    "cvd_12bars": -2269.741500000001,
    "long_short_ratio": null
  }
}