{
  "BTC": {
    "funding_hr_pct": -0.0012754399999999999,
    "open_interest": 32549.88076,
    "cvd_total": 10094.84802,
    "cvd_12bars": 1111.4739099999997,
    "long_short_ratio": null
  },
  "ETH": {
    "funding_hr_pct": -0.0017425300000000002,
    "open_interest": 706940.4778,
    "cvd_total": 26001.479,
    "cvd_12bars": 5954.182599999998,
    "long_short_ratio": null
  }
}