{
  "BTC": {
    "funding_hr_pct": 0.00053469,
    "open_interest": 31184.17638,
    "cvd_total": 1969.7878699999992,
    "cvd_12bars": -434.16409999999996,
    "long_short_ratio": null
  },
  "ETH": {
    "funding_hr_pct": 0.000585,
    "open_interest": 531049.0096000001,
    "cvd_total": -8318.780799999959,
    "cvd_12bars": -14597.981999999998,
    "long_short_ratio": null
  }
}