{
  "BTC": {
    "funding_hr_pct": -0.00112653,
    "open_interest": 31247.50564,
    "cvd_total": 6751.049379999999,
    "cvd_12bars": 2835.9855599999996,
    "long_short_ratio": null
  },
  "ETH": {
    "funding_hr_pct": 0.00018697,
    "open_interest": 503033.9407999999,
    "cvd_total": 52697.91899999998,
    "cvd_12bars": 11470.4777,
    "long_short_ratio": null
  }
}