{
  "BTC": {
    "funding_hr_pct": 0.00073837,
    "open_interest": 27203.7557,
    "cvd_total": 3393.2381699999996,
    "cvd_12bars": -239.64406000000002,
    "long_short_ratio": null
  },
  "ETH": {
    "funding_hr_pct": 0.0012018999999999999,
    "open_interest": 560659.7076,
    "cvd_total": 58252.558799999984,
    "cvd_12bars": -11056.789400000001,
    "long_short_ratio": null
  }
}