{
  "BTC": {
    "funding_hr_pct": -0.0008892700000000001,
    "open_interest": 27594.73784,
    "cvd_total": 16301.439589999994,
    "cvd_12bars": 2980.68394,
    "long_short_ratio": null
  },
  "ETH": {
    "funding_hr_pct": 0.00063577,
    "open_interest": 437597.0197999999,
    "cvd_total": 184341.1005000001,
    "cvd_12bars": 39906.1359,
    "long_short_ratio": null
  }
}