{
  "BTC": {
    "funding_hr_pct": 0.00020099999999999998,
    "open_interest": 26869.07468,
    "cvd_total": -2553.15146,
    "cvd_12bars": 707.1626100000001,
    "long_short_ratio": null
  },
  "ETH": {
    "funding_hr_pct": 0.0003335,
    "open_interest": 574103.1368000001,
    "cvd_total": 7350.028399999989,
    "cvd_12bars": 14434.624500000004,
    "long_short_ratio": null
  }
}