{
  "BTC": {
    "funding_hr_pct": -0.0013574799999999999,
    "open_interest": 27306.57462,
    "cvd_total": 9744.71114,
    "cvd_12bars": 2305.26286,
    "long_short_ratio": null
  },
  "ETH": {
    "funding_hr_pct": -0.00023151,
    "open_interest": 591136.1258000007,
    "cvd_total": -34862.2074,
    "cvd_12bars": 27361.232199999995,
    "long_short_ratio": null
  }
}