{
  "BTC": {
    "funding_hr_pct": -0.00227624,
    "open_interest": 27605.39832,
    "cvd_total": 8558.730540000004,
    "cvd_12bars": 1263.00664,
    "long_short_ratio": null
  },
  "ETH": {
    "funding_hr_pct": -0.00268647,
    "open_interest": 415342.8216000002,
    "cvd_total": 4370.171599999999,
    "cvd_12bars": 6704.575999999996,
    "long_short_ratio": null
  }
}