{
  "BTC": {
    "funding_hr_pct": 0.00042076,
    "open_interest": 31363.0897,
    "cvd_total": -120.73941000000134,
    "cvd_12bars": 673.64055,
    "long_short_ratio": null
  },
  "ETH": {
    "funding_hr_pct": 0.00033479,
    "open_interest": 521484.7966000001,
    "cvd_total": -78742.13230000003,
    "cvd_12bars": 2887.529899999999,
    "long_short_ratio": null
  }
}