{
  "BTC": {
    "funding_hr_pct": 0.00024943,
    "open_interest": 29103.73948,
    "cvd_total": -1535.5676199999998,
    "cvd_12bars": -4931.9607000000005,
    "long_short_ratio": null
  },
  "ETH": {
    "funding_hr_pct": 0.00042361,
    "open_interest": 584567.0171999998,
    "cvd_total": 32369.218600000004,
    "cvd_12bars": -27840.198099999994,
    "long_short_ratio": null
  }
}