{
  "BTC": {
    "funding_hr_pct": -0.00270433,
    "open_interest": 30467.52236,
    "cvd_total": -649.1394999999998,
    "cvd_12bars": 426.80172999999996,
    "long_short_ratio": null
  },
  "ETH": {
    "funding_hr_pct": 0.00068242,
    "open_interest": 545796.0329999999,
    "cvd_total": 2668.196600000007,
    "cvd_12bars": 12283.503599999998,
    "long_short_ratio": null
  }
}