{
  "BTC": {
    "funding_hr_pct": 0.00125,
    "open_interest": 37273.5949,
    "cvd_total": -767.3805899999979,
    "cvd_12bars": 477.5465200000002,
    "long_short_ratio": null
  },
  "ETH": {
    "funding_hr_pct": 0.00125,
    "open_interest": 962365.5227999991,
    "cvd_total": -49482.5739,
    "cvd_12bars": 395.84480000000144,
    "long_short_ratio": null
  }
}