{
  "BTC": {
    "funding_hr_pct": -0.00281959,
    "open_interest": 30389.93794,
    "cvd_total": -213.7974800000001,
    "cvd_12bars": -306.0011400000001,
    "long_short_ratio": null
  },
  "ETH": {
    "funding_hr_pct": 0.00012220999999999998,
    "open_interest": 545057.6125999998,
    "cvd_total": 5068.865599999997,
    "cvd_12bars": 7625.070299999999,
    "long_short_ratio": null
  }
}