{
  "BTC": {
    "funding_hr_pct": 0.00018051000000000002,
    "open_interest": 27609.73268,
    "cvd_total": -8915.780310000004,
    "cvd_12bars": -966.4353199999998,
    "long_short_ratio": null
  },
  "ETH": {
    "funding_hr_pct": 0.00050126,
    "open_interest": 581559.0550000004,
    "cvd_total": -262032.5945,
    "cvd_12bars": -10277.246000000003,
    "long_short_ratio": null
  }
}