{
  "BTC": {
    "funding_hr_pct": 0.00012409,
    "open_interest": 30329.57904,
    "cvd_total": -4315.192490000001,
    "cvd_12bars": -287.92785,
    "long_short_ratio": null
  },
  "ETH": {
    "funding_hr_pct": 0.00125,
    "open_interest": 596923.6015999999,
    "cvd_total": 18869.038400000045,
    "cvd_12bars": -7209.056200000001,
    "long_short_ratio": null
  }
}