{
  "BTC": {
    "funding_hr_pct": 0.00125,
    "open_interest": 32973.6505599999,
    "cvd_total": 1046.999390000001,
    "cvd_12bars": -678.08825,
    "long_short_ratio": null
  },
  "ETH": {
    "funding_hr_pct": 0.00011467999999999999,
    "open_interest": 676869.1081999999,
    "cvd_total": -151887.066,
    "cvd_12bars": -2202.797599999999,
    "long_short_ratio": null
  }
}