{
  "BTC": {
    "funding_hr_pct": 0.00125,
    "open_interest": 37844.5567599999,
    "cvd_total": 3940.079689999998,
    "cvd_12bars": -511.05788999999993,
    "long_short_ratio": null
  },
  "ETH": {
    "funding_hr_pct": 0.00125,
    "open_interest": 791295.9652000007,
    "cvd_total": -46605.03599999999,
    "cvd_12bars": -20144.112099999995,
    "long_short_ratio": null
  }
}