{
  "BTC": {
    "funding_hr_pct": 0.0007038,
    "open_interest": 32428.16454,
    "cvd_total": -128.17917999999906,
    "cvd_12bars": 878.2551500000001,
    "long_short_ratio": null
  },
  "ETH": {
    "funding_hr_pct": 0.00125,
    "open_interest": 741000.2811999997,
    "cvd_total": -184743.65070000006,
    "cvd_12bars": 25306.388300000002,
    "long_short_ratio": null
  }
}