{
  "BTC": {
    "funding_hr_pct": 0.00026258,
    "open_interest": 28183.58452,
    "cvd_total": -8677.042220000001,
    "cvd_12bars": 22.436779999999956,
    "long_short_ratio": null
  },
  "ETH": {
    "funding_hr_pct": 0.00109131,
    "open_interest": 571313.3148000003,
    "cvd_total": -140858.39940000002,
    "cvd_12bars": -16952.164400000005,
    "long_short_ratio": null
  }
}