{
  "BTC": {
    "funding_hr_pct": -0.0014011,
    "open_interest": 27336.14982,
    "cvd_total": 1191.8211300000007,
    "cvd_12bars": 84.64985999999995,
    "long_short_ratio": null
  },
  "ETH": {
    "funding_hr_pct": -0.00027469,
    "open_interest": 560477.1671999994,
    "cvd_total": -19480.713199999984,
    "cvd_12bars": -11485.5355,
    "long_short_ratio": null
  }
}