{
  "BTC": {
    "funding_hr_pct": 0.00125,
    "open_interest": 37897.62674,
    "cvd_total": -920.4592900000006,
    "cvd_12bars": 464.7581999999999,
    "long_short_ratio": null
  },
  "ETH": {
    "funding_hr_pct": 0.00125,
    "open_interest": 791794.7981999988,
    "cvd_total": 109586.32020000002,
    "cvd_12bars": -3863.3027000000006,
    "long_short_ratio": null
  }
}