{
  "BTC": {
    "funding_hr_pct": 0.00066694,
    "open_interest": 27355.00472,
    "cvd_total": -5953.447650000002,
    "cvd_12bars": 703.44362,
    "long_short_ratio": null
  },
  "ETH": {
    "funding_hr_pct": 0.00034983,
    "open_interest": 587596.1578,
    "cvd_total": 7859.742199999985,
    "cvd_12bars": 24000.873499999998,
    "long_short_ratio": null
  }
}