{
  "BTC": {
    "funding_hr_pct": -0.00072623,
    "open_interest": 27466.96566,
    "cvd_total": 19263.06441,
    "cvd_12bars": 1656.59284,
    "long_short_ratio": null
  },
  "ETH": {
    "funding_hr_pct": -0.00198177,
    "open_interest": 500120.3052000002,
    "cvd_total": 192242.2197000002,
    "cvd_12bars": 11365.8445,
    "long_short_ratio": null
  }
}