{
  "BTC": {
    "funding_hr_pct": 0.00125,
    "open_interest": 29056.33648,
    "cvd_total": 145.3122499999994,
    "cvd_12bars": 404.99197000000004,
    "long_short_ratio": null
  },
  "ETH": {
    "funding_hr_pct": -0.00077443,
    "open_interest": 434660.7447999999,
    "cvd_total": -48470.3752,
    "cvd_12bars": -11768.2223,
    "long_short_ratio": null
  }
}