{
  "BTC": {
    "funding_hr_pct": 0.00125,
    "open_interest": 30988.23302,
    "cvd_total": -2874.4384699999996,
    "cvd_12bars": -4071.3770499999996,
    "long_short_ratio": null
  },
  "ETH": {
    "funding_hr_pct": 0.00125,
    "open_interest": 536353.2083999999,
    "cvd_total": -115076.87200000003,
    "cvd_12bars": -30903.523699999994,
    "long_short_ratio": null
  }
}