{
  "BTC": {
    "funding_hr_pct": -0.00205926,
    "open_interest": 28616.82948,
    "cvd_total": -3835.772879999999,
    "cvd_12bars": 1275.8983200000002,
    "long_short_ratio": null
  },
  "ETH": {
    "funding_hr_pct": -0.00032546,
    "open_interest": 558499.8034000002,
    "cvd_total": -157240.05970000004,
    "cvd_12bars": -22464.3192,
    "long_short_ratio": null
  }
}