{
  "BTC": {
    "funding_hr_pct": -0.0010003199999999999,
    "open_interest": 27184.50724,
    "cvd_total": 13305.114599999988,
    "cvd_12bars": 878.4644599999998,
    "long_short_ratio": null
  },
  "ETH": {
    "funding_hr_pct": -0.00014326,
    "open_interest": 481339.5546,
    "cvd_total": 138762.37820000006,
    "cvd_12bars": 7776.449499999999,
    "long_short_ratio": null
  }
}