{
  "BTC": {
    "funding_hr_pct": 0.00125,
    "open_interest": 26613.37242,
    "cvd_total": -5642.899319999996,
    "cvd_12bars": 783.92251,
    "long_short_ratio": null
  },
  "ETH": {
    "funding_hr_pct": 0.00125,
    "open_interest": 574916.3448000001,
    "cvd_total": 5415.685800000004,
    "cvd_12bars": 6123.751700000001,
    "long_short_ratio": null
  }
}