{
  "BTC": {
    "funding_hr_pct": -0.00024007000000000002,
    "open_interest": 30478.40726,
    "cvd_total": 6240.773719999999,
    "cvd_12bars": -1225.50164,
    "long_short_ratio": null
  },
  "ETH": {
    "funding_hr_pct": 0.00081763,
    "open_interest": 501290.3527999999,
    "cvd_total": 76970.00720000001,
    "cvd_12bars": -14959.128300000002,
    "long_short_ratio": null
  }
}