{
  "BTC": {
    "funding_hr_pct": 0.00057606,
    "open_interest": 27220.08194,
    "cvd_total": 3288.90558,
    "cvd_12bars": -235.85500999999994,
    "long_short_ratio": null
  },
  "ETH": {
    "funding_hr_pct": 0.00104568,
    "open_interest": 560020.6521999995,
    "cvd_total": 57575.70750000001,
    "cvd_12bars": -11128.1299,
    "long_short_ratio": null
  }
}