{
  "BTC": {
    "funding_hr_pct": -0.00039732000000000005,
    "open_interest": 25378.39842,
    "cvd_total": 8133.886299999999,
    "cvd_12bars": 111.64614999999996,
    "long_short_ratio": null
  },
  "ETH": {
    "funding_hr_pct": 0.00079778,
    "open_interest": 553072.3416,
    "cvd_total": -3527.241699999954,
    "cvd_12bars": 16703.3511,
    "long_short_ratio": null
  }
}