{
  "BTC": {
    "funding_hr_pct": 0.00125,
    "open_interest": 29429.59558,
    "cvd_total": 3069.8387199999993,
    "cvd_12bars": -522.3820000000001,
    "long_short_ratio": null
  },
  "ETH": {
    "funding_hr_pct": 0.00125,
    "open_interest": 598400.0760000001,
    "cvd_total": -4901.995499999979,
    "cvd_12bars": 1395.992199999999,
    "long_short_ratio": null
  }
}