{
  "BTC": {
    "funding_hr_pct": 0.0006211599999999999,
    "open_interest": 27366.5044,
    "cvd_total": 116.9905600000002,
    "cvd_12bars": -279.97975999999994,
    "long_short_ratio": null
  },
  "ETH": {
    "funding_hr_pct": -0.0006032100000000001,
    "open_interest": 432273.6079999999,
    "cvd_total": 41856.225399999996,
    "cvd_12bars": 13967.537199999999,
    "long_short_ratio": null
  }
}