{
  "BTC": {
    "funding_hr_pct": -0.00081576,
    "open_interest": 28038.9832,
    "cvd_total": 5853.7757200000015,
    "cvd_12bars": -525.60708,
    "long_short_ratio": null
  },
  "ETH": {
    "funding_hr_pct": -0.0019467199999999999,
    "open_interest": 390444.6688,
    "cvd_total": 5274.179999999987,
    "cvd_12bars": 2746.2452000000003,
    "long_short_ratio": null
  }
}