{
  "BTC": {
    "funding_hr_pct": -0.00035245,
    "open_interest": 26621.19128,
    "cvd_total": -4120.060940000006,
    "cvd_12bars": 447.3845299999999,
    "long_short_ratio": null
  },
  "ETH": {
    "funding_hr_pct": -0.00027021,
    "open_interest": 543298.2432,
    "cvd_total": -102048.17169999996,
    "cvd_12bars": 23297.0228,
    "long_short_ratio": null
  }
}