{
  "BTC": {
    "funding_hr_pct": -0.0009825,
    "open_interest": 27974.0465599999,
    "cvd_total": -6070.695740000002,
    "cvd_12bars": -504.93012,
    "long_short_ratio": null
  },
  "ETH": {
    "funding_hr_pct": -0.00071331,
    "open_interest": 582678.9068000015,
    "cvd_total": 1803.9185999999836,
    "cvd_12bars": -5599.030900000002,
    "long_short_ratio": null
  }
}