{
  "BTC": {
    "funding_hr_pct": -0.00139868,
    "open_interest": 34343.70986,
    "cvd_total": 5333.1100300000035,
    "cvd_12bars": -1981.778,
    "long_short_ratio": null
  },
  "ETH": {
    "funding_hr_pct": -0.0033510999999999997,
    "open_interest": 745781.3417999998,
    "cvd_total": 73934.6474,
    "cvd_12bars": -37967.298299999995,
    "long_short_ratio": null
  }
}