{
  "BTC": {
    "funding_hr_pct": -0.00027075,
    "open_interest": 26821.33498,
    "cvd_total": -1254.46664,
    "cvd_12bars": 430.2856000000001,
    "long_short_ratio": null
  },
  "ETH": {
    "funding_hr_pct": -3.219e-05,
    "open_interest": 565089.2303999999,
    "cvd_total": -8257.634600000003,
    "cvd_12bars": -1732.7085000000002,
    "long_short_ratio": null
  }
}