{
  "BTC": {
    "funding_hr_pct": 0.00081833,
    "open_interest": 29358.92554,
    "cvd_total": -10547.051759999998,
    "cvd_12bars": -1026.8631799999998,
    "long_short_ratio": null
  },
  "ETH": {
    "funding_hr_pct": 0.0011288799999999999,
    "open_interest": 567425.3232000013,
    "cvd_total": -162437.28260000006,
    "cvd_12bars": -6771.902699999998,
    "long_short_ratio": null
  }
}