{
  "BTC": {
    "funding_hr_pct": 0.00125,
    "open_interest": 25255.90812,
    "cvd_total": 4851.59974,
    "cvd_12bars": 5227.13881,
    "long_short_ratio": null
  },
  "ETH": {
    "funding_hr_pct": 0.00020818,
    "open_interest": 551604.1406000004,
    "cvd_total": -46336.14540000014,
    "cvd_12bars": 138388.89500000002,
    "long_short_ratio": null
  }
}