{
  "BTC": {
    "funding_hr_pct": 0.00048207,
    "open_interest": 31416.7237,
    "cvd_total": 14014.209139999999,
    "cvd_12bars": 5456.19918,
    "long_short_ratio": null
  },
  "ETH": {
    "funding_hr_pct": 0.00077891,
    "open_interest": 708655.8322000002,
    "cvd_total": 345731.38659999997,
    "cvd_12bars": 125701.7273,
    "long_short_ratio": null
  }
}