{
  "BTC": {
    "funding_hr_pct": -0.00158953,
    "open_interest": 27358.33578,
    "cvd_total": 18398.62626999999,
    "cvd_12bars": -773.4752500000001,
    "long_short_ratio": null
  },
  "ETH": {
    "funding_hr_pct": -0.0018723799999999999,
    "open_interest": 499776.7894,
    "cvd_total": 180385.71400000004,
    "cvd_12bars": -7142.308999999999,
    "long_short_ratio": null
  }
}