{
  "BTC": {
    "funding_hr_pct": 0.00125,
    "open_interest": 27597.9391999999,
    "cvd_total": 884.7030699999997,
    "cvd_12bars": 153.58925999999997,
    "long_short_ratio": null
  },
  "ETH": {
    "funding_hr_pct": 0.00125,
    "open_interest": 567366.8232000001,
    "cvd_total": 71803.36640000001,
    "cvd_12bars": -480.54490000000055,
    "long_short_ratio": null
  }
}