{
  "BTC": {
    "funding_hr_pct": -0.0017142900000000003,
    "open_interest": 28362.72152,
    "cvd_total": -16819.389880000002,
    "cvd_12bars": -2091.92556,
    "long_short_ratio": null
  },
  "ETH": {
    "funding_hr_pct": -0.00069186,
    "open_interest": 582920.9237999993,
    "cvd_total": -380309.38910000015,
    "cvd_12bars": -101937.6673,
    "long_short_ratio": null
  }
}