{
  "BTC": {
    "funding_hr_pct": 0.00125,
    "open_interest": 27252.94956,
    "cvd_total": -799.8823100000002,
    "cvd_12bars": -104.77289999999999,
    "long_short_ratio": null
  },
  "ETH": {
    "funding_hr_pct": 0.00051894,
    "open_interest": 422284.72,
    "cvd_total": 11741.527400000003,
    "cvd_12bars": 2280.5542000000005,
    "long_short_ratio": null
  }
}