{
  "BTC": {
    "funding_hr_pct": 0.0010001300000000001,
    "open_interest": 32271.77306,
    "cvd_total": -770.2226999999992,
    "cvd_12bars": -689.6345499999999,
    "long_short_ratio": null
  },
  "ETH": {
    "funding_hr_pct": 0.00125,
    "open_interest": 775757.6859999999,
    "cvd_total": -220302.88470000005,
    "cvd_12bars": -37510.3867,
    "long_short_ratio": null
  }
}