{
  "BTC": {
    "funding_hr_pct": -0.00046204,
    "open_interest": 28808.3662,
    "cvd_total": 7648.041920000003,
    "cvd_12bars": 950.94868,
    "long_short_ratio": null
  },
  "ETH": {
    "funding_hr_pct": -7.225e-05,
    "open_interest": 574289.5205999997,
    "cvd_total": 105313.75480000001,
    "cvd_12bars": 14261.719500000001,
    "long_short_ratio": null
  }
}