{
  "BTC": {
    "funding_hr_pct": -0.00094378,
    "open_interest": 27226.9734,
    "cvd_total": 3424.860010000006,
    "cvd_12bars": -237.29987,
    "long_short_ratio": null
  },
  "ETH": {
    "funding_hr_pct": -0.00268124,
    "open_interest": 464452.7717999998,
    "cvd_total": -66730.73260000002,
    "cvd_12bars": -10198.6172,
    "long_short_ratio": null
  }
}