{
  "BTC": {
    "funding_hr_pct": 0.00125,
    "open_interest": 27339.94,
    "cvd_total": -10658.953689999995,
    "cvd_12bars": -68.55611999999999,
    "long_short_ratio": null
  },
  "ETH": {
    "funding_hr_pct": 0.0005343899999999999,
    "open_interest": 581110.2495999992,
    "cvd_total": -131973.44840000002,
    "cvd_12bars": 619.9951999999985,
    "long_short_ratio": null
  }
}