{
  "BTC": {
    "funding_hr_pct": -0.00259593,
    "open_interest": 28289.53348,
    "cvd_total": 4580.46937,
    "cvd_12bars": 647.7204199999999,
    "long_short_ratio": null
  },
  "ETH": {
    "funding_hr_pct": -0.00231513,
    "open_interest": 385165.5305999999,
    "cvd_total": -1378.0370000000166,
    "cvd_12bars": 9998.403199999999,
    "long_short_ratio": null
  }
}