{
  "BTC": {
    "funding_hr_pct": 0.00075258,
    "open_interest": 25283.02474,
    "cvd_total": 3068.2770599999994,
    "cvd_12bars": 422.87293000000005,
    "long_short_ratio": null
  },
  "ETH": {
    "funding_hr_pct": 0.00089782,
    "open_interest": 605968.7264000005,
    "cvd_total": 84958.62769999998,
    "cvd_12bars": 7642.1122,
    "long_short_ratio": null
  }
}