{
  "BTC": {
    "funding_hr_pct": -0.00144598,
    "open_interest": 26668.13428,
    "cvd_total": 5997.571030000003,
    "cvd_12bars": -364.47410000000013,
    "long_short_ratio": null
  },
  "ETH": {
    "funding_hr_pct": 0.0003279,
    "open_interest": 569123.3316,
    "cvd_total": 61591.33719999998,
    "cvd_12bars": -13642.429699999999,
    "long_short_ratio": null
  }
}