{
  "BTC": {
    "funding_hr_pct": -0.00025552,
    "open_interest": 29898.34546,
    "cvd_total": 2440.153629999998,
    "cvd_12bars": -234.72089999999997,
    "long_short_ratio": null
  },
  "ETH": {
    "funding_hr_pct": 0.00052687,
    "open_interest": 774825.5846,
    "cvd_total": -22197.48590000001,
    "cvd_12bars": 4525.2258,
    "long_short_ratio": null
  }
}