{
  "BTC": {
    "funding_hr_pct": -0.0016912300000000002,
    "open_interest": 29492.17536,
    "cvd_total": -379.05646000000024,
    "cvd_12bars": 252.39718,
    "long_short_ratio": null
  },
  "ETH": {
    "funding_hr_pct": 0.0006752,
    "open_interest": 569883.4380000003,
    "cvd_total": -14939.35750000001,
    "cvd_12bars": 3367.2503,
    "long_short_ratio": null
  }
}