{
  "BTC": {
    "funding_hr_pct": -0.00074493,
    "open_interest": 26678.57138,
    "cvd_total": 2927.417420000001,
    "cvd_12bars": 907.0375199999996,
    "long_short_ratio": null
  },
  "ETH": {
    "funding_hr_pct": -9.855e-05,
    "open_interest": 572718.4055999999,
    "cvd_total": -101320.37000000005,
    "cvd_12bars": 17845.501499999995,
    "long_short_ratio": null
  }
}