{
  "BTC": {
    "funding_hr_pct": -0.00080227,
    "open_interest": 28979.14446,
    "cvd_total": -8409.103250000002,
    "cvd_12bars": 1814.3830399999997,
    "long_short_ratio": null
  },
  "ETH": {
    "funding_hr_pct": -4.101e-05,
    "open_interest": 580951.9199999999,
    "cvd_total": -178769.35770000005,
    "cvd_12bars": 32448.183100000002,
    "long_short_ratio": null
  }
}