{
  "BTC": {
    "funding_hr_pct": 0.00048159,
    "open_interest": 26612.16922,
    "cvd_total": -965.7842300000017,
    "cvd_12bars": -158.48762000000005,
    "long_short_ratio": null
  },
  "ETH": {
    "funding_hr_pct": -0.00051414,
    "open_interest": 566092.3369999996,
    "cvd_total": -16740.950300000015,
    "cvd_12bars": -7326.630699999998,
    "long_short_ratio": null
  }
}