{
  "BTC": {
    "funding_hr_pct": 0.00125,
    "open_interest": 33121.82604,
    "cvd_total": 2353.585240000001,
    "cvd_12bars": 519.47561,
    "long_short_ratio": null
  },
  "ETH": {
    "funding_hr_pct": 0.00124523,
    "open_interest": 723456.5857999998,
    "cvd_total": 119520.05789999991,
    "cvd_12bars": 1938.1628,
    "long_short_ratio": null
  }
}