{
  "BTC": {
    "funding_hr_pct": 1.236e-05,
    "open_interest": 26716.13288,
    "cvd_total": -4488.154890000004,
    "cvd_12bars": -121.4909900000001,
    "long_short_ratio": null
  },
  "ETH": {
    "funding_hr_pct": -0.00129054,
    "open_interest": 544324.066,
    "cvd_total": -127365.78810000002,
    "cvd_12bars": -12141.8301,
    "long_short_ratio": null
  }
}