{
  "BTC": {
    "funding_hr_pct": -0.00025112,
    "open_interest": 27265.84324,
    "cvd_total": -5826.8022599999995,
    "cvd_12bars": -983.35062,
    "long_short_ratio": null
  },
  "ETH": {
    "funding_hr_pct": -0.00017533,
    "open_interest": 575751.2433999997,
    "cvd_total": -11862.528600000005,
    "cvd_12bars": -1959.6031000000007,
    "long_short_ratio": null
  }
}