{
  "BTC": {
    "funding_hr_pct": 0.00125,
    "open_interest": 27579.54518,
    "cvd_total": 3813.3699500000002,
    "cvd_12bars": 371.55478999999997,
    "long_short_ratio": null
  },
  "ETH": {
    "funding_hr_pct": 0.00125,
    "open_interest": 562570.9924000001,
    "cvd_total": 113862.37359999996,
    "cvd_12bars": -848.8145000000004,
    "long_short_ratio": null
  }
}