{
  "BTC": {
    "funding_hr_pct": 0.00125,
    "open_interest": 36741.37224,
    "cvd_total": 8039.823639999993,
    "cvd_12bars": -643.91286,
    "long_short_ratio": null
  },
  "ETH": {
    "funding_hr_pct": 0.00125,
    "open_interest": 758570.3361999996,
    "cvd_total": 144128.39830000003,
    "cvd_12bars": -2812.2329999999997,
    "long_short_ratio": null
  }
}