{
  "BTC": {
    "funding_hr_pct": 0.00125,
    "open_interest": 27319.3389,
    "cvd_total": 9460.955330000003,
    "cvd_12bars": 2474.87089,
    "long_short_ratio": null
  },
  "ETH": {
    "funding_hr_pct": 0.00125,
    "open_interest": 571070.663,
    "cvd_total": 59460.70730000001,
    "cvd_12bars": 7342.971399999999,
    "long_short_ratio": null
  }
}