{
  "BTC": {
    "funding_hr_pct": -0.0008183099999999999,
    "open_interest": 28849.1301,
    "cvd_total": 1037.4115999999997,
    "cvd_12bars": 161.45680000000002,
    "long_short_ratio": null
  },
  "ETH": {
    "funding_hr_pct": 0.00125,
    "open_interest": 555226.3847999995,
    "cvd_total": 3313.490700000003,
    "cvd_12bars": -12842.6063,
    "long_short_ratio": null
  }
}