{
  "BTC": {
    "funding_hr_pct": 0.00125,
    "open_interest": 27099.06058,
    "cvd_total": 279.2346800000008,
    "cvd_12bars": 99.38409000000003,
    "long_short_ratio": null
  },
  "ETH": {
    "funding_hr_pct": 0.0006469000000000001,
    "open_interest": 427353.4470000001,
    "cvd_total": 4660.594000000005,
    "cvd_12bars": -4151.240099999999,
    "long_short_ratio": null
  }
}