{
  "BTC": {
    "funding_hr_pct": 0.00073914,
    "open_interest": 26789.55236,
    "cvd_total": -9289.810969999997,
    "cvd_12bars": 110.20450999999998,
    "long_short_ratio": null
  },
  "ETH": {
    "funding_hr_pct": -0.00027208,
    "open_interest": 568585.6357999995,
    "cvd_total": -32058.794500000007,
    "cvd_12bars": -3582.9342,
    "long_short_ratio": null
  }
}