{
  "BTC": {
    "funding_hr_pct": 0.00013899,
    "open_interest": 31146.2188,
    "cvd_total": 4301.2186100000035,
    "cvd_12bars": -2175.84647,
    "long_short_ratio": null
  },
  "ETH": {
    "funding_hr_pct": -0.00078077,
    "open_interest": 500203.6332,
    "cvd_total": 43166.286099999976,
    "cvd_12bars": -10218.478799999997,
    "long_short_ratio": null
  }
}