{
  "BTC": {
    "funding_hr_pct": 0.00125,
    "open_interest": 26933.24346,
    "cvd_total": -9153.74783999999,
    "cvd_12bars": 507.88242,
    "long_short_ratio": null
  },
  "ETH": {
    "funding_hr_pct": -0.00027891,
    "open_interest": 566315.0469999998,
    "cvd_total": -58862.30569999996,
    "cvd_12bars": 3496.6561000000006,
    "long_short_ratio": null
  }
}