{
  "BTC": {
    "funding_hr_pct": -2.3330000000000002e-05,
    "open_interest": 28371.64622,
    "cvd_total": -3248.4176899999975,
    "cvd_12bars": 141.9978299999999,
    "long_short_ratio": null
  },
  "ETH": {
    "funding_hr_pct": -0.00042693,
    "open_interest": 564750.6064,
    "cvd_total": -126811.55179999994,
    "cvd_12bars": 3024.859300000001,
    "long_short_ratio": null
  }
}