{
  "BTC": {
    "funding_hr_pct": 0.00125,
    "open_interest": 39169.41,
    "cvd_total": 1411.1153099999995,
    "cvd_12bars": 1078.50062,
    "long_short_ratio": null
  },
  "ETH": {
    "funding_hr_pct": 0.00125,
    "open_interest": 964814.846399999,
    "cvd_total": -91034.45219999997,
    "cvd_12bars": 5396.741,
    "long_short_ratio": null
  }
}