{
  "BTC": {
    "funding_hr_pct": 0.00027205999999999997,
    "open_interest": 27935.44878,
    "cvd_total": 5562.634259999997,
    "cvd_12bars": -94.56698000000007,
    "long_short_ratio": null
  },
  "ETH": {
    "funding_hr_pct": 0.00125,
    "open_interest": 562476.2358000001,
    "cvd_total": 61328.54229999996,
    "cvd_12bars": 7442.394499999999,
    "long_short_ratio": null
  }
}