{
  "BTC": {
    "funding_hr_pct": 0.00109402,
    "open_interest": 29856.33756,
    "cvd_total": 1789.6868099999986,
    "cvd_12bars": 468.69578,
    "long_short_ratio": null
  },
  "ETH": {
    "funding_hr_pct": 0.00125,
    "open_interest": 623211.4295999999,
    "cvd_total": 115357.19320000001,
    "cvd_12bars": 6780.860699999999,
    "long_short_ratio": null
  }
}