{
  "BTC": {
    "funding_hr_pct": 0.00027746,
    "open_interest": 25139.43974,
    "cvd_total": 8702.061670000003,
    "cvd_12bars": -101.55689000000008,
    "long_short_ratio": null
  },
  "ETH": {
    "funding_hr_pct": 0.00125,
    "open_interest": 554302.2641999997,
    "cvd_total": 19774.083000000024,
    "cvd_12bars": 3021.228900000001,
    "long_short_ratio": null
  }
}