{
  "BTC": {
    "funding_hr_pct": -0.00012565999999999999,
    "open_interest": 32146.68864,
    "cvd_total": 12233.763060000005,
    "cvd_12bars": -392.24451999999997,
    "long_short_ratio": null
  },
  "ETH": {
    "funding_hr_pct": 0.00125,
    "open_interest": 525654.5076000004,
    "cvd_total": 112225.9718,
    "cvd_12bars": 9283.908200000003,
    "long_short_ratio": null
  }
}