{
  "BTC": {
    "funding_hr_pct": -0.00040228,
    "open_interest": 30001.4503,
    "cvd_total": -7651.436890000001,
    "cvd_12bars": -5786.20945,
    "long_short_ratio": null
  },
  "ETH": {
    "funding_hr_pct": -0.00033067000000000003,
    "open_interest": 790497.9493999999,
    "cvd_total": -196479.00660000005,
    "cvd_12bars": -31206.2579,
    "long_short_ratio": null
  }
}