{
  "BTC": {
    "funding_hr_pct": -0.0011545000000000001,
    "open_interest": 27447.5578,
    "cvd_total": 106.08231000000058,
    "cvd_12bars": -3333.6427400000002,
    "long_short_ratio": null
  },
  "ETH": {
    "funding_hr_pct": -0.00105385,
    "open_interest": 551722.6496000001,
    "cvd_total": -58487.97249999999,
    "cvd_12bars": -41274.6625,
    "long_short_ratio": null
  }
}