{
  "BTC": {
    "funding_hr_pct": 0.0003665,
    "open_interest": 27630.36534,
    "cvd_total": -1096.7705500000025,
    "cvd_12bars": 1138.40347,
    "long_short_ratio": null
  },
  "ETH": {
    "funding_hr_pct": -0.00037154,
    "open_interest": 575527.4088000003,
    "cvd_total": -2379.340900000013,
    "cvd_12bars": 42207.7241,
    "long_short_ratio": null
  }
}