{
  "BTC": {
    "funding_hr_pct": -0.00185561,
    "open_interest": 28513.2737,
    "cvd_total": -2286.845719999997,
    "cvd_12bars": 978.0395799999999,
    "long_short_ratio": null
  },
  "ETH": {
    "funding_hr_pct": -0.00026042,
    "open_interest": 555149.2565999997,
    "cvd_total": -127737.36879999997,
    "cvd_12bars": -8373.5197,
    "long_short_ratio": null
  }
}