{
  "BTC": {
    "funding_hr_pct": 0.0006374400000000001,
    "open_interest": 31709.124,
    "cvd_total": 4511.6835999999985,
    "cvd_12bars": 1409.6766899999998,
    "long_short_ratio": null
  },
  "ETH": {
    "funding_hr_pct": -0.0005825,
    "open_interest": 695612.158,
    "cvd_total": -33020.2157,
    "cvd_12bars": -4459.7942,
    "long_short_ratio": null
  }
}