{
  "BTC": {
    "funding_hr_pct": -0.00162522,
    "open_interest": 29107.1518,
    "cvd_total": 6108.790139999998,
    "cvd_12bars": 2548.23881,
    "long_short_ratio": null
  },
  "ETH": {
    "funding_hr_pct": 0.00125,
    "open_interest": 525672.9817999996,
    "cvd_total": 47906.3378,
    "cvd_12bars": 18356.3818,
    "long_short_ratio": null
  }
}