{
  "BTC": {
    "funding_hr_pct": -0.00090694,
    "open_interest": 29012.19014,
    "cvd_total": 1039.6421599999999,
    "cvd_12bars": 1314.47262,
    "long_short_ratio": null
  },
  "ETH": {
    "funding_hr_pct": 0.00125,
    "open_interest": 586954.7108,
    "cvd_total": -16849.3307,
    "cvd_12bars": 5602.7444000000005,
    "long_short_ratio": null
  }
}