{
  "BTC": {
    "funding_hr_pct": 0.00093251,
    "open_interest": 26850.6603,
    "cvd_total": -6743.948740000001,
    "cvd_12bars": 193.79821999999993,
    "long_short_ratio": null
  },
  "ETH": {
    "funding_hr_pct": -0.0005021600000000001,
    "open_interest": 570978.6998,
    "cvd_total": -33159.098800000014,
    "cvd_12bars": -2360.622999999999,
    "long_short_ratio": null
  }
}