{
  "BTC": {
    "funding_hr_pct": -1.0840000000000001e-05,
    "open_interest": 27407.74108,
    "cvd_total": -2421.3575100000025,
    "cvd_12bars": 200.4715,
    "long_short_ratio": null
  },
  "ETH": {
    "funding_hr_pct": -0.00026456,
    "open_interest": 592549.5833999998,
    "cvd_total": -125226.36829999997,
    "cvd_12bars": -3391.420000000001,
    "long_short_ratio": null
  }
}