{
  "BTC": {
    "funding_hr_pct": 0.00125,
    "open_interest": 36344.4672,
    "cvd_total": 2111.857009999999,
    "cvd_12bars": 337.38393,
    "long_short_ratio": null
  },
  "ETH": {
    "funding_hr_pct": 0.00125,
    "open_interest": 1027132.5024000001,
    "cvd_total": -67408.80870000004,
    "cvd_12bars": 5560.264099999999,
    "long_short_ratio": null
  }
}