{
  "BTC": {
    "funding_hr_pct": 0.0007791800000000001,
    "open_interest": 29142.19878,
    "cvd_total": 2879.5514999999978,
    "cvd_12bars": 121.59103000000002,
    "long_short_ratio": null
  },
  "ETH": {
    "funding_hr_pct": 0.00125,
    "open_interest": 540053.024,
    "cvd_total": 6755.606099999999,
    "cvd_12bars": 10886.4676,
    "long_short_ratio": null
  }
}