{
  "BTC": {
    "funding_hr_pct": 0.00118797,
    "open_interest": 30945.6251,
    "cvd_total": -3114.3719199999996,
    "cvd_12bars": -1784.44922,
    "long_short_ratio": null
  },
  "ETH": {
    "funding_hr_pct": 0.00125,
    "open_interest": 637233.0233999996,
    "cvd_total": 145.61390000003667,
    "cvd_12bars": -4094.611799999997,
    "long_short_ratio": null
  }
}