{
  "BTC": {
    "funding_hr_pct": 0.00125,
    "open_interest": 37130.5383,
    "cvd_total": 3024.189800000003,
    "cvd_12bars": -3.94816000000003,
    "long_short_ratio": null
  },
  "ETH": {
    "funding_hr_pct": 0.00125,
    "open_interest": 770459.4287999996,
    "cvd_total": 120900.09769999997,
    "cvd_12bars": 54782.62109999999,
    "long_short_ratio": null
  }
}