{
  "BTC": {
    "funding_hr_pct": 0.00125,
    "open_interest": 38459.71858,
    "cvd_total": -5231.379499999998,
    "cvd_12bars": -950.6525700000002,
    "long_short_ratio": null
  },
  "ETH": {
    "funding_hr_pct": 0.00125,
    "open_interest": 801591.5125999999,
    "cvd_total": -78990.35029999995,
    "cvd_12bars": -12780.9234,
    "long_short_ratio": null
  }
}