{
  "BTC": {
    "funding_hr_pct": 0.00125,
    "open_interest": 31960.45782,
    "cvd_total": 4968.154069999999,
    "cvd_12bars": 2433.1991399999997,
    "long_short_ratio": null
  },
  "ETH": {
    "funding_hr_pct": 0.00125,
    "open_interest": 559786.1118000004,
    "cvd_total": 104130.195,
    "cvd_12bars": 10943.428700000004,
    "long_short_ratio": null
  }
}