{
  "BTC": {
    "funding_hr_pct": -0.00142635,
    "open_interest": 29658.87374,
    "cvd_total": 7920.309590000001,
    "cvd_12bars": 8388.90422,
    "long_short_ratio": null
  },
  "ETH": {
    "funding_hr_pct": -0.00046292999999999996,
    "open_interest": 555711.0672,
    "cvd_total": 83215.48169999999,
    "cvd_12bars": 70183.1654,
    "long_short_ratio": null
  }
}