{
  "BTC": {
    "funding_hr_pct": 0.00011166,
    "open_interest": 40469.2035,
    "cvd_total": 3148.4144800000004,
    "cvd_12bars": 2402.10306,
    "long_short_ratio": null
  },
  "ETH": {
    "funding_hr_pct": 0.00125,
    "open_interest": 1004419.6086000005,
    "cvd_total": 59455.41760000001,
    "cvd_12bars": 39009.5601,
    "long_short_ratio": null
  }
}