{
  "BTC": {
    "funding_hr_pct": 0.00057373,
    "open_interest": 26966.17122,
    "cvd_total": 3622.1820700000003,
    "cvd_12bars": 548.2836599999999,
    "long_short_ratio": null
  },
  "ETH": {
    "funding_hr_pct": 0.00125,
    "open_interest": 557835.2999999995,
    "cvd_total": 61389.7481,
    "cvd_12bars": 3655.8582000000006,
    "long_short_ratio": null
  }
}