{
  "BTC": {
    "funding_hr_pct": 0.00045920999999999994,
    "open_interest": 27225.00478,
    "cvd_total": -2095.4943600000015,
    "cvd_12bars": -870.85115,
    "long_short_ratio": null
  },
  "ETH": {
    "funding_hr_pct": 0.0008335099999999999,
    "open_interest": 432824.2817999998,
    "cvd_total": -27191.358999999982,
    "cvd_12bars": -1312.906300000001,
    "long_short_ratio": null
  }
}