{
  "BTC": {
    "funding_hr_pct": 0.00044263999999999995,
    "open_interest": 28529.91394,
    "cvd_total": -2641.161329999999,
    "cvd_12bars": 372.98088,
    "long_short_ratio": null
  },
  "ETH": {
    "funding_hr_pct": 0.0005314499999999999,
    "open_interest": 565609.541,
    "cvd_total": -122074.2341,
    "cvd_12bars": -1157.6229999999998,
    "long_short_ratio": null
  }
}