{
  "BTC": {
    "funding_hr_pct": 0.0007293499999999999,
    "open_interest": 26434.46592,
    "cvd_total": -1756.55069,
    "cvd_12bars": 2179.6115999999997,
    "long_short_ratio": null
  },
  "ETH": {
    "funding_hr_pct": 0.00120509,
    "open_interest": 489644.4508,
    "cvd_total": -68439.84640000002,
    "cvd_12bars": 26057.427200000006,
    "long_short_ratio": null
  }
}