{
  "BTC": {
    "funding_hr_pct": 0.00082396,
    "open_interest": 25974.2238,
    "cvd_total": -652.91301,
    "cvd_12bars": 3380.0518500000007,
    "long_short_ratio": null
  },
  "ETH": {
    "funding_hr_pct": -0.00118107,
    "open_interest": 560925.5473999998,
    "cvd_total": -157627.5591,
    "cvd_12bars": -21401.652400000003,
    "long_short_ratio": null
  }
}