{
  "BTC": {
    "funding_hr_pct": -0.00141061,
    "open_interest": 28519.77956,
    "cvd_total": -3961.16339,
    "cvd_12bars": -1004.87861,
    "long_short_ratio": null
  },
  "ETH": {
    "funding_hr_pct": 0.00028081,
    "open_interest": 559475.4523999995,
    "cvd_total": -130980.4334,
    "cvd_12bars": -3619.2154,
    "long_short_ratio": null
  }
}