{
  "BTC": {
    "funding_hr_pct": 0.00125,
    "open_interest": 25826.14692,
    "cvd_total": -5483.985990000002,
    "cvd_12bars": 920.9202600000001,
    "long_short_ratio": null
  },
  "ETH": {
    "funding_hr_pct": -6.0500000000000005e-06,
    "open_interest": 563930.4502,
    "cvd_total": -53658.60109999995,
    "cvd_12bars": 11561.461399999998,
    "long_short_ratio": null
  }
}