{
  "BTC": {
    "funding_hr_pct": 0.00049196,
    "open_interest": 30094.96252,
    "cvd_total": 1617.5039600000005,
    "cvd_12bars": 362.24464,
    "long_short_ratio": null
  },
  "ETH": {
    "funding_hr_pct": 0.00078788,
    "open_interest": 521363.1261999996,
    "cvd_total": -40005.04220000001,
    "cvd_12bars": -7009.7399,
    "long_short_ratio": null
  }
}