{
  "BTC": {
    "funding_hr_pct": 0.00012046000000000001,
    "open_interest": 27333.82374,
    "cvd_total": -4006.393849999996,
    "cvd_12bars": 2134.3117100000004,
    "long_short_ratio": null
  },
  "ETH": {
    "funding_hr_pct": -9.387e-05,
    "open_interest": 576486.9450000011,
    "cvd_total": -28875.760899999997,
    "cvd_12bars": 29969.4984,
    "long_short_ratio": null
  }
}