{
  "BTC": {
    "funding_hr_pct": 0.00064834,
    "open_interest": 29084.61018,
    "cvd_total": -3867.517670000001,
    "cvd_12bars": -1853.6396700000003,
    "long_short_ratio": null
  },
  "ETH": {
    "funding_hr_pct": 0.00125,
    "open_interest": 586405.7918,
    "cvd_total": -69129.5661,
    "cvd_12bars": -22024.502399999998,
    "long_short_ratio": null
  }
}