{
  "BTC": {
    "funding_hr_pct": 0.00125,
    "open_interest": 27334.0845999999,
    "cvd_total": -7318.373740000003,
    "cvd_12bars": -1328.00277,
    "long_short_ratio": null
  },
  "ETH": {
    "funding_hr_pct": 0.00120155,
    "open_interest": 579864.486,
    "cvd_total": -40226.3067,
    "cvd_12bars": -31365.9715,
    "long_short_ratio": null
  }
}