{
  "BTC": {
    "funding_hr_pct": 0.00015664,
    "open_interest": 27377.71284,
    "cvd_total": -3285.5831600000024,
    "cvd_12bars": -345.8265600000001,
    "long_short_ratio": null
  },
  "ETH": {
    "funding_hr_pct": -0.00063257,
    "open_interest": 597745.064,
    "cvd_total": -110273.0773,
    "cvd_12bars": 4755.649200000001,
    "long_short_ratio": null
  }
}