{
  "BTC": {
    "funding_hr_pct": -0.00068128,
    "open_interest": 28901.5611,
    "cvd_total": -6013.029770000001,
    "cvd_12bars": -851.83039,
    "long_short_ratio": null
  },
  "ETH": {
    "funding_hr_pct": 0.0007185,
    "open_interest": 568855.0650000001,
    "cvd_total": -126316.92340000004,
    "cvd_12bars": 7901.4798,
    "long_short_ratio": null
  }
}