{
  "BTC": {
    "funding_hr_pct": 0.00072256,
    "open_interest": 27110.09062,
    "cvd_total": -6620.831890000001,
    "cvd_12bars": 583.1009500000001,
    "long_short_ratio": null
  },
  "ETH": {
    "funding_hr_pct": -0.00024033,
    "open_interest": 573653.972400001,
    "cvd_total": -31160.566700000014,
    "cvd_12bars": -3804.5340999999994,
    "long_short_ratio": null
  }
}