{
  "BTC": {
    "funding_hr_pct": 0.00125,
    "open_interest": 35792.51384,
    "cvd_total": 3619.7448000000027,
    "cvd_12bars": -114.76492999999998,
    "long_short_ratio": null
  },
  "ETH": {
    "funding_hr_pct": 0.00125,
    "open_interest": 785609.2419999994,
    "cvd_total": 9827.855999999994,
    "cvd_12bars": 5262.2047,
    "long_short_ratio": null
  }
}