{
  "BTC": {
    "funding_hr_pct": 0.00125,
    "open_interest": 28615.1808,
    "cvd_total": -220.08019000000021,
    "cvd_12bars": 115.74045999999996,
    "long_short_ratio": null
  },
  "ETH": {
    "funding_hr_pct": 0.00125,
    "open_interest": 527616.999,
    "cvd_total": 1208.2988000000023,
    "cvd_12bars": -4613.903,
    "long_short_ratio": null
  }
}