{
  "BTC": {
    "funding_hr_pct": 0.00082443,
    "open_interest": 24913.75734,
    "cvd_total": 2587.9019099999964,
    "cvd_12bars": -505.42642000000006,
    "long_short_ratio": null
  },
  "ETH": {
    "funding_hr_pct": 0.00095279,
    "open_interest": 594492.4084000001,
    "cvd_total": 80056.23299999993,
    "cvd_12bars": -19005.5177,
    "long_short_ratio": null
  }
}