{
  "BTC": {
    "funding_hr_pct": 0.00010598,
    "open_interest": 27655.9484,
    "cvd_total": 8171.192689999998,
    "cvd_12bars": 4298.64613,
    "long_short_ratio": null
  },
  "ETH": {
    "funding_hr_pct": -0.0006038700000000001,
    "open_interest": 414580.9502000001,
    "cvd_total": -24080.005300000004,
    "cvd_12bars": 7700.743899999991,
    "long_short_ratio": null
  }
}