{
  "BTC": {
    "funding_hr_pct": 8.035e-05,
    "open_interest": 30582.00932,
    "cvd_total": -16565.528639999997,
    "cvd_12bars": -1960.8153200000002,
    "long_short_ratio": null
  },
  "ETH": {
    "funding_hr_pct": 0.00048396,
    "open_interest": 620257.3638000004,
    "cvd_total": -147429.27890000003,
    "cvd_12bars": -1909.0929999999998,
    "long_short_ratio": null
  }
}