{
  "BTC": {
    "funding_hr_pct": 0.00125,
    "open_interest": 28794.11118,
    "cvd_total": 680.7634899999997,
    "cvd_12bars": 264.1089099999999,
    "long_short_ratio": null
  },
  "ETH": {
    "funding_hr_pct": 0.00125,
    "open_interest": 534060.4046000006,
    "cvd_total": -7294.426500000012,
    "cvd_12bars": 1062.3574999999998,
    "long_short_ratio": null
  }
}