{
  "BTC": {
    "funding_hr_pct": 0.00125,
    "open_interest": 29835.91058,
    "cvd_total": -612.9412100000011,
    "cvd_12bars": 539.3299900000001,
    "long_short_ratio": null
  },
  "ETH": {
    "funding_hr_pct": 0.00125,
    "open_interest": 592267.4446000002,
    "cvd_total": -18555.517599999992,
    "cvd_12bars": 23418.5981,
    "long_short_ratio": null
  }
}