{
  "BTC": {
    "funding_hr_pct": 0.00125,
    "open_interest": 29876.34636,
    "cvd_total": -3287.4351100000026,
    "cvd_12bars": 761.46479,
    "long_short_ratio": null
  },
  "ETH": {
    "funding_hr_pct": 0.00125,
    "open_interest": 538073.1232,
    "cvd_total": -100838.7642,
    "cvd_12bars": -2581.7587,
    "long_short_ratio": null
  }
}