{
  "BTC": {
    "funding_hr_pct": 0.00125,
    "open_interest": 27380.44724,
    "cvd_total": -4854.455619999997,
    "cvd_12bars": 1301.7327,
    "long_short_ratio": null
  },
  "ETH": {
    "funding_hr_pct": 0.00125,
    "open_interest": 583442.2459999995,
    "cvd_total": 37083.7315,
    "cvd_12bars": 31787.197500000002,
    "long_short_ratio": null
  }
}