{
  "BTC": {
    "funding_hr_pct": -0.00109188,
    "open_interest": 27309.72602,
    "cvd_total": 1386.8111400000007,
    "cvd_12bars": 562.2311100000001,
    "long_short_ratio": null
  },
  "ETH": {
    "funding_hr_pct": -3.985e-05,
    "open_interest": 560442.227,
    "cvd_total": -21262.239399999995,
    "cvd_12bars": 2691.7128999999995,
    "long_short_ratio": null
  }
}