{
  "BTC": {
    "funding_hr_pct": -0.00118607,
    "open_interest": 26599.1945,
    "cvd_total": -4512.138280000004,
    "cvd_12bars": -346.44948,
    "long_short_ratio": null
  },
  "ETH": {
    "funding_hr_pct": -0.00136306,
    "open_interest": 543135.5476,
    "cvd_total": -136005.42509999996,
    "cvd_12bars": -22091.413,
    "long_short_ratio": null
  }
}