{
  "BTC": {
    "funding_hr_pct": 0.00125,
    "open_interest": 36353.24578,
    "cvd_total": 14176.370269999996,
    "cvd_12bars": -208.97108000000003,
    "long_short_ratio": null
  },
  "ETH": {
    "funding_hr_pct": 0.00125,
    "open_interest": 927239.7623999995,
    "cvd_total": 78876.08150000001,
    "cvd_12bars": 4077.2143000000005,
    "long_short_ratio": null
  }
}