{
  "BTC": {
    "funding_hr_pct": 0.00125,
    "open_interest": 28490.02094,
    "cvd_total": -14686.62939,
    "cvd_12bars": 1951.5420200000003,
    "long_short_ratio": null
  },
  "ETH": {
    "funding_hr_pct": 0.00125,
    "open_interest": 582855.0678000005,
    "cvd_total": -269107.06120000005,
    "cvd_12bars": 72908.21860000001,
    "long_short_ratio": null
  }
}