{
  "BTC": {
    "funding_hr_pct": -0.00020534,
    "open_interest": 27746.9263,
    "cvd_total": 765.354300000001,
    "cvd_12bars": -1803.38044,
    "long_short_ratio": null
  },
  "ETH": {
    "funding_hr_pct": 0.0006126700000000001,
    "open_interest": 559209.6854000001,
    "cvd_total": -20553.28849999999,
    "cvd_12bars": -49354.958300000006,
    "long_short_ratio": null
  }
}