{
  "BTC": {
    "funding_hr_pct": 0.00125,
    "open_interest": 26846.64468,
    "cvd_total": -7171.093880000001,
    "cvd_12bars": 73.6782699999998,
    "long_short_ratio": null
  },
  "ETH": {
    "funding_hr_pct": 0.00013779,
    "open_interest": 577499.2694000001,
    "cvd_total": -38513.539600000004,
    "cvd_12bars": -8062.6942999999965,
    "long_short_ratio": null
  }
}