{
  "BTC": {
    "funding_hr_pct": -0.00044928000000000004,
    "open_interest": 29440.1081,
    "cvd_total": 4471.34608,
    "cvd_12bars": 2443.83359,
    "long_short_ratio": null
  },
  "ETH": {
    "funding_hr_pct": 0.00125,
    "open_interest": 512583.3672000004,
    "cvd_total": -14652.175700000029,
    "cvd_12bars": 20093.5726,
    "long_short_ratio": null
  }
}