{
  "BTC": {
    "funding_hr_pct": 0.00125,
    "open_interest": 36138.012,
    "cvd_total": -3133.741499999998,
    "cvd_12bars": -457.7732100000001,
    "long_short_ratio": null
  },
  "ETH": {
    "funding_hr_pct": 0.00125,
    "open_interest": 886855.3472000001,
    "cvd_total": -88555.68239999996,
    "cvd_12bars": 25530.273400000002,
    "long_short_ratio": null
  }
}