{
  "BTC": {
    "funding_hr_pct": 0.00125,
    "open_interest": 26050.41532,
    "cvd_total": 725.6444799999989,
    "cvd_12bars": 559.4237499999999,
    "long_short_ratio": null
  },
  "ETH": {
    "funding_hr_pct": 0.00018748000000000001,
    "open_interest": 575929.6838,
    "cvd_total": 12343.131599999948,
    "cvd_12bars": -23625.7762,
    "long_short_ratio": null
  }
}