{
  "BTC": {
    "funding_hr_pct": 9.028999999999999e-05,
    "open_interest": 25878.60794,
    "cvd_total": -2193.764250000005,
    "cvd_12bars": 610.6961,
    "long_short_ratio": null
  },
  "ETH": {
    "funding_hr_pct": -0.0012150800000000001,
    "open_interest": 422636.8638,
    "cvd_total": -62781.241499999924,
    "cvd_12bars": 11111.8509,
    "long_short_ratio": null
  }
}