{
  "BTC": {
    "funding_hr_pct": -0.00140526,
    "open_interest": 30399.17378,
    "cvd_total": -4502.708820000003,
    "cvd_12bars": 1282.7606600000004,
    "long_short_ratio": null
  },
  "ETH": {
    "funding_hr_pct": 0.00125,
    "open_interest": 757367.0190000008,
    "cvd_total": -104298.63889999996,
    "cvd_12bars": -610.5432000000003,
    "long_short_ratio": null
  }
}