{
  "BTC": {
    "funding_hr_pct": 0.0006906799999999999,
    "open_interest": 26679.79266,
    "cvd_total": 3128.22368,
    "cvd_12bars": -1182.5733100000002,
    "long_short_ratio": null
  },
  "ETH": {
    "funding_hr_pct": -0.00051004,
    "open_interest": 431759.3776,
    "cvd_total": -39155.527599999994,
    "cvd_12bars": -9116.846200000002,
    "long_short_ratio": null
  }
}