{
  "BTC": {
    "funding_hr_pct": 0.00125,
    "open_interest": 27931.3244,
    "cvd_total": 1464.135739999998,
    "cvd_12bars": -728.13764,
    "long_short_ratio": null
  },
  "ETH": {
    "funding_hr_pct": -0.0014699,
    "open_interest": 429666.7856000001,
    "cvd_total": -53932.38409999997,
    "cvd_12bars": -18468.397200000007,
    "long_short_ratio": null
  }
}