{
  "BTC": {
    "funding_hr_pct": 0.00086469,
    "open_interest": 28044.87392,
    "cvd_total": -892.6239800000006,
    "cvd_12bars": -181.04384000000002,
    "long_short_ratio": null
  },
  "ETH": {
    "funding_hr_pct": 0.00125,
    "open_interest": 589160.3344000005,
    "cvd_total": -33795.43830000004,
    "cvd_12bars": 2903.9107000000004,
    "long_short_ratio": null
  }
}