{
  "BTC": {
    "funding_hr_pct": -0.0006248899999999999,
    "open_interest": 33713.48148,
    "cvd_total": -2230.1005900000005,
    "cvd_12bars": -2013.49161,
    "long_short_ratio": null
  },
  "ETH": {
    "funding_hr_pct": -0.00153093,
    "open_interest": 727151.987,
    "cvd_total": -1130.6116000000006,
    "cvd_12bars": -12168.2347,
    "long_short_ratio": null
  }
}