{
  "BTC": {
    "funding_hr_pct": -0.0004885299999999999,
    "open_interest": 29371.79088,
    "cvd_total": 5677.009769999998,
    "cvd_12bars": 427.75368000000003,
    "long_short_ratio": null
  },
  "ETH": {
    "funding_hr_pct": 0.00125,
    "open_interest": 546566.9770000012,
    "cvd_total": 48429.9472,
    "cvd_12bars": 14590.163600000002,
    "long_short_ratio": null
  }
}