{
  "BTC": {
    "funding_hr_pct": 0.00125,
    "open_interest": 27186.36664,
    "cvd_total": -6148.749920000002,
    "cvd_12bars": -6283.153690000001,
    "long_short_ratio": null
  },
  "ETH": {
    "funding_hr_pct": 0.00125,
    "open_interest": 581437.1996000002,
    "cvd_total": -266008.99450000003,
    "cvd_12bars": -151692.2854,
    "long_short_ratio": null
  }
}