{
  "BTC": {
    "funding_hr_pct": 0.00027692,
    "open_interest": 27888.17568,
    "cvd_total": 10192.033450000003,
    "cvd_12bars": -792.75276,
    "long_short_ratio": null
  },
  "ETH": {
    "funding_hr_pct": 0.0006867399999999999,
    "open_interest": 435578.7104000002,
    "cvd_total": 72843.07669999998,
    "cvd_12bars": -23816.14,
    "long_short_ratio": null
  }
}