{
  "BTC": {
    "funding_hr_pct": 0.00125,
    "open_interest": 34895.95918,
    "cvd_total": 1255.3901200000012,
    "cvd_12bars": 694.8992499999999,
    "long_short_ratio": null
  },
  "ETH": {
    "funding_hr_pct": 0.00125,
    "open_interest": 772594.3946000005,
    "cvd_total": 156676.82040000006,
    "cvd_12bars": 11464.664199999997,
    "long_short_ratio": null
  }
}