{
  "BTC": {
    "funding_hr_pct": -0.0014839599999999999,
    "open_interest": 27474.71208,
    "cvd_total": -510.3139200000006,
    "cvd_12bars": -685.53891,
    "long_short_ratio": null
  },
  "ETH": {
    "funding_hr_pct": 0.00125,
    "open_interest": 572586.6284000002,
    "cvd_total": 60255.836800000056,
    "cvd_12bars": -10534.072400000001,
    "long_short_ratio": null
  }
}