{
  "BTC": {
    "funding_hr_pct": 0.00125,
    "open_interest": 27623.05518,
    "cvd_total": 5940.928400000001,
    "cvd_12bars": 2314.22835,
    "long_short_ratio": null
  },
  "ETH": {
    "funding_hr_pct": 0.00125,
    "open_interest": 582653.9804,
    "cvd_total": -41529.42350000002,
    "cvd_12bars": 17835.7708,
    "long_short_ratio": null
  }
}