{
  "BTC": {
    "funding_hr_pct": 0.00125,
    "open_interest": 26021.19832,
    "cvd_total": -2144.488120000001,
    "cvd_12bars": -2707.92325,
    "long_short_ratio": null
  },
  "ETH": {
    "funding_hr_pct": 0.00048537,
    "open_interest": 567957.1789999995,
    "cvd_total": -20112.021600000062,
    "cvd_12bars": -25957.1423,
    "long_short_ratio": null
  }
}