{
  "BTC": {
    "funding_hr_pct": -0.00052504,
    "open_interest": 30406.90936,
    "cvd_total": 1749.4760100000003,
    "cvd_12bars": 2638.8539,
    "long_short_ratio": null
  },
  "ETH": {
    "funding_hr_pct": 0.00125,
    "open_interest": 539300.8444,
    "cvd_total": 11234.463,
    "cvd_12bars": 3386.024599999997,
    "long_short_ratio": null
  }
}