{
  "BTC": {
    "funding_hr_pct": -0.0008550500000000001,
    "open_interest": 27518.5032,
    "cvd_total": -9049.012150000006,
    "cvd_12bars": -492.72610000000026,
    "long_short_ratio": null
  },
  "ETH": {
    "funding_hr_pct": -0.00031302,
    "open_interest": 581360.6276,
    "cvd_total": -258099.39460000003,
    "cvd_12bars": -12496.214100000001,
    "long_short_ratio": null
  }
}