{
  "BTC": {
    "funding_hr_pct": 0.00125,
    "open_interest": 38054.38616,
    "cvd_total": -3447.30913,
    "cvd_12bars": 509.12359,
    "long_short_ratio": null
  },
  "ETH": {
    "funding_hr_pct": 0.00125,
    "open_interest": 798184.0270000005,
    "cvd_total": -58593.46979999994,
    "cvd_12bars": 4311.103400000003,
    "long_short_ratio": null
  }
}