{
  "BTC": {
    "funding_hr_pct": 0.00125,
    "open_interest": 36495.08344,
    "cvd_total": 4102.896670000001,
    "cvd_12bars": 803.01436,
    "long_short_ratio": null
  },
  "ETH": {
    "funding_hr_pct": -2.1360000000000002e-05,
    "open_interest": 1027768.4331999994,
    "cvd_total": 6437.6253000000115,
    "cvd_12bars": 937.8973999999996,
    "long_short_ratio": null
  }
}