{
  "BTC": {
    "funding_hr_pct": 0.00104274,
    "open_interest": 27251.42444,
    "cvd_total": -4078.6242199999997,
    "cvd_12bars": -4309.16844,
    "long_short_ratio": null
  },
  "ETH": {
    "funding_hr_pct": -0.00018307,
    "open_interest": 418434.4148000001,
    "cvd_total": -26210.120199999994,
    "cvd_12bars": -78678.8803,
    "long_short_ratio": null
  }
}