{
  "BTC": {
    "funding_hr_pct": 0.00036700999999999997,
    "open_interest": 28676.87478,
    "cvd_total": -283.2989000000002,
    "cvd_12bars": -519.06491,
    "long_short_ratio": null
  },
  "ETH": {
    "funding_hr_pct": 0.00039740000000000006,
    "open_interest": 560497.1878000001,
    "cvd_total": -16097.510599999985,
    "cvd_12bars": 5794.701600000002,
    "long_short_ratio": null
  }
}