{
  "BTC": {
    "funding_hr_pct": 0.00125,
    "open_interest": 36143.38696,
    "cvd_total": -2380.2792599999993,
    "cvd_12bars": 12.822700000000015,
    "long_short_ratio": null
  },
  "ETH": {
    "funding_hr_pct": 0.00125,
    "open_interest": 885668.8594000011,
    "cvd_total": -101175.8156,
    "cvd_12bars": 8400.879500000001,
    "long_short_ratio": null
  }
}