{
  "BTC": {
    "funding_hr_pct": 0.00125,
    "open_interest": 35203.94012,
    "cvd_total": 4910.328630000001,
    "cvd_12bars": 68.43191999999999,
    "long_short_ratio": null
  },
  "ETH": {
    "funding_hr_pct": 0.00125,
    "open_interest": 774397.6920000003,
    "cvd_total": 17920.443100000022,
    "cvd_12bars": -17414.0267,
    "long_short_ratio": null
  }
}