{
  "BTC": {
    "funding_hr_pct": -0.00069625,
    "open_interest": 29060.69866,
    "cvd_total": 6146.864750000001,
    "cvd_12bars": 547.68427,
    "long_short_ratio": null
  },
  "ETH": {
    "funding_hr_pct": 0.00099795,
    "open_interest": 548941.6111999998,
    "cvd_total": -4943.958499999993,
    "cvd_12bars": 36228.7007,
    "long_short_ratio": null
  }
}