{
  "BTC": {
    "funding_hr_pct": -6.112999999999999e-05,
    "open_interest": 27796.03202,
    "cvd_total": 4399.834879999998,
    "cvd_12bars": 1011.4596200000001,
    "long_short_ratio": null
  },
  "ETH": {
    "funding_hr_pct": 0.00041212999999999997,
    "open_interest": 556929.4226000004,
    "cvd_total": 41432.45529999999,
    "cvd_12bars": -8476.089,
    "long_short_ratio": null
  }
}